country,country_code,year,region,population,gdp_per_capita,health_expenditure_per_capita,health_expenditure_per_capita_lag2,child_mortality_rate
Afghanistan,AFG,2000,Asia,20130334.0,1617.8264,,,13.170724
Afghanistan,AFG,2001,Asia,20284303.0,1454.1108,,,12.747986
Afghanistan,AFG,2002,Asia,21378123.0,1774.3087,85.8575,,12.307344
Afghanistan,AFG,2003,Asia,22733053.0,1815.9282,85.93302,,11.85475
Afghanistan,AFG,2004,Asia,23560656.0,1776.9182,93.93581,85.8575,11.394402
Afghanistan,AFG,2005,Asia,24404575.0,1908.1147,105.927704,85.93302,10.932936
Afghanistan,AFG,2006,Asia,25424100.0,1929.7239,118.40582,93.93581,10.480778
Afghanistan,AFG,2007,Asia,25909852.0,2155.353,112.257675,105.927704,10.037432
Afghanistan,AFG,2008,Asia,26482631.0,2191.5044,137.44968,118.40582,9.608691
Afghanistan,AFG,2009,Asia,27466102.0,2565.022,153.09306,112.257675,9.188071
Afghanistan,AFG,2010,Asia,28284088.0,2848.5862,148.28574,137.44968,8.795671
Afghanistan,AFG,2011,Asia,29347708.0,2757.0525,146.84439,153.09306,8.429322
Afghanistan,AFG,2012,Asia,30560036.0,2985.319,157.76176,148.28574,8.08145
Afghanistan,AFG,2013,Asia,31622709.0,3046.5798,184.22629,146.84439,7.75975
Afghanistan,AFG,2014,Asia,32792528.0,3017.9426,213.15266,157.76176,7.461407
Afghanistan,AFG,2015,Asia,33831767.0,2967.6921,231.53366,184.22629,7.189843
Afghanistan,AFG,2016,Asia,34700613.0,2958.7854,261.56686,213.15266,6.9371886
Afghanistan,AFG,2017,Asia,35688941.0,2952.999,294.79645,231.53366,6.7070565
Afghanistan,AFG,2018,Asia,36743040.0,2902.392,345.58795,261.56686,6.4823203
Afghanistan,AFG,2019,Asia,37856125.0,2927.245,383.1649,294.79645,6.2715735
Afghanistan,AFG,2020,Asia,39068977.0,2769.6858,401.16333,345.58795,6.069232
Afghanistan,AFG,2021,Asia,40000410.0,2144.1665,461.17685,383.1649,5.871167
Albania,ALB,2000,Europe,3166147.0,6581.9893,223.93237,,2.696884
Albania,ALB,2001,Europe,3147943.0,7232.9604,247.7545,,2.562395
Albania,ALB,2002,Europe,3134095.0,7590.4585,257.05124,223.93237,2.425755
Albania,ALB,2003,Europe,3118093.0,8025.248,288.15088,247.7545,2.2851853
Albania,ALB,2004,Europe,3098662.0,8483.259,312.49612,257.05124,2.1413248
Albania,ALB,2005,Europe,3076156.0,8964.281,328.99115,288.15088,1.9959201
Albania,ALB,2006,Europe,3050805.0,9563.989,362.74875,312.49612,1.8509719
Albania,ALB,2007,Europe,3022887.0,10262.924,424.16708,328.99115,1.7103382
Albania,ALB,2008,Europe,2992933.0,11056.306,446.3907,362.74875,1.5764067
Albania,ALB,2009,Europe,2961487.0,11430.574,507.54532,424.16708,1.4486812
Albania,ALB,2010,Europe,2928731.0,11829.004,597.19324,446.3907,1.328033
Albania,ALB,2011,Europe,2911499.0,12153.063,629.7737,507.54532,1.2172532
Albania,ALB,2012,Europe,2910003.0,12463.519,646.01044,597.19324,1.1220986
Albania,ALB,2013,Europe,2907571.0,12873.43,661.3099,629.7737,1.0477153
Albania,ALB,2014,Europe,2903748.0,13366.504,720.823,646.01044,0.99348176
Albania,ALB,2015,Europe,2898634.0,13876.762,749.18506,661.3099,0.9586263
Albania,ALB,2016,Europe,2897868.0,14643.429,806.7209,720.823,0.9400753
Albania,ALB,2017,Europe,2898245.0,15359.397,832.9559,749.18506,0.9336307
Albania,ALB,2018,Europe,2894229.0,16170.924,891.4514,806.7209,0.93443143
Albania,ALB,2019,Europe,2885011.0,16761.123,992.4126,832.9559,0.93866694
Albania,ALB,2020,Europe,2871950.0,16457.719,1070.4746,891.4514,0.9435272
Albania,ALB,2021,Europe,2849641.0,18212.795,1170.7896,992.4126,0.94568324
Algeria,DZA,2000,Africa,30903894.0,11558.221,295.3427,,4.1693606
Algeria,DZA,2001,Africa,31331226.0,11742.595,337.48615,,4.016539
Algeria,DZA,2002,Africa,31750832.0,12213.126,346.92926,295.3427,3.859101
Algeria,DZA,2003,Africa,32175813.0,12835.182,359.26645,337.48615,3.700156
Algeria,DZA,2004,Africa,32628286.0,13226.765,376.13736,346.92926,3.5430257
Algeria,DZA,2005,Africa,33109258.0,13738.496,381.94415,359.26645,3.3926656
Algeria,DZA,2006,Africa,33623505.0,13920.694,408.04364,376.13736,3.251993
Algeria,DZA,2007,Africa,34189420.0,14114.675,482.23413,381.94415,3.1230872
Algeria,DZA,2008,Africa,34816963.0,14206.776,544.36786,408.04364,3.0059829
Algeria,DZA,2009,Africa,35490442.0,14104.428,667.84357,482.23413,2.9014935
Algeria,DZA,2010,Africa,36188237.0,14496.421,658.9454,544.36786,2.8089783
Algeria,DZA,2011,Africa,36903374.0,14641.964,706.47296,667.84357,2.7282574
Algeria,DZA,2012,Africa,37646165.0,14697.54,813.99786,658.9454,2.656631
Algeria,DZA,2013,Africa,38414176.0,14778.191,811.29285,706.47296,2.5948048
Algeria,DZA,2014,Africa,39205035.0,15073.763,883.8294,813.99786,2.5402107
Algeria,DZA,2015,Africa,40019528.0,15239.518,874.6069,811.29285,2.4910238
Algeria,DZA,2016,Africa,40850719.0,15511.686,806.3794,883.8294,2.4455593
Algeria,DZA,2017,Africa,41689302.0,15427.664,802.65826,874.6069,2.4034827
Algeria,DZA,2018,Africa,42505033.0,15343.426,814.34705,806.3794,2.3652544
Algeria,DZA,2019,Africa,43294551.0,15199.199,752.6032,802.65826,2.3281791
Algeria,DZA,2020,Africa,44042094.0,14194.155,714.7408,814.34705,2.2921228
Algeria,DZA,2021,Africa,44761099.0,14496.865,728.01624,752.6032,2.2599118
Andorra,AND,2000,Europe,65703.0,54809.145,1919.3413,,0.75723755
Andorra,AND,2001,Europe,65874.0,59109.016,2080.2346,,0.7207315
Andorra,AND,2002,Europe,66528.0,61188.637,2304.4436,1919.3413,0.6847946
Andorra,AND,2003,Europe,69507.0,63656.195,2225.6035,2080.2346,0.65057516
Andorra,AND,2004,Europe,74342.0,64353.484,2179.3357,2304.4436,0.6193486
Andorra,AND,2005,Europe,77436.0,65114.805,2410.904,2225.6035,0.5914958
Andorra,AND,2006,Europe,79609.0,66390.3,2316.0598,2179.3357,0.5613152
Andorra,AND,2007,Europe,81901.0,65534.117,2387.1023,2410.904,0.5322223
Andorra,AND,2008,Europe,83513.0,60691.605,2634.807,2316.0598,0.5043144
Andorra,AND,2009,Europe,83907.0,57203.973,2705.9333,2387.1023,0.47968042
Andorra,AND,2010,Europe,80727.0,58285.06,3443.1372,2634.807,0.4548274
Andorra,AND,2011,Europe,77801.0,60470.465,3547.6907,2705.9333,0.43303105
Andorra,AND,2012,Europe,76858.0,58172.133,3191.9788,3443.1372,0.41042244
Andorra,AND,2013,Europe,75220.0,57332.16,3268.731,3547.6907,0.39015666
Andorra,AND,2014,Europe,73755.0,59929.246,3427.4402,3191.9788,0.3707966
Andorra,AND,2015,Europe,72195.0,62105.152,3682.2131,3268.731,0.35094872
Andorra,AND,2016,Europe,72197.0,64402.81,3614.2043,3427.4402,0.3362618
Andorra,AND,2017,Europe,73780.0,63239.656,3718.6738,3682.2131,0.3225375
Andorra,AND,2018,Europe,75181.0,63048.598,4038.2356,3614.2043,0.30983075
Andorra,AND,2019,Europe,76492.0,63215.9,4091.23,3718.6738,0.29873526
Andorra,AND,2020,Europe,77397.0,55488.492,4575.5327,4038.2356,0.28827727
Andorra,AND,2021,Europe,78379.0,59332.203,5126.6953,4091.23,0.27777982
Angola,AGO,2000,Africa,16194873.0,6794.5303,63.408127,,18.498758
Angola,AGO,2001,Africa,16747204.0,6846.7925,153.47786,,17.633282
Angola,AGO,2002,Africa,17327701.0,7521.736,127.32808,63.408127,16.639935
Angola,AGO,2003,Africa,17943718.0,7516.814,137.60841,153.47786,15.554653
Angola,AGO,2004,Africa,18600426.0,8079.5264,169.11797,127.32808,14.3726425
Angola,AGO,2005,Africa,19291160.0,8892.921,139.08125,137.60841,13.153283
Angola,AGO,2006,Africa,20015281.0,9586.176,145.13664,169.11797,11.984236
Angola,AGO,2007,Africa,20778570.0,10434.709,181.31886,139.08125,10.901248
Angola,AGO,2008,Africa,21578656.0,11131.631,221.01886,145.13664,9.915467
Angola,AGO,2009,Africa,22414775.0,10930.253,249.69917,181.31886,9.0746765
Angola,AGO,2010,Africa,23294822.0,11074.072,178.06584,221.01886,8.337227
Angola,AGO,2011,Africa,24218358.0,11034.592,177.55705,249.69917,7.720732
Angola,AGO,2012,Africa,25177398.0,11516.813,176.20601,178.06584,7.2043343
Angola,AGO,2013,Africa,26165616.0,11622.979,206.63011,177.55705,6.7905173
Angola,AGO,2014,Africa,27160767.0,11718.429,194.49356,176.20601,6.453584
Angola,AGO,2015,Africa,28157802.0,11389.761,185.52545,206.63011,6.17606
Angola,AGO,2016,Africa,29183072.0,10963.997,185.68082,194.49356,5.964304
Angola,AGO,2017,Africa,30234836.0,10565.168,195.20207,185.52545,5.789938
Angola,AGO,2018,Africa,31297160.0,10154.839,190.30934,185.68082,5.6490283
Angola,AGO,2019,Africa,32375633.0,9712.9795,188.94135,195.20207,5.534807
Angola,AGO,2020,Africa,33451139.0,8904.949,220.48994,190.30934,5.4216137
Angola,AGO,2021,Africa,34532427.0,8720.1875,242.81508,188.94135,5.3177714
Anguilla,AIA,2000,North America,11196.0,,,,1.1952704
Anguilla,AIA,2001,North America,11497.0,,,,1.1517315
Anguilla,AIA,2002,North America,11714.0,,,,1.1132947
Anguilla,AIA,2003,North America,11903.0,,,,1.0748564
Anguilla,AIA,2004,North America,12092.0,,,,1.0394713
Anguilla,AIA,2005,North America,12290.0,,,,1.0045617
Anguilla,AIA,2006,North America,12493.0,,,,0.97283
Anguilla,AIA,2007,North America,12697.0,,,,0.9428825
Anguilla,AIA,2008,North America,12911.0,,,,0.9142603
Anguilla,AIA,2009,North America,13138.0,,,,0.88868296
Anguilla,AIA,2010,North America,13372.0,,,,0.8619512
Anguilla,AIA,2011,North America,13593.0,,,,0.83637947
Anguilla,AIA,2012,North America,13401.0,,,,0.81364447
Anguilla,AIA,2013,North America,13272.0,,,,0.7888449
Anguilla,AIA,2014,North America,13748.0,,,,0.766129
Anguilla,AIA,2015,North America,14235.0,,,,0.74476844
Anguilla,AIA,2016,North America,14344.0,,,,0.72278154
Anguilla,AIA,2017,North America,14450.0,,,,0.7008277
Anguilla,AIA,2018,North America,14747.0,,,,0.67874694
Anguilla,AIA,2019,North America,14845.0,,,,0.658936
Anguilla,AIA,2020,North America,14864.0,,,,0.6387076
Anguilla,AIA,2021,North America,14503.0,,,,0.61840755
Antigua and Barbuda,ATG,2000,North America,74929.0,25547.611,831.9423,,1.490223
Antigua and Barbuda,ATG,2001,North America,76082.0,24014.775,916.7504,,1.4576339
Antigua and Barbuda,ATG,2002,North America,77049.0,23958.164,898.03406,831.9423,1.425914
Antigua and Barbuda,ATG,2003,North America,77896.0,25136.002,1010.02563,916.7504,1.3928385
Antigua and Barbuda,ATG,2004,North America,78734.0,26303.617,987.11316,898.03406,1.3606497
Antigua and Barbuda,ATG,2005,North America,79628.0,27692.635,1043.4645,1010.02563,1.3297148
Antigua and Barbuda,ATG,2006,North America,80619.0,30827.342,1103.1609,987.11316,1.3005778
Antigua and Barbuda,ATG,2007,North America,81716.0,33245.27,1165.8062,1043.4645,1.2724904
Antigua and Barbuda,ATG,2008,North America,82926.0,32756.307,1102.3707,1103.1609,1.2459599
Antigua and Barbuda,ATG,2009,North America,84193.0,28405.69,963.37756,1165.8062,1.2222754
Antigua and Barbuda,ATG,2010,North America,85337.0,25826.61,1140.094,1102.3707,1.1988263
Antigua and Barbuda,ATG,2011,North America,86350.0,25023.918,1145.0205,963.37756,1.1772546
Antigua and Barbuda,ATG,2012,North America,87275.0,25592.906,1108.6702,1140.094,1.1560773
Antigua and Barbuda,ATG,2013,North America,88074.0,25206.846,1068.5511,1145.0205,1.1367084
Antigua and Barbuda,ATG,2014,North America,88784.0,25557.525,1153.5474,1108.6702,1.1189363
Antigua and Barbuda,ATG,2015,North America,89421.0,25734.152,1030.2518,1068.5511,1.1014895
Antigua and Barbuda,ATG,2016,North America,89980.0,26627.715,1053.2042,1153.5474,1.0843495
Antigua and Barbuda,ATG,2017,North America,90483.0,27199.195,998.9222,1030.2518,1.0684009
Antigua and Barbuda,ATG,2018,North America,90942.0,28878.607,1149.3099,1053.2042,1.0505879
Antigua and Barbuda,ATG,2019,North America,91377.0,29651.863,1135.5015,998.9222,1.0302182
Antigua and Barbuda,ATG,2020,North America,91864.0,23930.672,1271.3939,1149.3099,1.0079737
Antigua and Barbuda,ATG,2021,North America,92358.0,25745.496,1239.2449,1135.5015,0.98349315
Argentina,ARG,2000,South America,37213986.0,22281.38,1056.909,,1.9355562
Argentina,ARG,2001,South America,37624817.0,21066.459,1027.9518,,1.8817598
Argentina,ARG,2002,South America,38029345.0,18571.701,815.9568,1056.909,1.8318045
Argentina,ARG,2003,South America,38424283.0,20005.139,846.7382,1027.9518,1.7801814
Argentina,ARG,2004,South America,38815915.0,21591.45,859.72125,815.9568,1.7270106
Argentina,ARG,2005,South America,39216786.0,23262.408,1041.358,846.7382,1.6748353
Argentina,ARG,2006,South America,39622113.0,24877.25,1144.351,859.72125,1.6247233
Argentina,ARG,2007,South America,40016767.0,26850.664,1293.6952,1041.358,1.5797682
Argentina,ARG,2008,South America,40424151.0,27658.484,1423.7563,1144.351,1.538662
Argentina,ARG,2009,South America,40854832.0,25747.197,1548.3864,1293.6952,1.4951136
Argentina,ARG,2010,South America,41288694.0,28056.258,1692.8896,1423.7563,1.4439551
Argentina,ARG,2011,South America,41730655.0,29425.76,1816.9655,1548.3864,1.3867544
Argentina,ARG,2012,South America,42161718.0,28825.967,1920.7334,1692.8896,1.3280056
Argentina,ARG,2013,South America,42582453.0,29227.66,1977.1377,1816.9655,1.2709969
Argentina,ARG,2014,South America,43024071.0,28200.814,1909.3246,1920.7334,1.2191584
Argentina,ARG,2015,South America,43477011.0,28669.207,2044.3674,1977.1377,1.1743659
Argentina,ARG,2016,South America,43900312.0,27802.105,2021.344,1909.3246,1.1360422
Argentina,ARG,2017,South America,44288898.0,28334.904,2399.4438,2044.3674,1.1031092
Argentina,ARG,2018,South America,44654876.0,27367.115,2483.243,2021.344,1.0745306
Argentina,ARG,2019,South America,44973469.0,26629.553,2379.694,2399.4438,1.0491704
Argentina,ARG,2020,South America,45191960.0,23877.094,2389.9216,2483.243,1.0272182
Argentina,ARG,2021,South America,45312282.0,26300.273,2895.424,2379.694,1.0070401
Armenia,ARM,2000,Asia,3125630.0,4589.0083,109.42862,,3.0553966
Armenia,ARM,2001,Asia,3084350.0,5044.1167,137.59904,,2.9094667
Armenia,ARM,2002,Asia,3055636.0,5731.3535,261.67703,109.42862,2.771789
Armenia,ARM,2003,Asia,3038976.0,6569.2603,288.4246,137.59904,2.637625
Armenia,ARM,2004,Asia,3022544.0,7299.4,277.5289,261.67703,2.5106869
Armenia,ARM,2005,Asia,3006360.0,8362.9,317.31317,288.4246,2.3910208
Armenia,ARM,2006,Asia,2990371.0,9525.231,371.50363,277.5289,2.2744784
Armenia,ARM,2007,Asia,2974825.0,10898.849,409.8766,317.31317,2.163705
Armenia,ARM,2008,Asia,2959996.0,11727.482,542.03357,371.50363,2.058662
Armenia,ARM,2009,Asia,2945518.0,10143.235,598.6907,409.8766,1.9602635
Armenia,ARM,2010,Asia,2931083.0,10438.564,680.6937,542.03357,1.8667316
Armenia,ARM,2011,Asia,2923269.0,10990.177,740.4285,598.6907,1.7784805
Armenia,ARM,2012,Asia,2922529.0,11796.274,845.2599,680.6937,1.6938162
Armenia,ARM,2013,Asia,2922526.0,12194.019,1009.2948,740.4285,1.6125723
Armenia,ARM,2014,Asia,2922433.0,12667.376,1021.9669,845.2599,1.5390661
Armenia,ARM,2015,Asia,2921179.0,13112.76,1015.3519,1009.2948,1.4671909
Armenia,ARM,2016,Asia,2918796.0,13192.994,1078.4407,1021.9669,1.3982607
Armenia,ARM,2017,Asia,2914966.0,14243.875,1278.0039,1015.3519,1.3331174
Armenia,ARM,2018,Asia,2909971.0,15037.045,1314.5883,1078.4407,1.271818
Armenia,ARM,2019,Asia,2903975.0,16215.36,1738.5587,1278.0039,1.2125634
Armenia,ARM,2020,Asia,2890893.0,15052.936,1844.1028,1314.5883,1.1564991
Armenia,ARM,2021,Asia,2870339.0,15921.705,2024.8337,1738.5587,1.1018798
Aruba,ABW,2000,,,37618.992,,,
Aruba,ABW,2001,,,38827.47,,,
Aruba,ABW,2002,,,38195.316,,,
Aruba,ABW,2003,,,38182.39,,,
Aruba,ABW,2004,,,40101.79,,,
Aruba,ABW,2005,,,38926.477,,,
Aruba,ABW,2006,,,38664.4,,,
Aruba,ABW,2007,,,39562.45,,,
Aruba,ABW,2008,,,39982.51,,,
Aruba,ABW,2009,,,35074.684,,,
Aruba,ABW,2010,,,34037.543,,,
Aruba,ABW,2011,,,34926.1,,,
Aruba,ABW,2012,,,34058.31,,,
Aruba,ABW,2013,,,35711.93,,,
Aruba,ABW,2014,,,35837.324,,,
Aruba,ABW,2015,,,36753.402,,,
Aruba,ABW,2016,,,36926.113,,,
Aruba,ABW,2017,,,38213.29,,,
Aruba,ABW,2018,,,39378.227,,,
Aruba,ABW,2019,,,39754.56,,,
Aruba,ABW,2020,,,30408.826,,,
Aruba,ABW,2021,,,35207.17,,,
Australia,AUS,2000,Oceania,19132472.0,45099.074,2138.4631,,0.6191881
Australia,AUS,2001,Oceania,19365438.0,45428.2,2257.972,,0.60774577
Australia,AUS,2002,Oceania,19595356.0,46688.395,2414.0808,2138.4631,0.59830266
Australia,AUS,2003,Oceania,19819449.0,47581.23,2540.0115,2257.972,0.59089285
Australia,AUS,2004,Oceania,20046679.0,49061.277,2733.9917,2414.0808,0.5831027
Australia,AUS,2005,Oceania,20294490.0,49997.066,2825.6545,2540.0115,0.5723941
Australia,AUS,2006,Oceania,20590566.0,50693.727,3005.8755,2733.9917,0.55824023
Australia,AUS,2007,Oceania,20954545.0,51663.242,3177.4421,2825.6545,0.54120195
Australia,AUS,2008,Oceania,21370595.0,52473.383,3291.3687,3005.8755,0.52157736
Australia,AUS,2009,Oceania,21783014.0,52407.91,3545.9158,3177.4421,0.50000876
Australia,AUS,2010,Oceania,22141583.0,52739.27,3587.3801,3291.3687,0.47661817
Australia,AUS,2011,Oceania,22479779.0,53257.047,3770.5007,3545.9158,0.4532051
Australia,AUS,2012,Oceania,22852648.0,54403.883,3786.9563,3587.3801,0.43147558
Australia,AUS,2013,Oceania,23236271.0,54895.004,4160.105,3770.5007,0.41273358
Australia,AUS,2014,Oceania,23595599.0,55489.07,4657.6445,3786.9563,0.3980898
Australia,AUS,2015,Oceania,23947997.0,55879.996,4760.5435,4160.105,0.3883152
Australia,AUS,2016,Oceania,24329963.0,56529.953,5026.326,4657.6445,0.38279572
Australia,AUS,2017,Oceania,24731044.0,56881.855,5095.8267,4760.5435,0.38016248
Australia,AUS,2018,Oceania,25119700.0,57647.844,5319.0923,5026.326,0.37920946
Australia,AUS,2019,Oceania,25482714.0,58048.617,5464.5693,5095.8267,0.37860116
Australia,AUS,2020,Oceania,25743787.0,57260.465,6059.419,5319.0923,0.37732065
Australia,AUS,2021,Oceania,25956417.0,58327.414,6764.388,5464.5693,0.3747973
Austria,AUT,2000,Europe,8012929.0,53534.266,2746.288,,0.5501386
Austria,AUT,2001,Europe,8042233.0,54032.074,2801.2354,,0.54031783
Austria,AUT,2002,Europe,8081640.0,54565.0,2975.4897,2746.288,0.5304128
Austria,AUT,2003,Europe,8122604.0,54919.71,3108.0,2801.2354,0.518474
Austria,AUT,2004,Europe,8173496.0,55980.152,3302.2705,2975.4897,0.504705
Austria,AUT,2005,Europe,8229204.0,56890.2,3390.4336,3108.0,0.49032727
Austria,AUT,2006,Europe,8269901.0,58460.156,3611.519,3302.2705,0.47711974
Austria,AUT,2007,Europe,8296948.0,60470.824,3770.1804,3390.4336,0.4649539
Austria,AUT,2008,Europe,8323250.0,61157.902,4043.1665,3611.519,0.45401448
Austria,AUT,2009,Europe,8345073.0,58810.36,4197.421,3770.1804,0.4439917
Austria,AUT,2010,Europe,8365087.0,59730.47,4312.0576,4043.1665,0.43276113
Austria,AUT,2011,Europe,8393272.0,61272.17,4486.4897,4197.421,0.41932482
Austria,AUT,2012,Europe,8431599.0,61376.633,4767.4004,4312.0576,0.40475923
Austria,AUT,2013,Europe,8481411.0,60862.97,4961.156,4486.4897,0.39096752
Austria,AUT,2014,Europe,8547812.0,60845.574,5105.9756,4767.4004,0.37971556
Austria,AUT,2015,Europe,8644037.0,60951.605,5247.5186,4961.156,0.37038627
Austria,AUT,2016,Europe,8737920.0,61572.625,5533.682,5105.9756,0.3631224
Austria,AUT,2017,Europe,8798779.0,62535.812,5710.791,5247.5186,0.35708037
Austria,AUT,2018,Europe,8841653.0,63777.938,5968.0557,5533.682,0.35200736
Austria,AUT,2019,Europe,8880876.0,64609.285,6428.202,5710.791,0.3471869
Austria,AUT,2020,Europe,8921402.0,60276.332,6691.0483,5968.0557,0.34262472
Austria,AUT,2021,Europe,8967053.0,62968.855,7692.771,6428.202,0.3381747
Azerbaijan,AZE,2000,Asia,8174784.0,5656.9297,98.193245,,7.4305077
Azerbaijan,AZE,2001,Asia,8251776.0,6168.9854,102.84783,,6.9290967
Azerbaijan,AZE,2002,Asia,8326141.0,6701.0815,111.51966,98.193245,6.4398584
Azerbaijan,AZE,2003,Asia,8400528.0,7329.4062,124.037865,102.84783,5.9949675
Azerbaijan,AZE,2004,Asia,8489874.0,7937.8594,134.2724,111.51966,5.583895
Azerbaijan,AZE,2005,Asia,8597248.0,10054.101,146.71747,124.037865,5.2092643
Azerbaijan,AZE,2006,Asia,8711380.0,13371.658,186.4278,134.2724,4.871561
Azerbaijan,AZE,2007,Asia,8828313.0,16587.365,227.47366,146.71747,4.565177
Azerbaijan,AZE,2008,Asia,8942637.0,17963.021,260.36774,186.4278,4.287137
Azerbaijan,AZE,2009,Asia,9046336.0,19242.39,382.17648,227.47366,4.0230656
Azerbaijan,AZE,2010,Asia,9146852.0,19925.39,384.57742,260.36774,3.775055
Azerbaijan,AZE,2011,Asia,9256156.0,19358.078,380.8002,382.17648,3.545358
Azerbaijan,AZE,2012,Asia,9376179.0,19523.373,500.58005,384.57742,3.33611
Azerbaijan,AZE,2013,Asia,9504417.0,20398.646,551.8316,380.8002,3.1409006
Azerbaijan,AZE,2014,Asia,9631136.0,20709.201,623.7274,500.58005,2.961978
Azerbaijan,AZE,2015,Asia,9752859.0,20678.754,647.5189,551.8316,2.794823
Azerbaijan,AZE,2016,Asia,9868434.0,19822.41,635.62646,623.7274,2.6457376
Azerbaijan,AZE,2017,Asia,9968510.0,19659.004,576.52997,647.5189,2.5115294
Azerbaijan,AZE,2018,Asia,10039782.0,19781.852,580.50854,635.62646,2.3828866
Azerbaijan,AZE,2019,Asia,10110483.0,20101.492,691.39655,576.52997,2.2653437
Azerbaijan,AZE,2020,Asia,10181736.0,19126.098,879.07367,580.50854,2.154258
Azerbaijan,AZE,2021,Asia,10234372.0,20111.375,933.3739,691.39655,2.0543635
Bahamas,BHS,2000,North America,323846.0,34597.164,969.62775,,1.6182228
Bahamas,BHS,2001,North America,327847.0,35072.367,1036.7372,,1.630666
Bahamas,BHS,2002,North America,331625.0,35610.68,1038.4891,969.62775,1.6504481
Bahamas,BHS,2003,North America,335625.0,34740.76,1089.3523,1036.7372,1.6708735
Bahamas,BHS,2004,North America,339794.0,34617.805,1121.9521,1038.4891,1.6834922
Bahamas,BHS,2005,North America,343905.0,35365.465,1177.9526,1089.3523,1.6859411
Bahamas,BHS,2006,North America,348386.0,35789.133,1313.3611,1121.9521,1.6750572
Bahamas,BHS,2007,North America,353343.0,35797.117,1407.6649,1177.9526,1.6509248
Bahamas,BHS,2008,North America,358133.0,34498.035,1495.5209,1313.3611,1.6181895
Bahamas,BHS,2009,North America,362806.0,32630.264,1507.4049,1407.6649,1.5812951
Bahamas,BHS,2010,North America,367482.0,32711.459,1561.0135,1495.5209,1.5429084
Bahamas,BHS,2011,North America,371738.0,32535.662,1605.0594,1507.4049,1.5055714
Bahamas,BHS,2012,North America,375474.0,33667.555,1650.7455,1561.0135,1.4728318
Bahamas,BHS,2013,North America,378957.0,32402.916,1708.9364,1605.0594,1.4432125
Bahamas,BHS,2014,North America,382312.0,32712.635,1763.2538,1650.7455,1.4175717
Bahamas,BHS,2015,North America,385355.0,32777.586,1661.915,1708.9364,1.3956655
Bahamas,BHS,2016,North America,388060.0,32172.336,1804.8953,1763.2538,1.3787718
Bahamas,BHS,2017,North America,390496.0,33050.035,2225.694,1661.915,1.3655074
Bahamas,BHS,2018,North America,392718.0,33650.215,2024.3077,1804.8953,1.3532946
Bahamas,BHS,2019,North America,394684.0,33202.49,2019.8605,2225.694,2.4267964
Bahamas,BHS,2020,North America,395874.0,26452.695,1933.9937,2024.3077,1.3303921
Bahamas,BHS,2021,North America,396381.0,31064.682,1990.8776,2019.8605,1.3140587
Bahrain,BHR,2000,Asia,669589.0,57968.996,1451.1981,,1.249969
Bahrain,BHR,2001,Asia,699964.0,57280.7,1556.2552,,1.1986234
Bahrain,BHR,2002,Asia,752205.0,55096.656,1566.858,1451.1981,1.1596526
Bahrain,BHR,2003,Asia,811276.0,54431.875,1663.7423,1556.2552,1.1269945
Bahrain,BHR,2004,Asia,871446.0,54045.094,1531.4199,1566.858,1.0960934
Bahrain,BHR,2005,Asia,932618.0,53478.266,1467.9639,1663.7423,1.0626078
Bahrain,BHR,2006,Asia,994626.0,52691.934,1440.9789,1531.4199,1.0254341
Bahrain,BHR,2007,Asia,1057419.0,52731.793,1598.223,1467.9639,0.984164
Bahrain,BHR,2008,Asia,1120718.0,52765.39,1587.6969,1440.9789,0.94050986
Bahrain,BHR,2009,Asia,1183616.0,50665.75,2094.701,1598.223,0.89785075
Bahrain,BHR,2010,Asia,1213248.0,50704.848,1956.4109,1587.6969,0.8603858
Bahrain,BHR,2011,Asia,1206733.0,53132.33,1939.612,2094.701,0.8300387
Bahrain,BHR,2012,Asia,1216307.0,54516.84,2226.93,1956.4109,0.8057399
Bahrain,BHR,2013,Asia,1257206.0,55376.402,2326.6423,1939.612,0.7884816
Bahrain,BHR,2014,Asia,1312857.0,55065.82,2303.5203,2226.93,0.7763104
Bahrain,BHR,2015,Asia,1369656.0,54149.914,2283.3982,2326.6423,0.76773685
Bahrain,BHR,2016,Asia,1429609.0,54107.074,2183.9722,2303.5203,0.76395166
Bahrain,BHR,2017,Asia,1482003.0,53859.773,2186.9775,2283.3982,0.7656051
Bahrain,BHR,2018,Asia,1497634.0,54893.074,2057.7617,2183.9722,0.7723181
Bahrain,BHR,2019,Asia,1485675.0,56749.96,2139.141,2186.9775,0.78375286
Bahrain,BHR,2020,Asia,1483081.0,53814.246,2417.1606,2057.7617,0.7993253
Bahrain,BHR,2021,Asia,1501762.0,54954.676,2382.4138,2139.141,0.81830513
Bangladesh,BGD,2000,Asia,134544303.0,2712.935,27.290556,,8.5513935
Bangladesh,BGD,2001,Asia,136805810.0,2803.5547,28.30955,,8.019229
Bangladesh,BGD,2002,Asia,138933659.0,2866.4346,32.084072,27.290556,7.531448
Bangladesh,BGD,2003,Asia,140970355.0,2958.915,34.250664,28.30955,7.0840616
Bangladesh,BGD,2004,Asia,142902857.0,3071.838,37.203117,32.084072,6.676259
Bangladesh,BGD,2005,Asia,144715789.0,3231.6138,41.581146,34.250664,6.3029885
Bangladesh,BGD,2006,Asia,146405983.0,3407.4272,46.243137,37.203117,5.9604125
Bangladesh,BGD,2007,Asia,147989282.0,3608.9155,51.885914,41.581146,5.648311
Bangladesh,BGD,2008,Asia,149474264.0,3787.9382,54.13202,46.243137,5.364285
Bangladesh,BGD,2009,Asia,150873716.0,3942.1362,58.406742,51.885914,5.105898
Bangladesh,BGD,2010,Asia,152201978.0,4125.464,64.83714,54.13202,4.871338
Bangladesh,BGD,2011,Asia,153591074.0,4352.4263,72.137566,58.406742,4.653408
Bangladesh,BGD,2012,Asia,155070110.0,4592.0483,80.83562,64.83714,4.4443445
Bangladesh,BGD,2013,Asia,156532134.0,4822.726,84.73832,72.137566,4.2432766
Bangladesh,BGD,2014,Asia,157964931.0,5068.6396,90.53943,80.83562,4.045884
Bangladesh,BGD,2015,Asia,159383179.0,5352.7114,95.70943,84.73832,3.853248
Bangladesh,BGD,2016,Asia,160811934.0,5682.5356,109.41296,90.53943,3.6678827
Bangladesh,BGD,2017,Asia,162186146.0,6005.707,115.581154,95.70943,3.496329
Bangladesh,BGD,2018,Asia,163523109.0,6392.5933,127.164276,109.41296,3.3478446
Bangladesh,BGD,2019,Asia,164913060.0,6838.326,128.62997,115.581154,3.2297723
Bangladesh,BGD,2020,Asia,166298024.0,7015.1978,144.934,127.164276,3.1438377
Bangladesh,BGD,2021,Asia,167658855.0,7441.0693,168.67322,128.62997,3.0901694
Barbados,BRB,2000,North America,262071.0,21315.768,803.8305,,1.435807
Barbados,BRB,2001,North America,262429.0,20782.844,830.45013,,1.4522436
Barbados,BRB,2002,North America,264155.0,20809.857,895.79663,803.8305,1.468901
Barbados,BRB,2003,North America,265789.0,21132.328,1059.0382,830.45013,1.4827695
Barbados,BRB,2004,North America,267297.0,21308.605,1198.438,895.79663,1.488631
Barbados,BRB,2005,North America,268717.0,22035.387,1184.2067,1059.0382,1.4842534
Barbados,BRB,2006,North America,270011.0,23260.865,1252.2177,1198.438,1.4717648
Barbados,BRB,2007,North America,271298.0,23631.943,1201.5491,1184.2067,1.4525439
Barbados,BRB,2008,North America,272719.0,23657.291,1310.224,1252.2177,1.4300746
Barbados,BRB,2009,North America,274137.0,22354.84,1375.2886,1201.5491,1.4080153
Barbados,BRB,2010,North America,275251.0,20464.795,1121.2953,1310.224,1.3867999
Barbados,BRB,2011,North America,276150.0,20383.254,1152.3843,1375.2886,1.3666447
Barbados,BRB,2012,North America,276949.0,19743.578,1220.1584,1121.2953,1.3490722
Barbados,BRB,2013,North America,277669.0,19730.348,1162.0457,1152.3843,1.3279088
Barbados,BRB,2014,North America,278355.0,19840.83,1082.433,1220.1584,1.3051069
Barbados,BRB,2015,North America,278999.0,19642.232,1084.6012,1162.0457,1.2758559
Barbados,BRB,2016,North America,279604.0,19877.111,1115.962,1082.433,1.2448772
Barbados,BRB,2017,North America,280177.0,19966.32,1074.332,1084.6012,1.2125828
Barbados,BRB,2018,North America,280719.0,19877.676,1081.6217,1115.962,1.1779431
Barbados,BRB,2019,North America,281216.0,19890.455,1064.6445,1074.332,1.1440879
Barbados,BRB,2020,North America,281706.0,16399.701,1064.5913,1081.6217,1.1081783
Barbados,BRB,2021,North America,282157.0,17686.746,1167.2649,1064.6445,1.0741936
Belarus,BLR,2000,Europe,9991310.0,11182.455,316.6208,,1.2761927
Belarus,BLR,2001,Europe,9938068.0,11771.087,367.7869,,1.1831304
Belarus,BLR,2002,Europe,9873451.0,12443.933,389.18835,316.6208,1.0945776
Belarus,BLR,2003,Europe,9803175.0,13413.927,439.0273,367.7869,1.0148281
Belarus,BLR,2004,Europe,9735089.0,15052.118,502.89804,389.18835,0.94316757
Belarus,BLR,2005,Europe,9667833.0,16579.873,604.64417,439.0273,0.87350994
Belarus,BLR,2006,Europe,9608041.0,18349.871,633.41583,502.89804,0.8012867
Belarus,BLR,2007,Europe,9563135.0,20019.611,724.9058,604.64417,0.7294646
Belarus,BLR,2008,Europe,9529357.0,22137.947,759.8962,633.41583,0.66399074
Belarus,BLR,2009,Europe,9507334.0,22236.838,756.30804,724.9058,0.6073781
Belarus,BLR,2010,Europe,9490752.0,24012.613,867.1133,759.8962,0.55932784
Belarus,BLR,2011,Europe,9472738.0,25404.756,806.4455,756.30804,0.5191845
Belarus,BLR,2012,Europe,9463075.0,25879.133,948.5643,867.1133,0.48594105
Belarus,BLR,2013,Europe,9464454.0,26147.625,1080.5421,806.4455,0.45751053
Belarus,BLR,2014,Europe,9472704.0,26564.436,1023.12317,948.5643,0.4324991
Belarus,BLR,2015,Europe,9487289.0,25513.213,1096.8125,1080.5421,0.4088526
Belarus,BLR,2016,Europe,9499066.0,24846.83,1050.7023,1023.12317,0.3854312
Belarus,BLR,2017,Europe,9495793.0,25503.98,1056.4733,1096.8125,0.36159894
Belarus,BLR,2018,Europe,9480031.0,26363.463,1102.022,1050.7023,0.3371406
Belarus,BLR,2019,Europe,9435415.0,26798.82,1305.0011,1056.4733,0.31306437
Belarus,BLR,2020,Europe,9350943.0,26731.496,1598.2828,1102.022,0.2909685
Belarus,BLR,2021,Europe,9251368.0,27611.18,1784.4498,1305.0011,0.27299175
Belgium,BEL,2000,Europe,10251719.0,50455.734,2225.4592,,0.58757645
Belgium,BEL,2001,Europe,10287005.0,50835.4,2352.184,,0.56712925
Belgium,BEL,2002,Europe,10332975.0,51471.85,2524.5786,2225.4592,0.5486751
Belgium,BEL,2003,Europe,10376262.0,51788.844,2848.2263,2352.184,0.53192675
Belgium,BEL,2004,Europe,10421298.0,53406.69,3006.7068,2524.5786,0.51674145
Belgium,BEL,2005,Europe,10478883.0,54346.895,3078.642,2848.2263,0.50290644
Belgium,BEL,2006,Europe,10548445.0,55367.62,3231.2546,3006.7068,0.4901483
Belgium,BEL,2007,Europe,10625488.0,56983.46,3376.2961,3078.642,0.47821024
Belgium,BEL,2008,Europe,10709711.0,56787.74,3651.6365,3231.2546,0.46689546
Belgium,BEL,2009,Europe,10812936.0,55258.707,4010.7922,3376.2961,0.45605272
Belgium,BEL,2010,Europe,10936619.0,56240.203,4170.411,3651.6365,0.44601437
Belgium,BEL,2011,Europe,11038624.0,56585.3,4309.525,4010.7922,0.43688232
Belgium,BEL,2012,Europe,11107522.0,56356.824,4510.1387,4170.411,0.42874354
Belgium,BEL,2013,Europe,11160277.0,56263.176,4675.1895,4309.525,0.42141423
Belgium,BEL,2014,Europe,11210113.0,57002.91,4806.9272,4510.1387,0.4149387
Belgium,BEL,2015,Europe,11275332.0,57509.023,5032.23,4675.1895,0.4094267
Belgium,BEL,2016,Europe,11332707.0,57901.496,5285.853,4806.9272,0.40515685
Belgium,BEL,2017,Europe,11376583.0,58529.332,5509.576,5032.23,0.40125436
Belgium,BEL,2018,Europe,11428608.0,59357.69,5782.4907,5285.853,0.39715314
Belgium,BEL,2019,Europe,11490623.0,60479.977,6176.006,5509.576,0.3921397
Belgium,BEL,2020,Europe,11540102.0,57333.543,6441.8066,5782.4907,0.38678586
Belgium,BEL,2021,Europe,11570843.0,60669.215,6867.1206,6176.006,0.38179326
Belize,BLZ,2000,North America,240809.0,11363.687,222.03978,,2.4457107
Belize,BLZ,2001,North America,248393.0,11567.026,271.64075,,2.3577464
Belize,BLZ,2002,North America,256019.0,11828.187,290.2672,222.03978,2.2811298
Belize,BLZ,2003,North America,263794.0,12589.268,312.81842,271.64075,2.213693
Belize,BLZ,2004,North America,271695.0,12807.166,316.5256,290.2672,2.154823
Belize,BLZ,2005,North America,279747.0,12714.97,325.8837,312.81842,2.1040268
Belize,BLZ,2006,North America,287889.0,12912.53,352.17703,316.5256,2.0586097
Belize,BLZ,2007,North America,296117.0,12973.207,415.16443,325.8837,2.0157921
Belize,BLZ,2008,North America,304373.0,12415.681,450.67892,352.17703,1.9744016
Belize,BLZ,2009,North America,312619.0,12033.91,438.95163,415.16443,1.9325542
Belize,BLZ,2010,North America,320256.0,11913.664,435.79755,450.67892,1.884542
Belize,BLZ,2011,North America,327306.0,11641.771,439.20804,438.95163,1.8310673
Belize,BLZ,2012,North America,334421.0,11843.415,402.43256,435.79755,1.770674
Belize,BLZ,2013,North America,341635.0,12064.797,420.71088,439.20804,1.703866
Belize,BLZ,2014,North America,348934.0,12272.296,462.2829,402.43256,1.6337527
Belize,BLZ,2015,North America,356341.0,12348.795,444.4588,420.71088,1.564426
Belize,BLZ,2016,North America,364717.0,12063.06,448.60785,462.2829,1.499091
Belize,BLZ,2017,North America,373215.0,11572.301,421.67123,444.4588,1.4400226
Belize,BLZ,2018,North America,380232.0,11451.897,453.1198,448.60785,1.3896044
Belize,BLZ,2019,North America,385833.0,11765.975,507.2402,421.67123,1.348552
Belize,BLZ,2020,North America,390819.0,10045.141,513.54535,453.1198,1.3176872
Belize,BLZ,2021,North America,395355.0,11716.327,589.22986,507.2402,1.2962089
Benin,BEN,2000,Africa,7221618.0,2536.169,49.458324,,13.497121
Benin,BEN,2001,Africa,7445599.0,2591.065,57.69029,,13.170041
Benin,BEN,2002,Africa,7675430.0,2630.1807,55.722424,49.458324,12.852912
Benin,BEN,2003,Africa,7913074.0,2639.0437,57.398808,57.69029,12.542063
Benin,BEN,2004,Africa,8159098.0,2672.844,61.918144,55.722424,12.247822
Benin,BEN,2005,Africa,8426145.0,2632.4724,62.71445,57.398808,11.96639
Benin,BEN,2006,Africa,8693243.0,2652.2185,66.432236,61.918144,11.695801
Benin,BEN,2007,Africa,8953973.0,2729.1375,62.72409,62.71445,11.440901
Benin,BEN,2008,Africa,9228468.0,2777.6196,58.746277,66.432236,11.199858
Benin,BEN,2009,Africa,9509431.0,2758.0725,64.17633,62.72409,10.966953
Benin,BEN,2010,Africa,9797488.0,2733.574,67.020226,58.746277,10.735181
Benin,BEN,2011,Africa,10093626.0,2732.0125,67.9148,64.17633,10.510172
Benin,BEN,2012,Africa,10397659.0,2779.7266,72.15687,67.020226,10.287358
Benin,BEN,2013,Africa,10708831.0,2893.0466,72.0545,67.9148,10.063048
Benin,BEN,2014,Africa,11030008.0,2987.3823,71.86408,72.15687,9.835684
Benin,BEN,2015,Africa,11360681.0,2952.0022,74.35086,72.0545,9.613659
Benin,BEN,2016,Africa,11697845.0,2962.6638,102.89347,71.86408,9.397007
Benin,BEN,2017,Africa,12039777.0,3041.7793,106.02466,74.35086,9.17506
Benin,BEN,2018,Africa,12383349.0,3155.4512,101.82109,102.89347,8.943247
Benin,BEN,2019,Africa,12726760.0,3281.1047,94.53454,106.02466,8.704737
Benin,BEN,2020,Africa,13070169.0,3317.8596,98.9994,101.82109,8.458448
Benin,BEN,2021,Africa,13413423.0,3464.2886,101.01511,94.53454,8.218941
Bermuda,BMU,2000,,,98024.08,,,
Bermuda,BMU,2001,,,104565.266,,,
Bermuda,BMU,2002,,,102564.11,,,
Bermuda,BMU,2003,,,105647.445,,,
Bermuda,BMU,2004,,,107807.76,,,
Bermuda,BMU,2005,,,109340.016,,,
Bermuda,BMU,2006,,,115175.77,,,
Bermuda,BMU,2007,,,118696.09,,,
Bermuda,BMU,2008,,,115947.63,,,
Bermuda,BMU,2009,,,108967.43,,,
Bermuda,BMU,2010,,,105973.36,,,
Bermuda,BMU,2011,,,101994.24,,,
Bermuda,BMU,2012,,,96715.164,,,
Bermuda,BMU,2013,,,96553.875,,,
Bermuda,BMU,2014,,,93046.21,,,
Bermuda,BMU,2015,,,93863.85,,,
Bermuda,BMU,2016,,,93269.016,,,
Bermuda,BMU,2017,,,96441.27,,,
Bermuda,BMU,2018,,,95643.27,,,
Bermuda,BMU,2019,,,95523.96,,,
Bermuda,BMU,2020,,,88484.81,,,
Bermuda,BMU,2021,,,92319.67,,,
Bhutan,BTN,2000,Asia,596871.0,5287.574,123.36896,,7.7666054
Bhutan,BTN,2001,Asia,610801.0,5545.6304,144.22333,,7.320149
Bhutan,BTN,2002,Asia,624417.0,5991.255,134.67932,123.36896,6.884658
Bhutan,BTN,2003,Asia,637667.0,6323.541,143.26753,144.22333,6.462743
Bhutan,BTN,2004,Asia,650559.0,6517.997,170.03798,134.67932,6.0562553
Bhutan,BTN,2005,Asia,661875.0,6850.804,162.82759,143.26753,5.6657906
Bhutan,BTN,2006,Asia,670803.0,7140.856,187.45403,170.03798,5.2931123
Bhutan,BTN,2007,Asia,678643.0,8195.07,200.37459,162.82759,4.9454217
Bhutan,BTN,2008,Asia,686359.0,8470.035,181.07382,187.45403,4.6232367
Bhutan,BTN,2009,Asia,693994.0,9019.118,201.37894,200.37459,4.3268595
Bhutan,BTN,2010,Asia,701638.0,9985.284,215.35167,181.07382,4.051686
Bhutan,BTN,2011,Asia,709387.0,10714.687,221.31326,201.37894,3.7911727
Bhutan,BTN,2012,Asia,717288.0,11143.944,262.1784,215.35167,3.5498297
Bhutan,BTN,2013,Asia,725282.0,11212.4795,279.46317,221.31326,3.3235893
Bhutan,BTN,2014,Asia,733151.0,11744.519,285.28482,262.1784,3.115111
Bhutan,BTN,2015,Asia,740623.0,12400.298,334.92383,279.46317,2.92104
Bhutan,BTN,2016,Asia,747878.0,13320.976,348.42685,285.28482,2.743345
Bhutan,BTN,2017,Asia,754343.0,13482.343,352.28445,334.92383,2.5793629
Bhutan,BTN,2018,Asia,759766.0,13854.8545,359.1083,348.42685,2.4195719
Bhutan,BTN,2019,Asia,764830.0,14555.188,417.63123,352.28445,2.2716134
Bhutan,BTN,2020,Asia,770013.0,12979.937,524.2926,359.1083,2.131497
Bhutan,BTN,2021,Asia,775450.0,13458.8125,608.6191,417.63123,2.0048409
Bolivia,BOL,2000,South America,8606330.0,7492.4336,147.64902,,7.070757
Bolivia,BOL,2001,South America,8752740.0,7491.1523,165.70409,,6.631179
Bolivia,BOL,2002,South America,8900358.0,7550.0156,172.10503,147.64902,6.213154
Bolivia,BOL,2003,South America,9050703.0,7625.9053,188.15108,165.70409,5.8192067
Bolivia,BOL,2004,South America,9204297.0,7811.5967,185.19934,172.10503,5.4480467
Bolivia,BOL,2005,South America,9360758.0,8020.6357,204.62431,188.15108,5.10134
Bolivia,BOL,2006,South America,9521685.0,8263.319,199.61977,185.19934,4.7740245
Bolivia,BOL,2007,South America,9685960.0,8493.948,212.37791,204.62431,4.4670467
Bolivia,BOL,2008,South America,9850859.0,8865.272,221.59904,199.61977,4.1804404
Bolivia,BOL,2009,South America,10016279.0,9011.557,254.57343,212.37791,3.9146717
Bolivia,BOL,2010,South America,10182345.0,9230.398,265.34586,221.59904,3.6685808
Bolivia,BOL,2011,South America,10348931.0,9554.445,278.75217,254.57343,3.4444737
Bolivia,BOL,2012,South America,10515814.0,9884.462,308.2483,265.34586,3.2330246
Bolivia,BOL,2013,South America,10682612.0,10391.384,367.35117,278.75217,3.0320287
Bolivia,BOL,2014,South America,10848889.0,10790.848,415.5132,308.2483,2.843542
Bolivia,BOL,2015,South America,11014707.0,11144.642,468.5046,367.35117,2.6677969
Bolivia,BOL,2016,South America,11180020.0,11448.021,515.7728,415.5132,2.5012348
Bolivia,BOL,2017,South America,11344591.0,11755.256,552.3335,468.5046,2.3448858
Bolivia,BOL,2018,South America,11508370.0,11920.313,591.2292,515.7728,2.1984422
Bolivia,BOL,2019,South America,11671386.0,11930.916,631.9301,552.3335,2.0600727
Bolivia,BOL,2020,South America,11816301.0,10285.659,665.39154,591.2292,1.9343594
Bolivia,BOL,2021,South America,11937369.0,11202.441,771.4778,631.9301,1.8219273
Bosnia and Herzegovina,BIH,2000,Europe,4159785.0,7830.502,378.34717,,0.95478064
Bosnia and Herzegovina,BIH,2001,Europe,4179446.0,7982.519,394.056,,0.89286876
Bosnia and Herzegovina,BIH,2002,Europe,4188006.0,8366.691,409.67383,378.34717,0.8395935
Bosnia and Herzegovina,BIH,2003,Europe,4178523.0,8709.957,486.44028,394.056,0.7962545
Bosnia and Herzegovina,BIH,2004,Europe,4140990.0,9344.83,586.4692,409.67383,0.7626324
Bosnia and Herzegovina,BIH,2005,Europe,4096493.0,9814.47,618.9467,486.44028,0.7380654
Bosnia and Herzegovina,BIH,2006,Europe,4063269.0,10430.412,681.97644,586.4692,0.72043514
Bosnia and Herzegovina,BIH,2007,Europe,4013420.0,11178.682,783.0725,618.9467,0.7080504
Bosnia and Herzegovina,BIH,2008,Europe,3947545.0,11983.72,876.06335,681.97644,0.69849646
Bosnia and Herzegovina,BIH,2009,Europe,3879798.0,11826.65,826.7392,783.0725,0.6905545
Bosnia and Herzegovina,BIH,2010,Europe,3811480.0,12142.861,859.2392,876.06335,0.6834145
Bosnia and Herzegovina,BIH,2011,Europe,3741799.0,12487.649,918.4664,826.7392,0.6769961
Bosnia and Herzegovina,BIH,2012,Europe,3670109.0,12626.927,977.3259,859.2392,0.6725284
Bosnia and Herzegovina,BIH,2013,Europe,3610857.0,13135.718,1029.1301,918.4664,0.6704808
Bosnia and Herzegovina,BIH,2014,Europe,3564831.0,13458.853,1076.8497,977.3259,0.6709022
Bosnia and Herzegovina,BIH,2015,Europe,3518541.0,14220.09,1120.6083,1029.1301,0.67383975
Bosnia and Herzegovina,BIH,2016,Europe,3472997.0,14873.641,1169.5203,1076.8497,0.6774672
Bosnia and Herzegovina,BIH,2017,Europe,3428684.0,15554.659,1201.0538,1120.6083,0.67935365
Bosnia and Herzegovina,BIH,2018,Europe,3386999.0,16349.0,1302.6154,1169.5203,0.6767189
Bosnia and Herzegovina,BIH,2019,Europe,3345532.0,17029.297,1466.5083,1201.0538,0.6697443
Bosnia and Herzegovina,BIH,2020,Europe,3299352.0,16747.035,1588.3247,1302.6154,0.6572809
Bosnia and Herzegovina,BIH,2021,Europe,3244912.0,18286.662,1770.6395,1466.5083,0.6409548
Botswana,BWA,2000,Africa,1677384.0,13185.817,574.94354,,7.984008
Botswana,BWA,2001,Africa,1712264.0,12949.641,609.6328,,7.9302926
Botswana,BWA,2002,Africa,1744765.0,13479.696,672.91235,574.94354,7.7874193
Botswana,BWA,2003,Africa,1775744.0,13857.259,679.8826,609.6328,7.673686
Botswana,BWA,2004,Africa,1807153.0,13984.842,663.18317,672.91235,7.567455
Botswana,BWA,2005,Africa,1839881.0,14361.958,611.24365,679.8826,7.08281
Botswana,BWA,2006,Africa,1874526.0,15275.583,612.5583,663.18317,6.6015315
Botswana,BWA,2007,Africa,1911200.0,15850.234,739.1448,611.24365,6.4332523
Botswana,BWA,2008,Africa,1949973.0,16040.315,814.44415,612.5583,6.374782
Botswana,BWA,2009,Africa,1990671.0,13489.951,773.7019,739.1448,6.0614915
Botswana,BWA,2010,Africa,2033110.0,14545.02,799.27313,814.44415,5.8423533
Botswana,BWA,2011,Africa,2073538.0,15236.719,800.2831,773.7019,5.8820806
Botswana,BWA,2012,Africa,2108617.0,14957.619,808.7842,799.27313,5.3866234
Botswana,BWA,2013,Africa,2140687.0,16369.426,885.2567,800.2831,5.0299892
Botswana,BWA,2014,Africa,2172053.0,17052.193,882.25745,808.7842,4.8966894
Botswana,BWA,2015,Africa,2203276.0,15994.964,863.1733,885.2567,4.6725574
Botswana,BWA,2016,Africa,2234784.0,16905.588,936.0982,882.25745,4.513533
Botswana,BWA,2017,Africa,2266749.0,17352.896,1040.9352,863.1733,4.212228
Botswana,BWA,2018,Africa,2299149.0,17825.02,953.47766,936.0982,4.1170893
Botswana,BWA,2019,Africa,2332082.0,18106.01,975.31445,1040.9352,3.9978778
Botswana,BWA,2020,Africa,2365895.0,16289.392,934.2004,953.47766,3.8883283
Botswana,BWA,2021,Africa,2401448.0,17960.625,1132.085,975.31445,3.706913
Brazil,BRA,2000,South America,174018278.0,14005.348,757.7606,,3.4444823
Brazil,BRA,2001,South America,176301201.0,14016.132,795.4278,,3.2227986
Brazil,BRA,2002,South America,178503485.0,14265.905,836.34314,757.7606,3.013344
Brazil,BRA,2003,South America,180622688.0,14259.366,802.6824,795.4278,2.8184292
Brazil,BRA,2004,South America,182675144.0,14911.261,855.205,836.34314,2.6334221
Brazil,BRA,2005,South America,184688101.0,15221.014,890.4218,802.6824,2.462574
Brazil,BRA,2006,South America,186653099.0,15657.4795,969.3631,855.205,2.3080537
Brazil,BRA,2007,South America,188552311.0,16440.584,1039.3774,890.4218,2.1721072
Brazil,BRA,2008,South America,190367297.0,17113.367,1077.1368,969.3631,2.0524735
Brazil,BRA,2009,South America,192079958.0,16939.441,1124.1216,1039.3774,1.9489841
Brazil,BRA,2010,South America,193701931.0,18062.158,1148.2129,1077.1368,1.8607651
Brazil,BRA,2011,South America,195284736.0,18627.81,1184.7235,1124.1216,1.7858858
Brazil,BRA,2012,South America,196876113.0,18832.219,1175.7812,1148.2129,1.7238843
Brazil,BRA,2013,South America,198478290.0,19241.506,1254.1079,1184.7235,1.672554
Brazil,BRA,2014,South America,200085126.0,19183.172,1328.9307,1175.7812,1.6305698
Brazil,BRA,2015,South America,201675534.0,18357.068,1320.4865,1254.1079,1.596333
Brazil,BRA,2016,South America,203218108.0,17620.928,1312.0133,1328.9307,1.6771457
Brazil,BRA,2017,South America,204703440.0,17724.48,1378.924,1320.4865,1.5426965
Brazil,BRA,2018,South America,206107265.0,17917.75,1463.6046,1312.0133,1.5216563
Brazil,BRA,2019,South America,207455459.0,18018.621,1545.0332,1378.924,1.5030346
Brazil,BRA,2020,South America,208660845.0,17327.516,1549.5015,1463.6046,1.4873612
Brazil,BRA,2021,South America,209550291.0,18075.705,1741.859,1545.0332,1.4723535
British Virgin Islands,VGB,2000,North America,20266.0,,,,1.6838921
British Virgin Islands,VGB,2001,North America,20825.0,,,,1.6578538
British Virgin Islands,VGB,2002,North America,21454.0,,,,1.6350869
British Virgin Islands,VGB,2003,North America,22155.0,,,,1.6145396
British Virgin Islands,VGB,2004,North America,22905.0,,,,1.5991979
British Virgin Islands,VGB,2005,North America,23693.0,,,,1.58551
British Virgin Islands,VGB,2006,North America,24519.0,,,,1.575941
British Virgin Islands,VGB,2007,North America,25391.0,,,,1.570279
British Virgin Islands,VGB,2008,North America,26308.0,,,,1.566381
British Virgin Islands,VGB,2009,North America,27240.0,,,,1.5644091
British Virgin Islands,VGB,2010,North America,27698.0,,,,1.5635146
British Virgin Islands,VGB,2011,North America,28733.0,,,,1.5630946
British Virgin Islands,VGB,2012,North America,30369.0,,,,1.563498
British Virgin Islands,VGB,2013,North America,31727.0,,,,1.5623887
British Virgin Islands,VGB,2014,North America,32988.0,,,,1.5604042
British Virgin Islands,VGB,2015,North America,34523.0,,,,1.547293
British Virgin Islands,VGB,2016,North America,33904.0,,,,1.5230753
British Virgin Islands,VGB,2017,North America,32724.0,,,,1.4924706
British Virgin Islands,VGB,2018,North America,34682.0,,,,1.459467
British Virgin Islands,VGB,2019,North America,36423.0,,,,1.4212986
British Virgin Islands,VGB,2020,North America,37161.0,,,,1.3844032
British Virgin Islands,VGB,2021,North America,37833.0,,,,1.3520334
Brunei,BRN,2000,Asia,326429.0,100323.44,1884.5171,,1.0304958
Brunei,BRN,2001,Asia,333353.0,99680.766,1925.0524,,1.0036402
Brunei,BRN,2002,Asia,340108.0,101571.586,1991.0779,1884.5171,0.98293835
Brunei,BRN,2003,Asia,346650.0,103226.914,2100.9766,1925.0524,0.96771
Brunei,BRN,2004,Asia,352921.0,101497.76,2076.448,1991.0779,0.95817435
Brunei,BRN,2005,Asia,358930.0,99795.69,1823.7772,2100.9766,0.95352924
Brunei,BRN,2006,Asia,364670.0,102248.51,1650.8844,2076.448,0.9528056
Brunei,BRN,2007,Asia,370883.0,96752.62,1641.6906,1823.7772,0.9558296
Brunei,BRN,2008,Asia,377800.0,91275.5,1511.9507,1650.8844,0.963239
Brunei,BRN,2009,Asia,384965.0,87875.83,1862.3185,1641.6906,0.9740518
Brunei,BRN,2010,Asia,392340.0,88586.516,1812.2108,1511.9507,0.9882667
Brunei,BRN,2011,Asia,399395.0,90279.664,1542.2982,1862.3185,1.0042096
Brunei,BRN,2012,Asia,405564.0,89718.46,1615.0663,1812.2108,1.0225446
Brunei,BRN,2013,Asia,411205.0,86606.65,1580.1176,1542.2982,1.0401201
Brunei,BRN,2014,Asia,416757.0,83310.62,1554.9833,1615.0663,1.0558242
Brunei,BRN,2015,Asia,422223.0,81910.19,1496.8928,1580.1176,1.0668384
Brunei,BRN,2016,Asia,427571.0,78880.625,1444.3821,1554.9833,1.0718452
Brunei,BRN,2017,Asia,432787.0,78966.87,1399.7972,1496.8928,1.0709052
Brunei,BRN,2018,Asia,437811.0,78099.05,1574.0325,1444.3821,1.0640521
Brunei,BRN,2019,Asia,442690.0,80228.16,1547.287,1399.7972,1.0532175
Brunei,BRN,2020,Asia,447411.0,80280.9,1712.2711,1574.0325,1.039669
Brunei,BRN,2021,Asia,451722.0,78248.8,1680.3821,1547.287,1.0269517
Bulgaria,BGR,2000,Europe,8000519.0,12563.836,373.48297,,1.7474117
Bulgaria,BGR,2001,Europe,7928455.0,13306.505,469.27863,,1.6701322
Bulgaria,BGR,2002,Europe,7861949.0,14397.001,549.13654,373.48297,1.5963669
Bulgaria,BGR,2003,Europe,7804405.0,15271.484,603.7022,469.27863,1.513358
Bulgaria,BGR,2004,Europe,7749430.0,16388.96,631.76843,549.13654,1.4192075
Bulgaria,BGR,2005,Europe,7695047.0,17678.033,706.3638,603.7022,1.3263997
Bulgaria,BGR,2006,Europe,7640292.0,19024.543,741.6572,631.76843,1.2471195
Bulgaria,BGR,2007,Europe,7586896.0,20440.252,786.5594,706.3638,1.1852595
Bulgaria,BGR,2008,Europe,7535589.0,21845.955,898.3369,741.6572,1.1425533
Bulgaria,BGR,2009,Europe,7488016.0,21251.217,932.4863,786.5594,1.114685
Bulgaria,BGR,2010,Europe,7437594.0,21724.287,1057.3508,898.3369,1.0863452
Bulgaria,BGR,2011,Europe,7380023.0,22321.033,1115.2562,932.4863,1.0441766
Bulgaria,BGR,2012,Europe,7317020.0,22618.81,1227.333,1057.3508,0.98896205
Bulgaria,BGR,2013,Europe,7264605.0,22954.396,1199.3743,1115.2562,0.9285565
Bulgaria,BGR,2014,Europe,7223450.0,23455.482,1373.7227,1227.333,0.86905134
Bulgaria,BGR,2015,Europe,7177515.0,24562.648,1388.4508,1199.3743,0.81537366
Bulgaria,BGR,2016,Europe,7127436.0,25636.744,1537.6389,1373.7227,0.7696623
Bulgaria,BGR,2017,Europe,7075642.0,26691.758,1661.7177,1388.4508,0.7319851
Bulgaria,BGR,2018,Europe,7024745.0,27690.895,1753.5632,1537.6389,0.69999576
Bulgaria,BGR,2019,Europe,6975466.0,29149.922,1895.1364,1661.7177,0.67218775
Bulgaria,BGR,2020,Europe,6933656.0,28521.207,2304.2183,1753.5632,0.64846176
Bulgaria,BGR,2021,Europe,6877222.0,30958.982,2647.5925,1895.1364,0.6286308
Burkina Faso,BFA,2000,Africa,11925548.0,1428.574,36.048855,,17.600512
Burkina Faso,BFA,2001,Africa,12294996.0,1477.2849,37.536076,,17.186157
Burkina Faso,BFA,2002,Africa,12680904.0,1494.678,40.711117,36.048855,16.733238
Burkina Faso,BFA,2003,Africa,13082530.0,1561.8331,45.900043,37.536076,16.231619
Burkina Faso,BFA,2004,Africa,13500536.0,1581.2562,56.44074,40.711117,15.677412
Burkina Faso,BFA,2005,Africa,13932127.0,1664.9955,56.688187,45.900043,15.075256
Burkina Faso,BFA,2006,Africa,14373713.0,1714.7604,64.32032,56.44074,14.437896
Burkina Faso,BFA,2007,Africa,14816313.0,1731.9304,74.53087,56.688187,13.809089
Burkina Faso,BFA,2008,Africa,15258103.0,1779.3271,67.12499,64.32032,13.208184
Burkina Faso,BFA,2009,Africa,15710067.0,1779.323,70.661026,74.53087,12.648464
Burkina Faso,BFA,2010,Africa,16176503.0,1873.9714,76.66969,67.12499,12.13009
Burkina Faso,BFA,2011,Africa,16661907.0,1939.8666,71.18728,70.661026,11.659031
Burkina Faso,BFA,2012,Africa,17172284.0,2003.6647,72.34659,76.66969,11.226925
Burkina Faso,BFA,2013,Africa,17695411.0,2057.064,91.39928,71.18728,10.819557
Burkina Faso,BFA,2014,Africa,18229466.0,2083.1985,83.07041,72.34659,10.433371
Burkina Faso,BFA,2015,Africa,18777488.0,2101.7026,86.81056,91.39928,10.075497
Burkina Faso,BFA,2016,Africa,19334854.0,2162.7258,112.01352,83.07041,9.742595
Burkina Faso,BFA,2017,Africa,19894413.0,2232.2878,124.94136,86.81056,9.411627
Burkina Faso,BFA,2018,Africa,20438289.0,2316.3943,102.63267,112.01352,9.103264
Burkina Faso,BFA,2019,Africa,20961956.0,2391.5364,119.85648,124.94136,8.80913
Burkina Faso,BFA,2020,Africa,21478691.0,2380.9316,164.94649,102.63267,8.512484
Burkina Faso,BFA,2021,Africa,21995249.0,2486.431,176.56078,119.85648,8.241527
Burundi,BDI,2000,Africa,6470196.0,1030.3224,21.913599,,15.23873
Burundi,BDI,2001,Africa,6634368.0,1025.4838,30.014164,,14.75245
Burundi,BDI,2002,Africa,6824139.0,1041.2972,29.142185,21.913599,14.234797
Burundi,BDI,2003,Africa,7043158.0,996.56946,28.029642,30.014164,13.661844
Burundi,BDI,2004,Africa,7310656.0,1006.5124,39.12332,29.142185,13.040911
Burundi,BDI,2005,Africa,7587303.0,978.54193,41.8015,28.029642,12.370414
Burundi,BDI,2006,Africa,7865545.0,995.02783,50.496017,39.12332,11.65586
Burundi,BDI,2007,Africa,8161879.0,991.9314,54.51285,41.8015,10.9455805
Burundi,BDI,2008,Africa,8505643.0,998.56506,47.120068,50.496017,10.264636
Burundi,BDI,2009,Africa,8947653.0,985.18475,55.61089,54.51285,9.608435
Burundi,BDI,2010,Africa,9376448.0,988.0187,69.23177,47.120068,9.021537
Burundi,BDI,2011,Africa,9717980.0,991.6599,63.306602,55.61089,8.4718275
Burundi,BDI,2012,Africa,10071033.0,999.2201,55.182297,69.23177,7.9578624
Burundi,BDI,2013,Africa,10439346.0,1011.43134,59.30876,63.306602,7.488644
Burundi,BDI,2014,Africa,10799789.0,1019.1761,52.23229,55.182297,7.0579214
Burundi,BDI,2015,Africa,11047581.0,992.2858,50.16798,59.30876,6.693755
Burundi,BDI,2016,Africa,11239459.0,1006.5591,54.51376,52.23229,6.3703732
Burundi,BDI,2017,Africa,11506764.0,1020.84985,52.92575,50.16798,6.087666
Burundi,BDI,2018,Africa,11859444.0,1043.4056,54.956753,54.51376,5.848526
Burundi,BDI,2019,Africa,12255339.0,1054.726,70.51433,52.92575,5.621824
Burundi,BDI,2020,Africa,12617041.0,1027.6289,84.30169,54.956753,5.4272437
Burundi,BDI,2021,Africa,12965487.0,1032.3827,74.92222,70.51433,5.2269645
Cambodia,KHM,2000,Asia,12462343.0,1922.0317,81.381386,,10.517895
Cambodia,KHM,2001,Asia,12658486.0,2032.0809,91.76585,,9.595216
Cambodia,KHM,2002,Asia,12855249.0,2126.3416,99.81175,81.381386,8.618202
Cambodia,KHM,2003,Asia,13050977.0,2309.8394,103.18523,91.76585,7.7502356
Cambodia,KHM,2004,Asia,13244737.0,2491.3093,114.77295,99.81175,7.0390487
Cambodia,KHM,2005,Asia,13439203.0,2781.8904,125.34625,103.18523,6.4388165
Cambodia,KHM,2006,Asia,13639032.0,3041.1047,123.207924,114.77295,5.9281774
Cambodia,KHM,2007,Asia,13841773.0,3308.1575,113.60405,125.34625,5.487989
Cambodia,KHM,2008,Asia,14053479.0,3501.9258,155.41138,123.207924,5.0841
Cambodia,KHM,2009,Asia,14276819.0,3587.609,180.06007,113.60405,4.702544
Cambodia,KHM,2010,Asia,14500730.0,3711.5376,168.16707,155.41138,4.348948
Cambodia,KHM,2011,Asia,14722587.0,3921.979,193.52911,180.06007,4.026854
Cambodia,KHM,2012,Asia,14945090.0,4159.1636,206.9937,168.16707,3.7244308
Cambodia,KHM,2013,Asia,15170210.0,4419.399,194.88348,193.52911,3.4473588
Cambodia,KHM,2014,Asia,15396771.0,4702.7305,181.50581,206.9937,3.201503
Cambodia,KHM,2015,Asia,15623253.0,4968.5728,201.2425,194.88348,2.959976
Cambodia,KHM,2016,Asia,15852802.0,5283.7295,213.21608,181.50581,2.750596
Cambodia,KHM,2017,Asia,16073374.0,5632.0312,215.60399,201.2425,2.5648987
Cambodia,KHM,2018,Asia,16274522.0,6050.591,252.6,213.21608,2.4076984
Cambodia,KHM,2019,Asia,16481305.0,6448.885,311.26968,215.60399,2.2804573
Cambodia,KHM,2020,Asia,16725484.0,6128.782,304.86658,252.6,2.1774447
Cambodia,KHM,2021,Asia,16974309.0,6225.5327,394.62906,311.26968,2.0798655
Cameroon,CMR,2000,Africa,14912632.0,3822.9443,90.57531,,14.39262
Cameroon,CMR,2001,Africa,15309489.0,3884.873,91.32321,,14.100079
Cameroon,CMR,2002,Africa,15725534.0,3951.4194,91.12643,90.57531,13.7604
Cameroon,CMR,2003,Africa,16160340.0,4054.7812,92.40994,91.32321,13.428079
Cameroon,CMR,2004,Africa,16610485.0,4222.9663,94.41684,91.12643,13.08818
Cameroon,CMR,2005,Africa,17074599.0,4199.7227,98.00384,92.40994,12.761473
Cameroon,CMR,2006,Africa,17550403.0,4241.5176,101.05477,94.41684,12.419725
Cameroon,CMR,2007,Africa,18049897.0,4302.619,106.93222,98.00384,12.084426
Cameroon,CMR,2008,Africa,18574052.0,4300.2666,105.01327,101.05477,11.721102
Cameroon,CMR,2009,Africa,19113978.0,4286.577,100.76249,106.93222,11.370824
Cameroon,CMR,2010,Africa,19668063.0,4286.583,104.244026,105.01327,10.945334
Cameroon,CMR,2011,Africa,20232312.0,4307.852,115.15404,100.76249,10.516353
Cameroon,CMR,2012,Africa,20809530.0,4382.1113,120.27526,104.244026,10.079041
Cameroon,CMR,2013,Africa,21402379.0,4473.5723,117.615105,115.15404,9.645673
Cameroon,CMR,2014,Africa,22059894.0,4588.4863,148.57706,120.27526,9.235911
Cameroon,CMR,2015,Africa,22763418.0,4698.667,144.31366,117.615105,8.849965
Cameroon,CMR,2016,Africa,23454165.0,4767.132,145.89738,148.57706,8.507988
Cameroon,CMR,2017,Africa,24128609.0,4797.9756,142.89638,144.31366,8.186967
Cameroon,CMR,2018,Africa,24806377.0,4851.48,145.17767,145.89738,7.892524
Cameroon,CMR,2019,Africa,25506095.0,4882.3555,154.86755,142.89638,7.66216
Cameroon,CMR,2020,Africa,26210566.0,4763.482,185.6962,145.17767,7.4354343
Cameroon,CMR,2021,Africa,26915765.0,4793.556,208.09293,154.86755,7.192173
Canada,CAN,2000,North America,30891800.0,48399.285,2405.6714,,0.622088
Canada,CAN,2001,North America,31213578.0,48774.15,2591.2588,,0.6195765
Canada,CAN,2002,North America,31535579.0,49694.99,2727.0447,2405.6714,0.6184116
Canada,CAN,2003,North America,31836483.0,50139.766,2897.4,2591.2588,0.617098
Canada,CAN,2004,North America,32132680.0,51210.66,3057.4192,2727.0447,0.61474144
Canada,CAN,2005,North America,32440172.0,52356.54,3262.4387,2897.4,0.6103238
Canada,CAN,2006,North America,32759174.0,53195.76,3536.9177,3057.4192,0.60405064
Canada,CAN,2007,North America,33092171.0,53761.84,3710.8918,3262.4387,0.5966685
Canada,CAN,2008,North America,33449088.0,53711.656,3850.4277,3536.9177,0.5885466
Canada,CAN,2009,North America,33826370.0,51552.402,4135.877,3710.8918,0.5803738
Canada,CAN,2010,North America,34196900.0,52558.42,4266.8203,3850.4277,0.57258385
Canada,CAN,2011,North America,34555449.0,53681.11,4308.3823,4135.877,0.56496567
Canada,CAN,2012,North America,34922513.0,54034.78,4431.1704,4266.8203,0.5572413
Canada,CAN,2013,North America,35293421.0,54712.156,4595.2456,4308.3823,0.5493909
Canada,CAN,2014,North America,35634265.0,55723.46,4678.034,4431.1704,0.5415688
Canada,CAN,2015,North America,35962236.0,55660.844,4773.748,4595.2456,0.53429514
Canada,CAN,2016,North America,36353345.0,55606.133,5103.6465,4678.034,0.5277148
Canada,CAN,2017,North America,36808498.0,56612.305,5240.5195,4773.748,0.52250284
Canada,CAN,2018,North America,37294996.0,57337.47,5426.8633,5103.6465,0.5191381
Canada,CAN,2019,North America,37782934.0,57583.824,5554.9634,5240.5195,0.5179659
Canada,CAN,2020,North America,38171903.0,54092.86,6301.4727,5426.8633,0.5194248
Canada,CAN,2021,North America,38454058.0,56995.094,7017.3086,5554.9634,0.523414
Cape Verde,CPV,2000,Africa,453335.0,4510.1357,129.44594,,3.60095
Cape Verde,CPV,2001,Africa,460300.0,4540.907,142.87267,,3.2768662
Cape Verde,CPV,2002,Africa,467056.0,4710.241,150.71298,129.44594,3.047362
Cape Verde,CPV,2003,Africa,473384.0,4841.2656,149.625,142.87267,2.899819
Cape Verde,CPV,2004,Africa,479377.0,5268.303,164.29276,150.71298,2.8246639
Cape Verde,CPV,2005,Africa,485128.0,5565.7695,177.24402,149.625,2.80084
Cape Verde,CPV,2006,Africa,490728.0,5941.3823,203.90604,164.29276,2.801901
Cape Verde,CPV,2007,Africa,496196.0,6767.4067,213.88538,177.24402,2.805227
Cape Verde,CPV,2008,Africa,501362.0,7169.1396,196.52574,203.90604,2.7925408
Cape Verde,CPV,2009,Africa,506148.0,6994.574,209.98454,213.88538,2.7500648
Cape Verde,CPV,2010,Africa,509793.0,7072.1216,246.42574,196.52574,2.6738014
Cape Verde,CPV,2011,Africa,511453.0,7325.784,250.59845,209.98454,2.5630887
Cape Verde,CPV,2012,Africa,511966.0,7397.8223,295.30936,246.42574,2.4230478
Cape Verde,CPV,2013,Africa,512231.0,7440.6626,307.2016,250.59845,2.2607644
Cape Verde,CPV,2014,Africa,512334.0,7491.022,311.36594,295.30936,2.087139
Cape Verde,CPV,2015,Africa,512405.0,7560.1367,298.08395,307.2016,1.9151726
Cape Verde,CPV,2016,Africa,512556.0,7881.303,320.5909,311.36594,1.7575022
Cape Verde,CPV,2017,Africa,512899.0,8234.56,355.57263,298.08395,1.6214199
Cape Verde,CPV,2018,Africa,513418.0,8531.13,378.83847,320.5909,1.5058409
Cape Verde,CPV,2019,Africa,514116.0,9111.63,416.9149,355.57263,1.4112571
Cape Verde,CPV,2020,Africa,514683.0,7207.8687,483.50247,378.83847,1.3325377
Cape Verde,CPV,2021,Africa,516655.0,7685.4194,507.8326,416.9149,1.2665204
Cayman Islands,CYM,2006,,,92213.08,,,
Cayman Islands,CYM,2007,,,92343.73,,,
Cayman Islands,CYM,2008,,,89380.15,,,
Cayman Islands,CYM,2009,,,80631.84,,,
Cayman Islands,CYM,2010,,,76294.766,,,
Cayman Islands,CYM,2011,,,75094.83,,,
Cayman Islands,CYM,2012,,,73982.68,,,
Cayman Islands,CYM,2013,,,72988.7,,,
Cayman Islands,CYM,2014,,,73051.81,,,
Cayman Islands,CYM,2015,,,73315.38,,,
Cayman Islands,CYM,2016,,,73941.86,,,
Cayman Islands,CYM,2017,,,74599.68,,,
Cayman Islands,CYM,2018,,,76124.55,,,
Cayman Islands,CYM,2019,,,77476.84,,,
Cayman Islands,CYM,2020,,,72183.13,,,
Cayman Islands,CYM,2021,,,74160.49,,,
Central African Republic,CAF,2000,Africa,3833421.0,1245.814,26.51963,,16.545786
Central African Republic,CAF,2001,Africa,3919498.0,1272.857,25.872288,,16.248667
Central African Republic,CAF,2002,Africa,4006079.0,1290.3832,28.89936,26.51963,15.904712
Central African Republic,CAF,2003,Africa,4103092.0,1191.8732,28.288202,25.872288,15.55904
Central African Republic,CAF,2004,Africa,4192828.0,1236.2854,29.504637,28.89936,15.18253
Central African Republic,CAF,2005,Africa,4288814.0,1219.594,31.379744,28.288202,14.791018
Central African Republic,CAF,2006,Africa,4377582.0,1251.8708,33.731815,29.504637,14.348096
Central African Republic,CAF,2007,Africa,4462777.0,1284.5529,37.52643,31.379744,13.931201
Central African Republic,CAF,2008,Africa,4558989.0,1283.2728,32.8893,33.731815,13.546592
Central African Republic,CAF,2009,Africa,4529051.0,1402.6816,41.08397,37.52643,48.929096
Central African Republic,CAF,2010,Africa,4493003.0,1479.4137,33.404423,32.8893,15.074063
Central African Republic,CAF,2011,Africa,4565023.0,1517.1484,36.027878,41.08397,12.509035
Central African Republic,CAF,2012,Africa,4610848.0,1577.9806,41.613365,33.404423,12.194049
Central African Republic,CAF,2013,Africa,4642423.0,996.89636,33.83593,36.027878,13.421137
Central African Republic,CAF,2014,Africa,4623187.0,1001.85596,31.911705,41.613365,18.684717
Central African Republic,CAF,2015,Africa,4629322.0,1043.9218,38.707584,33.83593,11.370655
Central African Republic,CAF,2016,Africa,4713663.0,1073.9448,44.968353,31.911705,12.676888
Central African Republic,CAF,2017,Africa,4793512.0,1103.8661,58.909664,38.707584,15.520777
Central African Republic,CAF,2018,Africa,4878663.0,1125.7009,102.181404,44.968353,12.023307
Central African Republic,CAF,2019,Africa,4944708.0,1145.0956,78.39879,58.909664,25.46916
Central African Republic,CAF,2020,Africa,5026629.0,1136.5706,98.213615,102.181404,12.418785
Central African Republic,CAF,2021,Africa,5112103.0,1128.5524,106.03267,78.39879,17.87001
Chad,TCD,2000,Africa,8512092.0,1506.7158,44.517326,,18.243279
Chad,TCD,2001,Africa,8804122.0,1626.5668,47.661987,,17.902119
Chad,TCD,2002,Africa,9116195.0,1704.273,69.63335,44.517326,17.561401
Chad,TCD,2003,Africa,9487830.0,1878.5858,59.32058,47.661987,17.22799
Chad,TCD,2004,Africa,9920036.0,2400.97,77.736824,69.63335,16.884377
Chad,TCD,2005,Africa,10328094.0,2705.8164,73.45309,59.32058,16.53953
Chad,TCD,2006,Africa,10706426.0,2596.0325,73.8602,77.736824,16.178507
Chad,TCD,2007,Africa,11081667.0,2613.4739,67.63283,73.45309,15.810056
Chad,TCD,2008,Africa,11476299.0,2601.3613,64.084015,73.8602,15.43438
Chad,TCD,2009,Africa,11893753.0,2474.7075,70.95017,67.63283,15.051884
Chad,TCD,2010,Africa,12312580.0,2717.4055,71.903435,64.084015,14.67054
Chad,TCD,2011,Africa,12755004.0,2741.0708,68.2026,70.95017,14.29325
Chad,TCD,2012,Africa,13211006.0,2886.2747,65.09243,71.903435,13.926523
Chad,TCD,2013,Africa,13691081.0,2864.113,62.413937,68.2026,13.578848
Chad,TCD,2014,Africa,14188680.0,2820.678,70.33286,65.09243,13.227673
Chad,TCD,2015,Africa,14647626.0,2822.5793,80.89576,62.413937,12.869482
Chad,TCD,2016,Africa,15114652.0,2622.598,78.62184,70.33286,12.497473
Chad,TCD,2017,Africa,15622756.0,2496.2622,73.61468,80.89576,12.135709
Chad,TCD,2018,Africa,16156535.0,2552.3704,73.27995,78.62184,11.760285
Chad,TCD,2019,Africa,16685223.0,2604.5315,79.596794,73.61468,11.39786
Chad,TCD,2020,Africa,17224686.0,2513.0293,95.1376,73.27995,11.058597
Chad,TCD,2021,Africa,17828274.0,2435.0728,96.72677,79.596794,10.725197
Chile,CHL,2000,South America,15503638.0,17529.42,656.3107,,1.090055
Chile,CHL,2001,South America,15683852.0,17874.531,693.80334,,1.0331339
Chile,CHL,2002,South America,15857926.0,18244.52,730.45,656.3107,0.9819682
Chile,CHL,2003,South America,16024755.0,18907.346,776.4409,693.80334,0.9449361
Chile,CHL,2004,South America,16187324.0,19966.709,802.4501,730.45,0.92386484
Chile,CHL,2005,South America,16348780.0,20923.48,831.3057,776.4409,0.91171396
Chile,CHL,2006,South America,16509195.0,21973.738,941.8693,802.4501,0.90112144
Chile,CHL,2007,South America,16671571.0,22884.299,1037.3492,831.3057,0.8914845
Chile,CHL,2008,South America,16838987.0,23515.348,1103.6656,941.8693,0.8846319
Chile,CHL,2009,South America,17009730.0,23019.03,1156.5143,1037.3492,0.8798291
Chile,CHL,2010,South America,17181463.0,24122.479,1221.9259,1103.6656,0.8732336
Chile,CHL,2011,South America,17351810.0,25372.273,1368.169,1156.5143,0.86122507
Chile,CHL,2012,South America,17519116.0,26676.81,1499.8015,1221.9259,0.8441621
Chile,CHL,2013,South America,17687006.0,27297.818,1659.6466,1368.169,0.82521653
Chile,CHL,2014,South America,17864192.0,27511.56,1768.5422,1499.8015,0.80635184
Chile,CHL,2015,South America,18047630.0,27817.959,1875.546,1659.6466,0.789401
Chile,CHL,2016,South America,18267225.0,27965.348,1990.2151,1768.5422,0.77459896
Chile,CHL,2017,South America,18558868.0,27899.598,2208.5618,1875.546,0.7574484
Chile,CHL,2018,South America,18893185.0,28499.406,2315.518,1990.2151,0.7323113
Chile,CHL,2019,South America,19197748.0,28227.979,2384.3738,2208.5618,0.70040965
Chile,CHL,2020,South America,19370621.0,26258.404,2458.3606,2315.518,0.6766243
Chile,CHL,2021,South America,19456323.0,29106.635,2828.843,2384.3738,0.6729073
China,CHN,2000,Asia,1269581174.0,4065.8672,130.1874,,3.6639075
China,CHN,2001,Asia,1278725061.0,4372.4355,135.15578,,3.4071124
China,CHN,2002,Asia,1286866835.0,4744.382,153.5437,130.1874,3.143867
China,CHN,2003,Asia,1294517323.0,5191.7812,172.8419,135.15578,2.8832693
China,CHN,2004,Asia,1302100316.0,5684.388,188.65413,153.5437,2.6328576
China,CHN,2005,Asia,1310027135.0,6298.2993,210.54553,172.8419,2.4016078
China,CHN,2006,Asia,1318054030.0,7057.1113,229.59714,188.65413,2.1945565
China,CHN,2007,Asia,1325813576.0,8013.7837,249.50734,210.54553,2.0117762
China,CHN,2008,Asia,1333821011.0,8743.702,292.63544,229.59714,1.8490508
China,CHN,2009,Asia,1342522717.0,9518.682,357.3471,249.50734,1.70505
China,CHN,2010,Asia,1351561505.0,10476.152,384.183,292.63544,1.5749362
China,CHN,2011,Asia,1360250658.0,11404.918,438.52582,357.3471,1.4561657
China,CHN,2012,Asia,1369520866.0,12217.935,507.6174,384.183,1.3483268
China,CHN,2013,Asia,1379008040.0,13080.879,563.05634,438.52582,1.2478452
China,CHN,2014,Asia,1387951970.0,13968.519,602.5616,507.6174,1.156309
China,CHN,2015,Asia,1396134171.0,14857.108,647.3626,563.05634,1.0724111
China,CHN,2016,Asia,1404052628.0,15772.837,682.87726,602.5616,0.9956599
China,CHN,2017,Asia,1412354730.0,16758.047,735.9922,647.3626,0.9253209
China,CHN,2018,Asia,1419008954.0,17807.049,814.63007,682.87726,0.8612711
China,CHN,2019,Asia,1423520357.0,18820.588,917.2216,735.9922,0.8032591
China,CHN,2020,Asia,1426106093.0,19215.102,1002.0306,814.63007,0.75012606
China,CHN,2021,Asia,1426437269.0,20843.297,1084.0332,917.2216,0.7010352
Colombia,COL,2000,South America,39089939.0,10813.494,378.43405,,2.5019622
Colombia,COL,2001,South America,39709263.0,10823.45,408.42255,,2.4221728
Colombia,COL,2002,South America,40324684.0,10925.148,403.92972,378.43405,2.345546
Colombia,COL,2003,South America,40937426.0,11183.291,424.73114,408.42255,2.2743294
Colombia,COL,2004,South America,41543177.0,11607.938,454.56354,403.92972,2.2051415
Colombia,COL,2005,South America,42128978.0,11999.255,506.44348,424.73114,2.137709
Colombia,COL,2006,South America,42691081.0,12636.625,574.12006,454.56354,2.0724063
Colombia,COL,2007,South America,43235374.0,13318.304,636.702,506.44348,2.008719
Colombia,COL,2008,South America,43758805.0,13591.061,698.00165,574.12006,1.9453688
Colombia,COL,2009,South America,44271543.0,13586.752,750.4342,636.702,1.8833126
Colombia,COL,2010,South America,44777325.0,14037.064,758.86346,698.00165,1.8214995
Colombia,COL,2011,South America,45259614.0,14852.37,785.9473,750.4342,1.7636416
Colombia,COL,2012,South America,45715807.0,15279.479,809.0226,758.86346,1.7063752
Colombia,COL,2013,South America,46151583.0,15912.247,890.82947,785.9473,1.6496078
Colombia,COL,2014,South America,46565426.0,16480.363,954.8618,809.0226,1.5955976
Colombia,COL,2015,South America,46969938.0,16821.38,999.68,890.82947,1.54532
Colombia,COL,2016,South America,47437513.0,17003.244,1056.3853,954.8618,1.4959917
Colombia,COL,2017,South America,48131076.0,16986.033,1105.7717,999.68,1.4471217
Colombia,COL,2018,South America,49024463.0,17104.13,1176.1431,1056.3853,1.4005809
Colombia,COL,2019,South America,49907987.0,17336.771,1267.6736,1105.7717,1.354837
Colombia,COL,2020,South America,50629997.0,15861.5,1349.7853,1176.1431,1.3122499
Colombia,COL,2021,South America,51188174.0,17383.09,1589.0762,1267.6736,1.2703466
Comoros,COM,2000,Africa,536084.0,2917.8716,132.28624,,7.9865804
Comoros,COM,2001,Africa,547221.0,3013.389,122.342995,,7.677159
Comoros,COM,2002,Africa,558927.0,3085.9382,127.35805,132.28624,7.3789425
Comoros,COM,2003,Africa,569808.0,3085.5967,129.13817,122.342995,7.099929
Comoros,COM,2004,Africa,580711.0,3121.5168,128.86612,127.35805,6.833019
Comoros,COM,2005,Africa,592679.0,3231.725,127.183014,129.13817,6.5832715
Comoros,COM,2006,Africa,604752.0,3111.6257,122.13531,128.86612,6.3417835
Comoros,COM,2007,Africa,616935.0,3074.7346,117.99024,127.183014,6.1239095
Comoros,COM,2008,Africa,629314.0,3133.7502,114.685524,122.13531,5.9207397
Comoros,COM,2009,Africa,641949.0,3171.6035,113.51432,117.99024,5.7324033
Comoros,COM,2010,Africa,654846.0,3226.635,118.42652,114.685524,5.5559464
Comoros,COM,2011,Africa,668064.0,3293.834,131.05707,113.51432,5.400646
Comoros,COM,2012,Africa,681637.0,3330.5244,138.58403,118.42652,5.2547417
Comoros,COM,2013,Africa,696203.0,3406.4993,144.54378,131.05707,5.121251
Comoros,COM,2014,Africa,711512.0,3403.4128,153.88683,138.58403,5.002526
Comoros,COM,2015,Africa,726685.0,3370.5557,135.70232,144.54378,4.8906894
Comoros,COM,2016,Africa,741745.0,3411.7712,146.04863,153.88683,4.7851453
Comoros,COM,2017,Africa,756672.0,3472.0786,176.34639,135.70232,4.6858854
Comoros,COM,2018,Africa,771597.0,3528.9587,160.62883,146.04863,4.584982
Comoros,COM,2019,Africa,786582.0,3522.6687,170.59496,176.34639,4.483985
Comoros,COM,2020,Africa,802172.0,3447.4727,191.52675,160.62883,4.37215
Comoros,COM,2021,Africa,818178.0,3449.0435,218.31766,170.59496,4.2588644
Congo,COG,2000,Africa,3151349.0,7570.583,56.886585,,11.246525
Congo,COG,2001,Africa,3272542.0,7567.439,81.54992,,10.934222
Congo,COG,2002,Africa,3350770.0,7729.3887,66.80267,56.886585,10.462359
Congo,COG,2003,Africa,3445758.0,7577.4565,75.31113,81.54992,9.891284
Congo,COG,2004,Africa,3565565.0,7577.446,76.95854,66.80267,9.231856
Congo,COG,2005,Africa,3696399.0,7876.118,73.500854,75.31113,8.572995
Congo,COG,2006,Africa,3837411.0,8192.58,78.393036,76.95854,7.95012
Congo,COG,2007,Africa,3980430.0,7375.8247,80.69454,73.500854,7.3938017
Congo,COG,2008,Africa,4113514.0,7587.288,99.61023,78.393036,6.915265
Congo,COG,2009,Africa,4281218.0,8138.45,102.84601,80.69454,6.533679
Congo,COG,2010,Africa,4462304.0,8583.662,94.90238,99.61023,6.2377315
Congo,COG,2011,Africa,4609728.0,8492.421,90.68889,102.84601,5.9954934
Congo,COG,2012,Africa,4740457.0,9079.687,115.691505,94.90238,5.7929044
Congo,COG,2013,Africa,4857104.0,8798.494,113.37947,90.68889,5.6185145
Congo,COG,2014,Africa,4975887.0,9159.257,113.08196,115.691505,5.4470983
Congo,COG,2015,Africa,5097583.0,8977.707,110.7634,113.37947,5.2685246
Congo,COG,2016,Africa,5222545.0,8001.8257,104.18554,113.08196,5.0973425
Congo,COG,2017,Africa,5351013.0,7372.7705,105.10506,110.7634,4.9282613
Congo,COG,2018,Africa,5483128.0,7029.3364,98.208084,104.18554,4.758773
Congo,COG,2019,Africa,5616656.0,6939.369,134.27977,105.10506,5.2244883
Congo,COG,2020,Africa,5752792.0,6350.5093,191.68549,98.208084,4.4507174
Congo,COG,2021,Africa,5892187.0,6263.2114,195.65422,134.27977,4.298192
Cook Islands,COK,2000,Oceania,15876.0,,,,1.8663383
Cook Islands,COK,2001,Oceania,15259.0,,,,1.7901385
Cook Islands,COK,2002,Oceania,14994.0,,,,1.7179942
Cook Islands,COK,2003,Oceania,15049.0,,,,1.6495386
Cook Islands,COK,2004,Oceania,15103.0,,,,1.5810511
Cook Islands,COK,2005,Oceania,15153.0,,,,1.5138348
Cook Islands,COK,2006,Oceania,15233.0,,,,1.449521
Cook Islands,COK,2007,Oceania,15519.0,,,,1.3908343
Cook Islands,COK,2008,Oceania,16003.0,,,,1.3418789
Cook Islands,COK,2009,Oceania,16497.0,,,,1.3047146
Cook Islands,COK,2010,Oceania,17000.0,,,,1.2816446
Cook Islands,COK,2011,Oceania,17480.0,,,,1.2722882
Cook Islands,COK,2012,Oceania,17690.0,,,,1.2769207
Cook Islands,COK,2013,Oceania,17629.0,,,,1.2914274
Cook Islands,COK,2014,Oceania,17556.0,,,,1.313495
Cook Islands,COK,2015,Oceania,17471.0,,,,1.3403974
Cook Islands,COK,2016,Oceania,17360.0,,,,1.3681394
Cook Islands,COK,2017,Oceania,17066.0,,,,1.3962343
Cook Islands,COK,2018,Oceania,16623.0,,,,1.4197652
Cook Islands,COK,2019,Oceania,16151.0,,,,1.432545
Cook Islands,COK,2020,Oceania,15664.0,,,,1.4302934
Cook Islands,COK,2021,Oceania,15205.0,,,,1.4155072
Costa Rica,CRI,2000,North America,3937737.0,14025.69,532.12585,,1.3088025
Costa Rica,CRI,2001,North America,4008951.0,14257.525,545.4504,,1.2589228
Costa Rica,CRI,2002,North America,4075710.0,14503.177,597.8748,532.12585,1.2157551
Costa Rica,CRI,2003,North America,4138791.0,14898.72,635.43,545.4504,1.18053
Costa Rica,CRI,2004,North America,4200079.0,15330.883,638.7419,597.8748,1.1538308
Costa Rica,CRI,2005,North America,4261240.0,15711.745,678.6233,635.43,1.1344907
Costa Rica,CRI,2006,North America,4321337.0,16628.373,770.4837,638.7419,1.1200578
Costa Rica,CRI,2007,North America,4380250.0,17752.416,852.242,678.6233,1.1073669
Costa Rica,CRI,2008,North America,4440058.0,18343.1,958.05145,770.4837,1.0928048
Costa Rica,CRI,2009,North America,4499788.0,17941.502,992.53656,852.242,1.0732378
Costa Rica,CRI,2010,North America,4555965.0,18670.168,1067.7583,958.05145,1.0482677
Costa Rica,CRI,2011,North America,4609834.0,19264.457,1137.6069,992.53656,1.0175395
Costa Rica,CRI,2012,North America,4663930.0,19970.686,1153.185,1067.7583,0.98416
Costa Rica,CRI,2013,North America,4716153.0,20242.293,1192.5437,1137.6069,0.9514923
Costa Rica,CRI,2014,North America,4767126.0,20735.193,1274.354,1153.185,0.9227326
Costa Rica,CRI,2015,North America,4818045.0,21265.318,1343.1595,1192.5437,0.9014849
Costa Rica,CRI,2016,North America,4867003.0,21936.467,1405.0387,1274.354,0.88987756
Costa Rica,CRI,2017,North America,4913177.0,22633.766,1444.226,1343.1595,0.8884649
Costa Rica,CRI,2018,North America,4957813.0,23069.861,1566.3204,1405.0387,0.89604676
Costa Rica,CRI,2019,North America,4999549.0,23496.83,1685.4113,1444.226,0.91154045
Costa Rica,CRI,2020,North America,5034323.0,22368.139,1729.4158,1566.3204,0.9330061
Costa Rica,CRI,2021,North America,5059991.0,24083.6,1815.5189,1685.4113,0.9583633
Cote d'Ivoire,CIV,2000,Africa,17699007.0,4838.376,98.5456,,14.0435095
Cote d'Ivoire,CIV,2001,Africa,18178920.0,4609.1787,98.03837,,13.691075
Cote d'Ivoire,CIV,2002,Africa,18654772.0,4368.9604,95.978134,98.5456,13.313876
Cote d'Ivoire,CIV,2003,Africa,19125546.0,4060.0305,106.61752,98.03837,12.922732
Cote d'Ivoire,CIV,2004,Africa,19594997.0,4088.9753,109.65714,95.978134,12.528341
Cote d'Ivoire,CIV,2005,Africa,20068468.0,4032.2756,110.78902,106.61752,12.118599
Cote d'Ivoire,CIV,2006,Africa,20546808.0,4049.2903,112.58462,109.65714,11.738562
Cote d'Ivoire,CIV,2007,Africa,21030558.0,3999.7205,122.54438,110.78902,11.353197
Cote d'Ivoire,CIV,2008,Africa,21514446.0,4096.754,127.2261,112.58462,10.898781
Cote d'Ivoire,CIV,2009,Africa,21997936.0,4151.0845,146.54562,122.54438,10.520988
Cote d'Ivoire,CIV,2010,Africa,22488068.0,4338.6846,151.51944,127.2261,10.157422
Cote d'Ivoire,CIV,2011,Africa,22982003.0,4017.4375,135.21423,146.54562,9.843403
Cote d'Ivoire,CIV,2012,Africa,23467083.0,4234.212,148.6132,151.51944,9.534536
Cote d'Ivoire,CIV,2013,Africa,23939775.0,4597.22,136.0182,135.21423,9.199715
Cote d'Ivoire,CIV,2014,Africa,24527393.0,4907.611,152.13234,148.6132,8.861976
Cote d'Ivoire,CIV,2015,Africa,25246347.0,5110.9004,141.79216,136.0182,8.548236
Cote d'Ivoire,CIV,2016,Africa,25989404.0,5320.8857,150.46342,152.13234,8.298177
Cote d'Ivoire,CIV,2017,Africa,26733376.0,5556.155,152.2868,141.79216,8.052916
Cote d'Ivoire,CIV,2018,Africa,27464175.0,5670.242,152.9028,150.46342,7.789633
Cote d'Ivoire,CIV,2019,Africa,28193014.0,5894.9224,175.92726,152.2868,7.5299654
Cote d'Ivoire,CIV,2020,Africa,28915452.0,5787.858,200.86917,152.9028,7.3041368
Cote d'Ivoire,CIV,2021,Africa,29639737.0,6045.2046,227.42523,175.92726,7.080103
Croatia,HRV,2000,Europe,4326105.0,21302.412,843.35565,,0.83359945
Croatia,HRV,2001,Europe,4301079.0,22826.723,835.32684,,0.80257845
Croatia,HRV,2002,Europe,4305783.0,24136.781,784.09106,843.35565,0.7707959
Croatia,HRV,2003,Europe,4306683.0,25473.566,861.72,835.32684,0.8170324
Croatia,HRV,2004,Europe,4310050.0,26528.537,954.518,784.09106,0.7058301
Croatia,HRV,2005,Europe,4313946.0,27641.137,1056.0149,861.72,0.6739
Croatia,HRV,2006,Europe,4315802.0,29035.676,1231.6986,954.518,0.6436282
Croatia,HRV,2007,Europe,4315959.0,30508.307,1444.2528,1056.0149,0.61515856
Croatia,HRV,2008,Europe,4314635.0,31113.555,1603.3323,1231.6986,0.58922476
Croatia,HRV,2009,Europe,4310537.0,29024.664,1632.6681,1444.2528,0.56589484
Croatia,HRV,2010,Europe,4301150.0,28701.875,1599.1201,1603.3323,0.5453811
Croatia,HRV,2011,Europe,4280827.0,28769.023,1616.115,1632.6681,0.52866846
Croatia,HRV,2012,Europe,4259233.0,28259.164,1650.9509,1599.1201,0.51569563
Croatia,HRV,2013,Europe,4242403.0,28397.982,1426.6892,1616.115,0.5056216
Croatia,HRV,2014,Europe,4219485.0,28456.336,1484.7295,1650.9509,0.49757904
Croatia,HRV,2015,Europe,4183732.0,29466.451,1569.1814,1426.6892,0.49125051
Croatia,HRV,2016,Europe,4136438.0,30820.805,1714.4257,1484.7295,0.48608267
Croatia,HRV,2017,Europe,4079198.0,32348.588,1831.4069,1569.1814,0.48132133
Croatia,HRV,2018,Europe,4024868.0,33729.547,1981.9993,1714.4257,0.47671762
Croatia,HRV,2019,Europe,3986338.0,35122.797,2223.274,1831.4069,0.47237965
Croatia,HRV,2020,Europe,3953956.0,32493.402,2403.271,1981.9993,0.4682958
Croatia,HRV,2021,Europe,3924607.0,36930.074,2950.4324,2223.274,0.46415898
Cuba,CUB,2000,North America,11109112.0,,548.7671,,0.85744244
Cuba,CUB,2001,North America,11144134.0,,640.31854,,0.8234808
Cuba,CUB,2002,North America,11177422.0,,712.71747,548.7671,0.792277
Cuba,CUB,2003,North America,11209379.0,,758.3069,640.31854,0.7622732
Cuba,CUB,2004,North America,11238756.0,,749.12085,712.71747,0.73489517
Cuba,CUB,2005,North America,11262553.0,,1069.3662,758.3069,0.70899904
Cuba,CUB,2006,North America,11278550.0,,1289.4196,749.12085,0.6848093
Cuba,CUB,2007,North America,11287274.0,,1836.8899,1069.3662,0.6642458
Cuba,CUB,2008,North America,11291764.0,,1965.3962,1289.4196,0.6461195
Cuba,CUB,2009,North America,11294719.0,,2179.142,1836.8899,0.63147557
Cuba,CUB,2010,North America,11297414.0,,2028.6156,1965.3962,0.6195065
Cuba,CUB,2011,North America,11301578.0,,2158.115,2179.142,0.6103056
Cuba,CUB,2012,North America,11303172.0,,1861.2366,2028.6156,0.60524905
Cuba,CUB,2013,North America,11298163.0,,2182.5571,2158.115,0.6040516
Cuba,CUB,2014,North America,11285780.0,,2614.601,1861.2366,0.6072433
Cuba,CUB,2015,North America,11275069.0,,2911.4827,2182.5571,0.6142655
Cuba,CUB,2016,North America,11265615.0,,2819.1082,2614.601,0.6262672
Cuba,CUB,2017,North America,11247824.0,,2747.5461,2911.4827,0.64259106
Cuba,CUB,2018,North America,11227116.0,,2765.1406,2819.1082,0.6627175
Cuba,CUB,2019,North America,11202847.0,,2829.2615,2747.5461,0.68788934
Cuba,CUB,2020,North America,11176349.0,,2882.5427,2765.1406,0.71643865
Cuba,CUB,2021,North America,11122169.0,,3386.376,2829.2615,0.7487467
Curacao,CUW,2000,,,34307.125,,,
Curacao,CUW,2001,,,35339.066,,,
Curacao,CUW,2002,,,35435.996,,,
Curacao,CUW,2003,,,34812.793,,,
Curacao,CUW,2004,,,34288.742,,,
Curacao,CUW,2005,,,33651.504,,,
Curacao,CUW,2006,,,33334.855,,,
Curacao,CUW,2007,,,33490.254,,,
Curacao,CUW,2008,,,33795.133,,,
Curacao,CUW,2009,,,33397.4,,,
Curacao,CUW,2010,,,33004.555,,,
Curacao,CUW,2011,,,32704.355,,,
Curacao,CUW,2012,,,32320.877,,,
Curacao,CUW,2013,,,31753.385,,,
Curacao,CUW,2014,,,31128.646,,,
Curacao,CUW,2015,,,30861.32,,,
Curacao,CUW,2016,,,30209.79,,,
Curacao,CUW,2017,,,29729.102,,,
Curacao,CUW,2018,,,29256.816,,,
Curacao,CUW,2019,,,28659.656,,,
Curacao,CUW,2020,,,23669.771,,,
Curacao,CUW,2021,,,24905.768,,,
Cyprus,CYP,2000,Europe,947667.0,36121.664,1135.9104,,0.6560007
Cyprus,CYP,2001,Europe,964129.0,37146.844,1228.0497,,0.6160491
Cyprus,CYP,2002,Europe,981443.0,38090.777,1330.5092,1135.9104,0.57875335
Cyprus,CYP,2003,Europe,999600.0,38617.812,1377.1993,1228.0497,0.5436964
Cyprus,CYP,2004,Europe,1017875.0,40019.926,1412.3729,1330.5092,0.50830615
Cyprus,CYP,2005,Europe,1036156.0,41362.094,1520.4254,1377.1993,0.47344574
Cyprus,CYP,2006,Europe,1054424.0,42595.203,1655.2213,1412.3729,0.43861705
Cyprus,CYP,2007,Europe,1072727.0,43823.76,1783.432,1520.4254,0.40596497
Cyprus,CYP,2008,Europe,1091029.0,44295.63,2122.5786,1655.2213,0.37563267
Cyprus,CYP,2009,Europe,1109377.0,42253.387,2221.2153,1783.432,0.34797308
Cyprus,CYP,2010,Europe,1127826.0,42102.28,2205.475,2122.5786,0.3233409
Cyprus,CYP,2011,Europe,1146493.0,41212.688,2176.952,2221.2153,0.30131656
Cyprus,CYP,2012,Europe,1165403.0,39190.223,2091.3562,2205.475,0.2824274
Cyprus,CYP,2013,Europe,1183899.0,36650.57,2107.3794,2176.952,0.2669983
Cyprus,CYP,2014,Europe,1201806.0,36104.902,2072.9585,2091.3562,0.2560623
Cyprus,CYP,2015,Europe,1219504.0,37258.5,2136.1167,2107.3794,0.25037357
Cyprus,CYP,2016,Europe,1237114.0,39500.85,2353.1177,2072.9585,0.25107348
Cyprus,CYP,2017,Europe,1254274.0,41417.99,2513.5276,2136.1167,0.25941214
Cyprus,CYP,2018,Europe,1270743.0,43510.03,2749.6006,2353.1177,0.27480122
Cyprus,CYP,2019,Europe,1286669.0,45454.176,3128.2317,2513.5276,0.2973449
Cyprus,CYP,2020,Europe,1302250.0,43402.36,3705.918,2749.6006,0.32783908
Cyprus,CYP,2021,Europe,1317311.0,47632.57,4262.485,3128.2317,0.36555144
Czechia,CZE,2000,Europe,10236809.0,29427.406,923.63257,,0.5454162
Czechia,CZE,2001,Europe,10231942.0,30399.873,1031.8622,,0.51823133
Czechia,CZE,2002,Europe,10239474.0,30919.549,1127.0559,923.63257,0.49740916
Czechia,CZE,2003,Europe,10248907.0,31949.297,1274.9272,1031.8622,0.47815245
Czechia,CZE,2004,Europe,10261453.0,33452.34,1329.6022,1127.0559,0.45755616
Czechia,CZE,2005,Europe,10280155.0,35535.746,1402.7372,1274.9272,0.43595842
Czechia,CZE,2006,Europe,10304592.0,37786.88,1476.8113,1329.6022,0.4140216
Czechia,CZE,2007,Europe,10337539.0,39629.008,1580.4069,1402.7372,0.39229453
Czechia,CZE,2008,Europe,10378298.0,40328.344,1777.9052,1476.8113,0.37190726
Czechia,CZE,2009,Europe,10420985.0,38175.14,2015.8228,1580.4069,0.35357928
Czechia,CZE,2010,Europe,10464035.0,39097.387,2108.1628,1777.9052,0.33805376
Czechia,CZE,2011,Europe,10495508.0,39708.164,2186.7903,2015.8228,0.32598487
Czechia,CZE,2012,Europe,10507339.0,39347.05,2222.7625,2108.1628,0.3179446
Czechia,CZE,2013,Europe,10511164.0,39317.555,2309.5388,2186.7903,0.3143078
Czechia,CZE,2014,Europe,10517223.0,40158.016,2471.6316,2222.7625,0.31475675
Czechia,CZE,2015,Europe,10524418.0,42066.574,2489.0684,2309.5388,0.3169949
Czechia,CZE,2016,Europe,10531946.0,43069.465,2671.878,2471.6316,0.31843454
Czechia,CZE,2017,Europe,10541343.0,45177.523,2853.6094,2489.0684,0.317266
Czechia,CZE,2018,Europe,10548934.0,46301.082,3075.206,2671.878,0.3115143
Czechia,CZE,2019,Europe,10554872.0,47763.617,3422.4473,2853.6094,0.30162317
Czechia,CZE,2020,Europe,10550129.0,45119.938,4023.557,3075.206,0.29033327
Czechia,CZE,2021,Europe,10530683.0,47796.035,4379.907,3422.4473,0.27977654
Democratic Republic of Congo,COD,2000,Africa,50507445.0,981.42206,6.1063933,,18.457052
Democratic Republic of Congo,COD,2001,Africa,52132646.0,930.85785,10.596943,,17.84498
Democratic Republic of Congo,COD,2002,Africa,53750529.0,929.4528,10.528234,6.1063933,17.218874
Democratic Republic of Congo,COD,2003,Africa,55343873.0,953.0446,15.991906,10.596943,16.587248
Democratic Republic of Congo,COD,2004,Africa,56997740.0,987.74695,19.76498,10.528234,15.943816
Democratic Republic of Congo,COD,2005,Africa,58775726.0,1016.6339,20.326813,15.991906,12.439526
Democratic Republic of Congo,COD,2006,Africa,60615909.0,1036.1333,22.171412,19.76498,11.890793
Democratic Republic of Congo,COD,2007,Africa,62477753.0,1091.5408,23.282736,20.326813,11.379168
Democratic Republic of Congo,COD,2008,Africa,64390658.0,1137.8408,28.3354,22.171412,10.915263
Democratic Republic of Congo,COD,2009,Africa,66412038.0,1109.1831,25.833887,23.282736,10.495327
Democratic Republic of Congo,COD,2010,Africa,68563038.0,1166.983,23.049753,28.3354,10.138662
Democratic Republic of Congo,COD,2011,Africa,70849311.0,1124.7721,20.564133,25.833887,9.834299
Democratic Republic of Congo,COD,2012,Africa,73254623.0,1182.1407,20.868956,23.049753,9.591562
Democratic Republic of Congo,COD,2013,Africa,75789397.0,1342.7416,25.410082,20.564133,9.406061
Democratic Republic of Congo,COD,2014,Africa,78403248.0,1392.7584,32.012814,20.868956,9.273219
Democratic Republic of Congo,COD,2015,Africa,81035532.0,1433.2158,34.101242,25.410082,9.192253
Democratic Republic of Congo,COD,2016,Africa,83956416.0,1388.8016,39.90358,32.012814,9.151833
Democratic Republic of Congo,COD,2017,Africa,87083400.0,1395.7196,41.700054,34.101242,9.145465
Democratic Republic of Congo,COD,2018,Africa,90047647.0,1431.7285,34.999516,39.90358,9.171198
Democratic Republic of Congo,COD,2019,Africa,92947450.0,1394.7646,40.25181,41.700054,9.2232485
Democratic Republic of Congo,COD,2020,Africa,95990000.0,1361.028,46.018856,34.999516,9.2734165
Democratic Republic of Congo,COD,2021,Africa,99148930.0,1402.3856,50.798885,40.25181,9.291333
Denmark,DNK,2000,Europe,5339659.0,57585.9,2322.8408,,0.56430197
Denmark,DNK,2001,Europe,5358825.0,57925.055,2487.674,,0.55253583
Denmark,DNK,2002,Europe,5375967.0,58003.887,2666.4656,2322.8408,0.53878117
Denmark,DNK,2003,Europe,5390621.0,58101.48,2744.2612,2487.674,0.52250046
Denmark,DNK,2004,Europe,5404594.0,59560.46,2966.9736,2666.4656,0.50393844
Denmark,DNK,2005,Europe,5419550.0,60798.137,3104.374,2744.2612,0.48441496
Denmark,DNK,2006,Europe,5437425.0,62911.395,3422.9998,2966.9736,0.46495196
Denmark,DNK,2007,Europe,5461604.0,63251.316,3638.1018,3104.374,0.44706586
Denmark,DNK,2008,Europe,5493762.0,62618.45,3926.0217,3422.9998,0.43163052
Denmark,DNK,2009,Europe,5523169.0,59185.97,4304.916,3638.1018,0.41928956
Denmark,DNK,2010,Europe,5547865.0,59856.348,4560.7188,3926.0217,0.41102737
Denmark,DNK,2011,Europe,5570848.0,60391.78,4620.8433,4304.916,0.40720722
Denmark,DNK,2012,Europe,5591911.0,60161.7,4713.97,4560.7188,0.4068753
Denmark,DNK,2013,Europe,5615333.0,60745.777,4826.147,4620.8433,0.40737796
Denmark,DNK,2014,Europe,5643795.0,61210.95,4937.9683,4713.97,0.40736547
Denmark,DNK,2015,Europe,5683698.0,62059.13,5074.4746,4826.147,0.40537798
Denmark,DNK,2016,Europe,5728196.0,63468.99,5328.205,4937.9683,0.4003861
Denmark,DNK,2017,Europe,5765164.0,64989.445,5589.876,5074.4746,0.39309204
Denmark,DNK,2018,Europe,5793824.0,65870.83,5804.235,5328.205,0.38514182
Denmark,DNK,2019,Europe,5814618.0,66758.63,6171.199,5589.876,0.3779718
Denmark,DNK,2020,Europe,5831529.0,65379.305,6702.0815,5804.235,0.37341788
Denmark,DNK,2021,Europe,5856774.0,69328.0,7428.626,6171.199,0.37315005
Djibouti,DJI,2000,Africa,747326.0,,74.99421,,9.845535
Djibouti,DJI,2001,Africa,771311.0,,71.16859,,9.62996
Djibouti,DJI,2002,Africa,795576.0,,84.929344,74.99421,9.400131
Djibouti,DJI,2003,Africa,813528.0,,99.45915,71.16859,9.162233
Djibouti,DJI,2004,Africa,826133.0,,85.577354,84.929344,8.928923
Djibouti,DJI,2005,Africa,839174.0,,96.37851,99.45915,8.689947
Djibouti,DJI,2006,Africa,855767.0,,113.30867,85.577354,8.457068
Djibouti,DJI,2007,Africa,874530.0,,114.85872,96.37851,8.2271805
Djibouti,DJI,2008,Africa,892739.0,,108.16594,113.30867,7.9912477
Djibouti,DJI,2009,Africa,911524.0,,109.10627,114.85872,7.765907
Djibouti,DJI,2010,Africa,930252.0,,103.96272,108.16594,7.552987
Djibouti,DJI,2011,Africa,948565.0,,117.56389,109.10627,7.3422856
Djibouti,DJI,2012,Africa,966754.0,,118.53132,103.96272,7.1327186
Djibouti,DJI,2013,Africa,984833.0,4469.074,109.7766,117.56389,6.9204907
Djibouti,DJI,2014,Africa,1002720.0,4705.0493,117.73119,118.53132,6.719495
Djibouti,DJI,2015,Africa,1020316.0,4961.868,142.73933,109.7766,6.516343
Djibouti,DJI,2016,Africa,1037660.0,5226.5005,121.49847,117.73119,6.3200836
Djibouti,DJI,2017,Africa,1054844.0,5421.9565,115.97157,142.73933,6.1174703
Djibouti,DJI,2018,Africa,1071886.0,5590.5044,128.64665,121.49847,5.937435
Djibouti,DJI,2019,Africa,1088710.0,5809.3047,130.27962,115.97157,5.749322
Djibouti,DJI,2020,Africa,1105193.0,5791.4775,129.25508,128.64665,5.5674877
Djibouti,DJI,2021,Africa,1121251.0,5960.108,171.13138,130.27962,5.4007497
Dominica,DMA,2000,North America,68527.0,14054.655,352.17603,,1.9370811
Dominica,DMA,2001,North America,68299.0,14091.549,315.3046,,1.9733318
Dominica,DMA,2002,North America,68385.0,13640.703,311.3065,352.17603,2.0139744
Dominica,DMA,2003,North America,68552.0,14398.002,350.66653,315.3046,2.0589647
Dominica,DMA,2004,North America,68664.0,14962.246,362.54065,311.3065,2.1074758
Dominica,DMA,2005,North America,68750.0,15080.5205,394.29004,350.66653,2.1615872
Dominica,DMA,2006,North America,68823.0,15727.705,408.4691,362.54065,2.2187016
Dominica,DMA,2007,North America,68862.0,16560.518,446.85028,394.29004,2.2808883
Dominica,DMA,2008,North America,68866.0,17738.041,514.00104,408.4691,2.3471107
Dominica,DMA,2009,North America,68879.0,17534.033,504.56464,446.85028,2.4172413
Dominica,DMA,2010,North America,68872.0,17516.787,531.77496,514.00104,2.4930773
Dominica,DMA,2011,North America,69073.0,17475.041,558.8108,504.56464,2.5720782
Dominica,DMA,2012,North America,69138.0,17431.129,591.007,531.77496,2.6548233
Dominica,DMA,2013,North America,69733.0,17282.637,551.31964,558.8108,2.739876
Dominica,DMA,2014,North America,70387.0,17520.855,578.1101,591.007,2.8287942
Dominica,DMA,2015,North America,70429.0,16920.912,578.5132,551.31964,2.9218128
Dominica,DMA,2016,North America,69627.0,17364.078,623.764,578.1101,3.0174787
Dominica,DMA,2017,North America,68514.0,16314.2295,641.9698,578.5132,3.1135087
Dominica,DMA,2018,North America,68195.0,16877.125,823.1205,623.764,3.2063622
Dominica,DMA,2019,North America,67901.0,17619.434,785.97345,641.9698,3.296129
Dominica,DMA,2020,North America,67588.0,14919.531,823.6809,823.1205,3.3751068
Dominica,DMA,2021,North America,67222.0,15808.975,984.0773,785.97345,3.444806
Dominican Republic,DOM,2000,North America,8584196.0,10896.318,319.65756,,3.959614
Dominican Republic,DOM,2001,North America,8720287.0,10991.137,329.50287,,3.8584986
Dominican Republic,DOM,2002,North America,8852231.0,11313.069,351.83722,319.65756,3.7713394
Dominican Republic,DOM,2003,North America,8980626.0,11000.868,307.08197,329.50287,3.7040176
Dominican Republic,DOM,2004,North America,9104889.0,11131.2705,311.67755,351.83722,3.6446843
Dominican Republic,DOM,2005,North America,9225035.0,12022.508,352.53394,307.08197,3.5990505
Dominican Republic,DOM,2006,North America,9341187.0,12961.918,359.3927,311.67755,3.5604177
Dominican Republic,DOM,2007,North America,9455663.0,13754.921,408.4355,352.53394,3.532411
Dominican Republic,DOM,2008,North America,9573135.0,14030.141,473.3892,359.3927,3.5104957
Dominican Republic,DOM,2009,North America,9695270.0,13992.41,495.77377,408.4355,3.494751
Dominican Republic,DOM,2010,North America,9820180.0,14975.001,554.7809,473.3892,3.4853137
Dominican Republic,DOM,2011,North America,9945623.0,15258.086,590.0034,495.77377,3.4768376
Dominican Republic,DOM,2012,North America,10070409.0,15487.277,595.77625,554.7809,3.4772274
Dominican Republic,DOM,2013,North America,10193838.0,16054.768,611.50214,590.0034,3.4812014
Dominican Republic,DOM,2014,North America,10315523.0,16993.588,647.57965,595.77625,3.485018
Dominican Republic,DOM,2015,North America,10434826.0,17973.188,701.02515,611.50214,3.4882736
Dominican Republic,DOM,2016,North America,10551430.0,18968.975,746.67255,647.57965,3.4944503
Dominican Republic,DOM,2017,North America,10666846.0,19501.875,748.91956,701.02515,3.4916537
Dominican Republic,DOM,2018,North America,10782048.0,20662.848,758.9602,746.67255,3.4742537
Dominican Republic,DOM,2019,North America,10894043.0,21451.287,863.4297,748.91956,3.4352808
Dominican Republic,DOM,2020,North America,11008298.0,19545.41,943.2475,758.9602,3.3779504
Dominican Republic,DOM,2021,North America,11123480.0,22053.459,1122.1682,863.4297,3.3039303
East Timor,TLS,2000,Asia,745095.0,3783.7832,,,11.1503525
East Timor,TLS,2001,Asia,812253.0,4038.3357,,,10.643773
East Timor,TLS,2002,Asia,879170.0,3480.9885,,,10.149464
East Timor,TLS,2003,Asia,916876.0,3264.9465,38.47818,,9.676263
East Timor,TLS,2004,Asia,929081.0,3234.9758,58.78385,,9.22515
East Timor,TLS,2005,Asia,948310.0,3263.9446,75.72114,38.47818,8.800183
East Timor,TLS,2006,Asia,976610.0,3038.9524,82.691055,58.78385,8.401
East Timor,TLS,2007,Asia,1004898.0,3256.5698,85.63849,75.72114,8.035327
East Timor,TLS,2008,Asia,1032431.0,3530.882,116.58339,82.691055,7.6938787
East Timor,TLS,2009,Asia,1058783.0,3792.3584,132.32358,85.63849,7.385234
East Timor,TLS,2010,Asia,1084688.0,4047.2495,126.53429,116.58339,7.0991206
East Timor,TLS,2011,Asia,1110212.0,4189.8,141.76396,132.32358,6.837695
East Timor,TLS,2012,Asia,1134891.0,4297.915,166.76248,126.53429,6.5923424
East Timor,TLS,2013,Asia,1158697.0,4340.2783,218.9862,141.76396,6.3885236
East Timor,TLS,2014,Asia,1181913.0,4445.3594,217.40726,166.76248,6.1939135
East Timor,TLS,2015,Asia,1205133.0,4467.8003,238.97531,218.9862,6.020429
East Timor,TLS,2016,Asia,1228314.0,4515.4224,235.33734,217.40726,5.866618
East Timor,TLS,2017,Asia,1251711.0,4290.027,235.66324,238.97531,5.7259727
East Timor,TLS,2018,Asia,1275962.0,4188.841,228.00508,235.33734,5.6027813
East Timor,TLS,2019,Asia,1300946.0,5103.1494,227.52518,235.66324,5.476304
East Timor,TLS,2020,Asia,1326051.0,6594.882,445.5404,228.00508,5.3407907
East Timor,TLS,2021,Asia,1350142.0,6825.046,335.7422,227.52518,5.2045374
Ecuador,ECU,2000,South America,12689215.0,9183.052,204.71307,,2.9550054
Ecuador,ECU,2001,South America,12910736.0,9405.117,243.77303,,2.8000114
Ecuador,ECU,2002,South America,13138473.0,9697.556,302.3933,204.71307,2.6647687
Ecuador,ECU,2003,South America,13372304.0,9802.814,375.0543,243.77303,2.5515375
Ecuador,ECU,2004,South America,13608700.0,10290.663,410.53622,302.3933,2.4492729
Ecuador,ECU,2005,South America,13846162.0,10660.205,436.9382,375.0543,2.3557007
Ecuador,ECU,2006,South America,14086138.0,10933.49,468.04135,410.53622,2.2675548
Ecuador,ECU,2007,South America,14328783.0,10952.822,450.82947,436.9382,2.1783156
Ecuador,ECU,2008,South America,14575201.0,11474.525,478.32397,468.04135,2.088458
Ecuador,ECU,2009,South America,14825960.0,11403.527,522.6617,450.82947,1.9995909
Ecuador,ECU,2010,South America,15076697.0,11665.698,569.4583,478.32397,1.9115922
Ecuador,ECU,2011,South America,15326232.0,12449.078,645.2345,522.6617,1.8244138
Ecuador,ECU,2012,South America,15572195.0,12961.026,704.67883,569.4583,1.7400615
Ecuador,ECU,2013,South America,15807132.0,13689.152,765.689,645.2345,1.6628366
Ecuador,ECU,2014,South America,16035127.0,14064.799,800.8011,704.67883,1.5932537
Ecuador,ECU,2015,South America,16266229.0,13881.57,844.97235,765.689,1.534111
Ecuador,ECU,2016,South America,16505142.0,13586.516,825.7027,800.8011,1.484434
Ecuador,ECU,2017,South America,16759515.0,14179.153,887.43646,844.97235,1.442925
Ecuador,ECU,2018,South America,17049542.0,14083.507,954.6779,825.7027,1.4084904
Ecuador,ECU,2019,South America,17340017.0,13870.489,979.4586,887.43646,1.3804681
Ecuador,ECU,2020,South America,17546058.0,12440.326,992.0012,954.6779,1.3567435
Ecuador,ECU,2021,South America,17682454.0,13507.444,1131.2831,979.4586,1.3364111
Egypt,EGY,2000,Africa,73083287.0,9981.628,282.16122,,4.7318807
Egypt,EGY,2001,Africa,74652035.0,10117.333,320.82593,,4.476626
Egypt,EGY,2002,Africa,76239140.0,10143.506,333.33456,282.16122,4.2477055
Egypt,EGY,2003,Africa,77853548.0,10250.377,325.6397,320.82593,4.044102
Egypt,EGY,2004,Africa,79477441.0,10451.821,317.02,333.33456,3.8648574
Egypt,EGY,2005,Africa,81101012.0,10700.609,339.2203,325.6397,3.7043023
Egypt,EGY,2006,Africa,82700404.0,11211.832,360.40356,317.02,3.5554283
Egypt,EGY,2007,Africa,84276224.0,11782.006,357.1003,339.2203,3.4160912
Egypt,EGY,2008,Africa,85864791.0,12391.585,384.65692,360.40356,3.2828739
Egypt,EGY,2009,Africa,87501635.0,12728.081,389.7386,357.1003,3.1611836
Egypt,EGY,2010,Africa,89196073.0,13128.988,385.94354,384.65692,3.046842
Egypt,EGY,2011,Africa,91093066.0,13082.427,411.7774,389.7386,2.9464138
Egypt,EGY,2012,Africa,93161000.0,13076.806,487.1554,385.94354,2.8561115
Egypt,EGY,2013,Africa,95333551.0,13058.075,516.8777,411.7774,2.7792797
Egypt,EGY,2014,Africa,97528655.0,13136.365,515.40533,487.1554,2.7105238
Egypt,EGY,2015,Africa,99597334.0,13425.912,581.8645,516.8777,2.6501212
Egypt,EGY,2016,Africa,101644583.0,13727.32,572.1062,515.40533,2.5996063
Egypt,EGY,2017,Africa,103696055.0,14018.36,594.7972,581.8645,2.5557091
Egypt,EGY,2018,Africa,105682092.0,14488.209,585.5072,572.1062,2.5168784
Egypt,EGY,2019,Africa,107553159.0,15026.568,614.66046,594.7972,2.4815817
Egypt,EGY,2020,Africa,109315118.0,15309.236,632.70825,585.5072,2.4430912
Egypt,EGY,2021,Africa,110957005.0,15579.016,718.1227,614.66046,2.3991086
El Salvador,SLV,2000,North America,5943363.0,7545.4478,346.87344,,3.218593
El Salvador,SLV,2001,North America,5968058.0,7580.323,358.27097,,3.0287228
El Salvador,SLV,2002,North America,5986629.0,7675.671,368.37717,346.87344,2.8565726
El Salvador,SLV,2003,North America,5998597.0,7780.272,375.28134,358.27097,2.6934152
El Salvador,SLV,2004,North America,6004673.0,7841.532,406.32083,368.37717,2.5415273
El Salvador,SLV,2005,North America,6005583.0,8050.5347,486.86426,375.28134,2.400416
El Salvador,SLV,2006,North America,6002321.0,8404.247,495.05038,406.32083,2.2696736
El Salvador,SLV,2007,North America,6009820.0,8548.835,504.42133,486.86426,2.149485
El Salvador,SLV,2008,North America,6029302.0,8704.806,524.5963,495.05038,2.0377789
El Salvador,SLV,2009,North America,6048284.0,8494.498,535.80035,504.42133,1.9363182
El Salvador,SLV,2010,North America,6068253.0,8648.93,556.32684,524.5963,1.8434192
El Salvador,SLV,2011,North America,6090128.0,8945.932,585.29114,535.80035,1.7553082
El Salvador,SLV,2012,North America,6113977.0,9162.5625,577.33704,556.32684,1.6739153
El Salvador,SLV,2013,North America,6138845.0,9329.462,642.0478,585.29114,1.5972667
El Salvador,SLV,2014,North America,6162952.0,9451.744,645.22626,577.33704,1.5270047
El Salvador,SLV,2015,North America,6183675.0,9646.154,694.85596,642.0478,1.4581286
El Salvador,SLV,2016,North America,6200808.0,9863.761,736.85706,645.22626,1.3932047
El Salvador,SLV,2017,North America,6213538.0,10064.794,755.12286,694.85596,1.3311548
El Salvador,SLV,2018,North America,6219803.0,10297.203,766.0107,736.85706,1.2735236
El Salvador,SLV,2019,North America,6222316.0,10543.938,859.41534,755.12286,1.2208656
El Salvador,SLV,2020,North America,6234679.0,9692.449,840.7379,766.0107,1.169942
El Salvador,SLV,2021,North America,6255780.0,10809.714,1094.661,859.41534,1.1245106
Equatorial Guinea,GNQ,2000,Africa,703287.0,11767.471,89.69993,,15.449051
Equatorial Guinea,GNQ,2001,Africa,749836.0,18031.965,157.86635,,15.020374
Equatorial Guinea,GNQ,2002,Africa,797968.0,20242.432,390.7331,89.69993,14.58574
Equatorial Guinea,GNQ,2003,Africa,847867.0,21709.574,383.48117,157.86635,14.14562
Equatorial Guinea,GNQ,2004,Africa,899924.0,28225.986,368.77548,390.7331,13.697333
Equatorial Guinea,GNQ,2005,Africa,947370.0,31302.957,313.16473,383.48117,13.234778
Equatorial Guinea,GNQ,2006,Africa,990349.0,32251.768,332.02292,368.77548,12.742396
Equatorial Guinea,GNQ,2007,Africa,1036053.0,35540.45,378.08762,313.16473,12.261907
Equatorial Guinea,GNQ,2008,Africa,1084538.0,39994.617,376.44724,332.02292,11.800674
Equatorial Guinea,GNQ,2009,Africa,1135683.0,38706.605,556.9602,378.08762,11.347806
Equatorial Guinea,GNQ,2010,Africa,1189097.0,33668.875,453.65506,376.44724,10.940987
Equatorial Guinea,GNQ,2011,Africa,1241843.0,34341.934,420.3639,556.9602,10.562247
Equatorial Guinea,GNQ,2012,Africa,1293485.0,35711.492,487.06448,453.65506,10.197442
Equatorial Guinea,GNQ,2013,Africa,1346220.0,32894.37,490.15463,420.3639,9.85716
Equatorial Guinea,GNQ,2014,Africa,1399829.0,31765.9,507.82358,487.06448,9.529308
Equatorial Guinea,GNQ,2015,Africa,1453925.0,27797.795,478.57883,490.15463,9.212652
Equatorial Guinea,GNQ,2016,Africa,1508192.0,24435.064,494.78497,507.82358,8.901293
Equatorial Guinea,GNQ,2017,Africa,1562401.0,22250.44,527.4588,478.57883,8.611519
Equatorial Guinea,GNQ,2018,Africa,1616425.0,20165.48,546.5302,494.78497,8.3157015
Equatorial Guinea,GNQ,2019,Africa,1670184.0,18446.592,539.52057,527.4588,8.066555
Equatorial Guinea,GNQ,2020,Africa,1716479.0,17089.154,506.81982,546.5302,7.785024
Equatorial Guinea,GNQ,2021,Africa,1758796.0,16821.45,590.4832,539.52057,7.5123687
Eritrea,ERI,2000,Africa,2247036.0,,75.5269,,8.527791
Eritrea,ERI,2001,Africa,2312083.0,,83.79089,,8.110047
Eritrea,ERI,2002,Africa,2392981.0,,95.654526,75.5269,7.731946
Eritrea,ERI,2003,Africa,2493906.0,,99.95916,83.79089,7.3782115
Eritrea,ERI,2004,Africa,2598288.0,,95.503075,95.654526,7.053356
Eritrea,ERI,2005,Africa,2661215.0,,96.57922,99.95916,6.749578
Eritrea,ERI,2006,Africa,2703501.0,,96.95665,95.503075,6.4681306
Eritrea,ERI,2007,Africa,2743226.0,,76.62771,96.57922,6.2036095
Eritrea,ERI,2008,Africa,2816331.0,,76.381134,96.95665,5.9611387
Eritrea,ERI,2009,Africa,2887887.0,,69.31994,76.62771,5.7317038
Eritrea,ERI,2010,Africa,2945184.0,,67.75974,76.381134,5.522562
Eritrea,ERI,2011,Africa,2998493.0,,91.48137,69.31994,5.327446
Eritrea,ERI,2012,Africa,3036998.0,,67.95347,67.75974,5.1447487
Eritrea,ERI,2013,Africa,3074367.0,,81.160675,91.48137,4.968305
Eritrea,ERI,2014,Africa,3095168.0,,84.606125,67.95347,4.8060603
Eritrea,ERI,2015,Africa,3105554.0,,77.799065,81.160675,4.637249
Eritrea,ERI,2016,Africa,3124700.0,,69.52123,84.606125,4.4733334
Eritrea,ERI,2017,Africa,3150350.0,,70.16935,77.799065,4.3322606
Eritrea,ERI,2018,Africa,3192763.0,,81.07868,69.52123,4.1895533
Eritrea,ERI,2019,Africa,3240194.0,,91.360435,70.16935,4.0502768
Eritrea,ERI,2020,Africa,3291277.0,,84.73785,81.07868,3.9115138
Eritrea,ERI,2021,Africa,3350185.0,,86.75073,91.360435,3.782304
Estonia,EST,2000,Europe,1397001.0,20526.66,485.6877,,1.1031847
Estonia,EST,2001,Europe,1388174.0,21872.66,491.59857,,1.0144509
Estonia,EST,2002,Europe,1379438.0,23537.715,546.9086,485.6877,0.92980915
Estonia,EST,2003,Europe,1370849.0,25485.162,672.7037,491.59857,0.8507467
Estonia,EST,2004,Europe,1362682.0,27381.535,773.8113,546.9086,0.77824706
Estonia,EST,2005,Europe,1354847.0,30161.2,878.23584,672.7037,0.7111154
Estonia,EST,2006,Europe,1346885.0,33301.496,959.4409,773.8113,0.6494609
Estonia,EST,2007,Europe,1340709.0,35986.516,1149.0637,878.23584,0.59292424
Estonia,EST,2008,Europe,1337078.0,34233.766,1357.0221,959.4409,0.5420784
Estonia,EST,2009,Europe,1334528.0,29281.68,1400.3359,1149.0637,0.49610323
Estonia,EST,2010,Europe,1331450.0,30067.502,1423.4746,1357.0221,0.45542556
Estonia,EST,2011,Europe,1327366.0,32453.102,1490.1373,1400.3359,0.41999647
Estonia,EST,2012,Europe,1322615.0,33765.43,1581.4626,1423.4746,0.38894337
Estonia,EST,2013,Europe,1317920.0,34481.016,1722.0983,1490.1373,0.3617858
Estonia,EST,2014,Europe,1314457.0,35720.3,1839.7273,1581.4626,0.33810645
Estonia,EST,2015,Europe,1314580.0,36353.06,1938.9862,1722.0983,0.3170183
Estonia,EST,2016,Europe,1315850.0,37466.555,2098.4634,1839.7273,0.29851887
Estonia,EST,2017,Europe,1317430.0,39529.785,2234.2908,1938.9862,0.28195357
Estonia,EST,2018,Europe,1321972.0,40849.848,2441.5564,2098.4634,0.26714414
Estonia,EST,2019,Europe,1326822.0,42215.035,2702.2666,2234.2908,0.25381467
Estonia,EST,2020,Europe,1329675.0,40916.72,3040.1865,2441.5564,0.2414813
Estonia,EST,2021,Europe,1331750.0,44247.418,3310.3542,2702.2666,0.23004659
Eswatini,SWZ,2000,Africa,1041428.0,6106.0747,209.92558,,11.2497015
Eswatini,SWZ,2001,Africa,1051066.0,6135.453,239.60571,,11.5677
Eswatini,SWZ,2002,Africa,1059456.0,6335.8135,270.8217,209.92558,11.697171
Eswatini,SWZ,2003,Africa,1066706.0,6578.302,329.06375,239.60571,11.792066
Eswatini,SWZ,2004,Africa,1073170.0,6775.2217,371.83792,270.8217,11.802853
Eswatini,SWZ,2005,Africa,1079022.0,7142.1924,437.62924,329.06375,11.699422
Eswatini,SWZ,2006,Africa,1084442.0,7584.72,504.73654,371.83792,10.638742
Eswatini,SWZ,2007,Africa,1090713.0,7866.731,545.4855,437.62924,10.032354
Eswatini,SWZ,2008,Africa,1098098.0,7926.3794,621.9407,504.73654,9.788104
Eswatini,SWZ,2009,Africa,1105158.0,7988.5977,615.46356,545.4855,9.243724
Eswatini,SWZ,2010,Africa,1111651.0,8245.642,639.69965,621.9407,8.2133465
Eswatini,SWZ,2011,Africa,1117845.0,8350.892,654.5058,615.46356,6.7562943
Eswatini,SWZ,2012,Africa,1123870.0,8645.845,624.62146,639.69965,6.266982
Eswatini,SWZ,2013,Africa,1130000.0,8951.058,632.2541,654.5058,5.9663944
Eswatini,SWZ,2014,Africa,1136305.0,9084.494,626.55115,624.62146,5.996797
Eswatini,SWZ,2015,Africa,1142822.0,9186.653,615.7786,632.2541,5.75116
Eswatini,SWZ,2016,Africa,1149516.0,9402.509,593.22144,626.55115,5.436015
Eswatini,SWZ,2017,Africa,1158198.0,9660.552,591.2618,615.7786,5.3584404
Eswatini,SWZ,2018,Africa,1168933.0,9578.101,627.79865,593.22144,5.03568
Eswatini,SWZ,2019,Africa,1179885.0,10099.586,756.4076,591.2618,5.149067
Eswatini,SWZ,2020,Africa,1192734.0,9695.825,637.8089,627.79865,5.0497913
Eswatini,SWZ,2021,Africa,1206598.0,9990.435,746.5793,756.4076,4.7874613
Ethiopia,ETH,2000,Africa,67411496.0,810.27075,20.676296,,14.012722
Ethiopia,ETH,2001,Africa,69487767.0,851.3134,24.048367,,13.382695
Ethiopia,ETH,2002,Africa,71635521.0,838.29803,23.993198,20.676296,12.743332
Ethiopia,ETH,2003,Africa,73832664.0,795.77216,24.146595,24.048367,12.104543
Ethiopia,ETH,2004,Africa,76077211.0,877.1145,24.082867,23.993198,11.458057
Ethiopia,ETH,2005,Africa,78367476.0,952.11566,25.625221,24.146595,10.834652
Ethiopia,ETH,2006,Africa,80703495.0,1024.7291,30.889091,24.082867,10.242528
Ethiopia,ETH,2007,Africa,83103218.0,1109.1433,38.520325,25.625221,9.693829
Ethiopia,ETH,2008,Africa,85543670.0,1193.7473,36.16027,30.889091,9.182973
Ethiopia,ETH,2009,Africa,88007641.0,1262.464,41.7629,38.520325,8.706388
Ethiopia,ETH,2010,Africa,90538518.0,1381.1904,54.435535,36.16027,8.267714
Ethiopia,ETH,2011,Africa,93149977.0,1492.5339,49.074566,41.7629,7.8610897
Ethiopia,ETH,2012,Africa,95798771.0,1576.7688,53.52065,54.435535,7.479184
Ethiopia,ETH,2013,Africa,98438752.0,1696.8651,51.055225,49.074566,7.1195974
Ethiopia,ETH,2014,Africa,101115615.0,1821.3916,59.885513,53.52065,6.771172
Ethiopia,ETH,2015,Africa,103867140.0,1957.4146,62.417717,51.055225,6.4420366
Ethiopia,ETH,2016,Africa,106718163.0,2084.8406,66.87803,59.885513,6.1268706
Ethiopia,ETH,2017,Africa,109666482.0,2222.8281,69.23133,62.417717,5.8407135
Ethiopia,ETH,2018,Africa,112664157.0,2311.165,69.22339,66.87803,5.5848026
Ethiopia,ETH,2019,Africa,115737384.0,2437.9705,72.71959,69.23133,5.359482
Ethiopia,ETH,2020,Africa,118917670.0,2516.549,83.76957,69.22339,5.152091
Ethiopia,ETH,2021,Africa,122138588.0,2588.413,83.031105,72.71959,7.0350924
Faroe Islands,FRO,2008,,,54263.33,,,
Faroe Islands,FRO,2009,,,51534.6,,,
Faroe Islands,FRO,2010,,,51480.254,,,
Faroe Islands,FRO,2011,,,53441.438,,,
Faroe Islands,FRO,2012,,,57524.516,,,
Faroe Islands,FRO,2013,,,60950.03,,,
Faroe Islands,FRO,2014,,,64019.414,,,
Faroe Islands,FRO,2015,,,64010.16,,,
Faroe Islands,FRO,2016,,,64156.324,,,
Faroe Islands,FRO,2017,,,65461.91,,,
Faroe Islands,FRO,2018,,,66192.05,,,
Faroe Islands,FRO,2019,,,68136.664,,,
Faroe Islands,FRO,2020,,,66037.94,,,
Faroe Islands,FRO,2021,,,68433.21,,,
Fiji,FJI,2000,Oceania,840913.0,9070.993,209.31995,,2.2631211
Fiji,FJI,2001,Oceania,849606.0,9157.809,183.55165,,2.2596974
Fiji,FJI,2002,Oceania,858057.0,9357.754,195.67758,209.31995,2.2659545
Fiji,FJI,2003,Oceania,866297.0,9361.464,199.24184,183.55165,2.282813
Fiji,FJI,2004,Oceania,874369.0,9766.527,233.98738,195.67758,2.3085368
Fiji,FJI,2005,Oceania,882384.0,9745.581,241.14156,199.24184,2.3342395
Fiji,FJI,2006,Oceania,890370.0,9837.086,257.90067,233.98738,2.3495083
Fiji,FJI,2007,Oceania,897843.0,9672.29,265.49707,241.14156,2.3485434
Fiji,FJI,2008,Oceania,903403.0,9711.966,251.36517,257.90067,2.323557
Fiji,FJI,2009,Oceania,907248.0,9536.817,275.7832,265.49707,2.2767847
Fiji,FJI,2010,Oceania,910427.0,9784.304,276.69763,251.36517,2.21766
Fiji,FJI,2011,Oceania,912991.0,10020.695,266.05948,275.7832,2.1554854
Fiji,FJI,2012,Oceania,914920.0,10140.693,295.6137,276.69763,2.1020935
Fiji,FJI,2013,Oceania,916359.0,10604.156,312.24728,266.05948,2.0677853
Fiji,FJI,2014,Oceania,917589.0,11183.313,360.84482,295.6137,2.0629632
Fiji,FJI,2015,Oceania,918585.0,11674.063,390.10614,312.24728,2.092006
Fiji,FJI,2016,Oceania,919167.0,11951.92,393.058,360.84482,2.1628752
Fiji,FJI,2017,Oceania,918762.0,12597.327,408.54813,390.10614,2.2738748
Fiji,FJI,2018,Oceania,917185.0,13100.096,543.0408,393.058,2.4150314
Fiji,FJI,2019,Oceania,914906.0,13056.331,566.103,408.54813,2.5731912
Fiji,FJI,2020,Oceania,914971.0,10812.035,594.3224,543.0408,2.7210188
Fiji,FJI,2021,Oceania,916718.0,10322.428,754.4535,566.103,2.829438
Finland,FIN,2000,Europe,5176197.0,46968.84,1899.9579,,0.4276817
Finland,FIN,2001,Europe,5187970.0,48099.3,2016.0491,,0.41625157
Finland,FIN,2002,Europe,5200548.0,48792.49,2181.9333,1899.9579,0.40627435
Finland,FIN,2003,Europe,5212958.0,49655.547,2306.277,2016.0491,0.39659256
Finland,FIN,2004,Europe,5228147.0,51494.707,2514.6719,2181.9333,0.38615832
Finland,FIN,2005,Europe,5246078.0,52744.047,2656.4458,2306.277,0.3745634
Finland,FIN,2006,Europe,5266248.0,54653.98,2854.295,2514.6719,0.36118335
Finland,FIN,2007,Europe,5288715.0,57313.293,3059.3975,2656.4458,0.34656164
Finland,FIN,2008,Europe,5313379.0,57494.586,3344.2395,2854.295,0.33142227
Finland,FIN,2009,Europe,5338854.0,52599.15,3478.6328,3059.3975,0.3162966
Finland,FIN,2010,Europe,5363347.0,54017.945,3560.7957,3344.2395,0.30177146
Finland,FIN,2011,Europe,5388236.0,55053.39,3773.7942,3478.6328,0.28809622
Finland,FIN,2012,Europe,5413978.0,53957.668,3918.011,3560.7957,0.27570853
Finland,FIN,2013,Europe,5439057.0,53183.43,4068.4858,3773.7942,0.26475552
Finland,FIN,2014,Europe,5461686.0,52710.734,4084.226,3918.011,0.25586578
Finland,FIN,2015,Europe,5479719.0,52782.49,4099.968,4068.4858,0.24878712
Finland,FIN,2016,Europe,5495468.0,53984.633,4213.8076,4084.226,0.24387702
Finland,FIN,2017,Europe,5508398.0,55637.227,4341.4404,4099.968,0.2406408
Finland,FIN,2018,Europe,5515730.0,56226.336,4484.3486,4213.8076,0.23837875
Finland,FIN,2019,Europe,5521754.0,56922.49,4821.267,4341.4404,0.2369691
Finland,FIN,2020,Europe,5529616.0,55424.86,5169.5825,4484.3486,0.23608282
Finland,FIN,2021,Europe,5541069.0,56790.375,5627.6953,4821.267,0.23562597
France,FRA,2000,Europe,59483716.0,45922.48,2516.148,,0.5379331
France,FRA,2001,Europe,59905131.0,46454.87,2685.4182,,0.5245144
France,FRA,2002,Europe,60327247.0,46610.78,2876.46,2516.148,0.509458
France,FRA,2003,Europe,60741119.0,46730.977,2858.2476,2685.4182,0.49263984
France,FRA,2004,Europe,61175244.0,47720.44,2973.443,2876.46,0.47652623
France,FRA,2005,Europe,61625031.0,48257.465,3135.556,2858.2476,0.46314025
France,FRA,2006,Europe,62049831.0,49223.246,3392.9465,2973.443,0.4524562
France,FRA,2007,Europe,62432438.0,50157.785,3541.164,3135.556,0.44366974
France,FRA,2008,Europe,62780187.0,50068.297,3706.4756,3392.9465,0.43599913
France,FRA,2009,Europe,63106460.0,48404.965,3935.8982,3541.164,0.42882997
France,FRA,2010,Europe,63417366.0,49130.42,4053.723,3706.4756,0.42166975
France,FRA,2011,Europe,63733776.0,50085.684,4215.5254,3935.8982,0.41535577
France,FRA,2012,Europe,64058465.0,49935.625,4295.8574,4053.723,0.41158623
France,FRA,2013,Europe,64387736.0,50066.53,4531.453,4215.5254,0.41124982
France,FRA,2014,Europe,64692495.0,50326.566,4667.2817,4295.8574,0.41328755
France,FRA,2015,Europe,64916337.0,50682.895,4711.868,4531.453,0.41672567
France,FRA,2016,Europe,65086853.0,50984.074,4967.779,4667.2817,0.42030373
France,FRA,2017,Europe,65284775.0,51895.566,5099.717,4711.868,0.42274392
France,FRA,2018,Europe,65519537.0,52560.953,5255.33,4967.779,0.42355224
France,FRA,2019,Europe,65729460.0,53448.555,5719.345,5099.717,0.4237606
France,FRA,2020,Europe,65905273.0,49311.332,6013.23,5255.33,0.42442998
France,FRA,2021,Europe,66083547.0,52517.336,6443.669,5719.345,0.4260813
Gabon,GAB,2000,Africa,1275578.0,21717.225,387.07663,,7.3261633
Gabon,GAB,2001,Africa,1309594.0,21604.781,427.27115,,7.1466355
Gabon,GAB,2002,Africa,1345142.0,20981.48,445.15262,387.07663,6.9626775
Gabon,GAB,2003,Africa,1382354.0,20875.455,479.6953,427.27115,6.7661076
Gabon,GAB,2004,Africa,1421620.0,20438.932,458.90573,445.15262,6.560632
Gabon,GAB,2005,Africa,1463503.0,20385.29,404.7353,479.6953,6.3589015
Gabon,GAB,2006,Africa,1508338.0,19224.127,422.22543,458.90573,6.1773167
Gabon,GAB,2007,Africa,1556242.0,19751.877,443.74243,404.7353,5.96702
Gabon,GAB,2008,Africa,1607182.0,18493.092,391.0818,422.22543,5.7579327
Gabon,GAB,2009,Africa,1661567.0,17911.146,509.65417,443.74243,5.5566273
Gabon,GAB,2010,Africa,1719883.0,18530.576,346.94336,391.0818,5.337345
Gabon,GAB,2011,Africa,1781987.0,19153.088,378.1417,509.65417,5.1344175
Gabon,GAB,2012,Africa,1846893.0,19450.402,353.9397,346.94336,4.9369082
Gabon,GAB,2013,Africa,1913061.0,19836.455,411.8688,378.1417,4.7325397
Gabon,GAB,2014,Africa,1978400.0,20008.99,376.2163,353.9397,4.5783787
Gabon,GAB,2015,Africa,2040990.0,20147.71,380.18396,411.8688,4.4372425
Gabon,GAB,2016,Africa,2100310.0,19988.176,435.00644,376.2163,4.274665
Gabon,GAB,2017,Africa,2156902.0,19555.707,411.45578,380.18396,4.1398125
Gabon,GAB,2018,Africa,2212320.0,19225.598,423.61072,435.00644,3.9939075
Gabon,GAB,2019,Africa,2267711.0,19491.406,441.54517,411.45578,3.8461828
Gabon,GAB,2020,Africa,2322538.0,18681.484,498.03165,423.61072,3.6778643
Gabon,GAB,2021,Africa,2376729.0,18523.58,517.2786,441.54517,3.580833
Gambia,GMB,2000,Africa,1455095.0,2658.6177,323.18695,,11.281532
Gambia,GMB,2001,Africa,1495023.0,2737.696,261.8539,,10.810772
Gambia,GMB,2002,Africa,1535700.0,2578.5571,188.09424,323.18695,10.358164
Gambia,GMB,2003,Africa,1577619.0,2682.48,169.56883,261.8539,9.917064
Gambia,GMB,2004,Africa,1621309.0,2794.1936,107.24211,188.09424,9.487251
Gambia,GMB,2005,Africa,1667035.0,2653.6423,104.382416,169.56883,9.074004
Gambia,GMB,2006,Africa,1715285.0,2564.6865,104.98109,107.24211,8.683124
Gambia,GMB,2007,Africa,1765778.0,2567.1572,98.360374,104.382416,8.304013
Gambia,GMB,2008,Africa,1817859.0,2649.611,97.29989,104.98109,7.9406414
Gambia,GMB,2009,Africa,1871428.0,2745.3254,97.19002,98.360374,7.6000385
Gambia,GMB,2010,Africa,1926634.0,2824.2126,93.38133,97.29989,7.2747393
Gambia,GMB,2011,Africa,1983785.0,2519.8398,90.2018,97.19002,6.9686837
Gambia,GMB,2012,Africa,2043097.0,2574.935,88.1406,93.38133,6.6797576
Gambia,GMB,2013,Africa,2103825.0,2572.4473,78.53945,90.2018,6.40324
Gambia,GMB,2014,Africa,2164535.0,2465.1096,59.023216,88.1406,6.144443
Gambia,GMB,2015,Africa,2224530.0,2495.9575,63.21495,78.53945,5.8947697
Gambia,GMB,2016,Africa,2283775.0,2478.4604,64.30983,59.023216,5.656913
Gambia,GMB,2017,Africa,2342191.0,2533.1868,68.396385,63.21495,5.4342184
Gambia,GMB,2018,Africa,2399633.0,2651.4329,72.537,64.30983,5.231952
Gambia,GMB,2019,Africa,2456847.0,2750.8213,76.17185,68.396385,5.038891
Gambia,GMB,2020,Africa,2515744.0,2702.319,101.59602,72.537,4.8630433
Gambia,GMB,2021,Africa,2576015.0,2777.7961,103.97886,76.17185,4.6975684
Georgia,GEO,2000,Asia,4328361.0,5706.2725,217.03049,,3.5835626
Georgia,GEO,2001,Asia,4209641.0,6074.0864,238.28912,,3.3415437
Georgia,GEO,2002,Asia,4127854.0,6464.325,283.72534,217.03049,3.0877867
Georgia,GEO,2003,Asia,4085489.0,7227.737,333.60446,238.28912,2.8325188
Georgia,GEO,2004,Asia,4056076.0,7693.915,367.7326,283.72534,2.5763435
Georgia,GEO,2005,Asia,4026135.0,8485.587,418.11963,333.60446,2.3296146
Georgia,GEO,2006,Asia,3996584.0,9337.989,448.92157,367.7326,2.1016603
Georgia,GEO,2007,Asia,3967592.0,10567.274,509.37744,418.11963,1.8950016
Georgia,GEO,2008,Asia,3941192.0,10856.104,607.9915,448.92157,1.712164
Georgia,GEO,2009,Asia,3918935.0,10553.09,671.53827,509.37744,1.5539105
Georgia,GEO,2010,Asia,3895932.0,11294.368,676.1952,607.9915,1.4202578
Georgia,GEO,2011,Asia,3868724.0,12288.683,655.431,671.53827,1.3090025
Georgia,GEO,2012,Asia,3839208.0,13193.96,776.94934,676.1952,1.219183
Georgia,GEO,2013,Asia,3809128.0,13913.002,843.6533,655.431,1.1493096
Georgia,GEO,2014,Asia,3792921.0,14475.313,957.35284,776.94934,1.095991
Georgia,GEO,2015,Asia,3791570.0,14936.844,1043.9668,843.6533,1.0554773
Georgia,GEO,2016,Asia,3792061.0,15442.956,1165.1821,957.35284,1.0248582
Georgia,GEO,2017,Asia,3792860.0,16237.624,1173.328,1043.9668,1.0001473
Georgia,GEO,2018,Asia,3794881.0,17228.68,1144.0099,1165.1821,0.9784528
Georgia,GEO,2019,Asia,3796722.0,18186.88,1201.6552,1173.328,0.9574387
Georgia,GEO,2020,Asia,3795680.0,17031.145,1520.0283,1144.0099,0.9369884
Georgia,GEO,2021,Asia,3788450.0,18915.654,1951.3881,1201.6552,0.9171987
Germany,DEU,2000,Europe,81797255.0,49955.645,2682.2317,,0.53577465
Germany,DEU,2001,Europe,81933882.0,50687.65,2808.014,,0.52199864
Germany,DEU,2002,Europe,82068328.0,50487.0,2961.647,2682.2317,0.5093193
Germany,DEU,2003,Europe,82111619.0,50191.723,3097.8772,2808.014,0.49727532
Germany,DEU,2004,Europe,82092706.0,50786.02,3167.1038,2961.647,0.48535442
Germany,DEU,2005,Europe,82046733.0,51264.82,3264.6426,3097.8772,0.47315904
Germany,DEU,2006,Europe,81701971.0,53307.164,3459.2146,3167.1038,0.46087742
Germany,DEU,2007,Europe,81298546.0,54920.66,3628.4187,3264.6426,0.4488036
Germany,DEU,2008,Europe,81110780.0,55513.758,3851.547,3459.2146,0.43731955
Germany,DEU,2009,Europe,80935276.0,52568.797,4114.7075,3628.4187,0.42683342
Germany,DEU,2010,Europe,80830916.0,54826.254,4301.946,3851.547,0.41755438
Germany,DEU,2011,Europe,80857877.0,57950.957,4568.982,4114.7075,0.4097307
Germany,DEU,2012,Europe,80916391.0,58110.375,4691.18,4301.946,0.40345493
Germany,DEU,2013,Europe,81041581.0,58182.08,4937.4155,4568.982,0.39875448
Germany,DEU,2014,Europe,81376078.0,59203.234,5175.888,4691.18,0.39506426
Germany,DEU,2015,Europe,82077546.0,59668.99,5336.0728,4937.4155,0.39185715
Germany,DEU,2016,Europe,82760102.0,60504.586,5669.818,5175.888,0.38853937
Germany,DEU,2017,Europe,83104010.0,61965.434,5989.4834,5336.0728,0.38436034
Germany,DEU,2018,Europe,83368507.0,62481.117,6302.0913,5669.818,0.37936577
Germany,DEU,2019,Europe,83559184.0,62949.895,6779.508,5989.4834,0.3745677
Germany,DEU,2020,Europe,83628711.0,60299.58,7316.328,6302.0913,0.37115708
Germany,DEU,2021,Europe,83697080.0,62630.773,7960.363,6779.508,0.36951923
Ghana,GHA,2000,Africa,19637085.0,3327.352,43.741863,,9.994395
Ghana,GHA,2001,Africa,20167073.0,3369.507,50.65637,,9.581832
Ghana,GHA,2002,Africa,20729392.0,3425.6182,54.54778,43.741863,9.185742
Ghana,GHA,2003,Africa,21296710.0,3507.751,62.67699,50.65637,8.824234
Ghana,GHA,2004,Africa,21868298.0,3607.3652,72.60343,54.54778,8.496937
Ghana,GHA,2005,Africa,22449446.0,3721.3079,107.1034,62.67699,8.201345
Ghana,GHA,2006,Africa,23040704.0,3857.8616,126.781784,72.60343,7.914139
Ghana,GHA,2007,Africa,23642284.0,3923.1257,132.8197,107.1034,7.617522
Ghana,GHA,2008,Africa,24249945.0,4174.7812,141.55777,126.781784,7.30659
Ghana,GHA,2009,Africa,24862667.0,4269.16,161.79218,132.8197,6.9806166
Ghana,GHA,2010,Africa,25475000.0,4495.689,184.70592,141.55777,6.6522083
Ghana,GHA,2011,Africa,26095091.0,5005.367,200.02821,161.79218,6.331587
Ghana,GHA,2012,Africa,26734273.0,5339.7134,196.59091,184.70592,6.0262227
Ghana,GHA,2013,Africa,27386193.0,5593.775,239.4671,200.02821,5.7491407
Ghana,GHA,2014,Africa,28041592.0,5619.0723,221.59238,196.59091,5.4927835
Ghana,GHA,2015,Africa,28696071.0,5607.366,235.84276,239.4671,5.253714
Ghana,GHA,2016,Africa,29356736.0,5666.078,169.89386,221.59238,5.0314193
Ghana,GHA,2017,Africa,30008364.0,5993.631,138.98871,235.84276,4.819617
Ghana,GHA,2018,Africa,30637592.0,6234.512,134.53738,169.89386,4.61194
Ghana,GHA,2019,Africa,31258943.0,6508.2466,195.35313,138.98871,4.4082484
Ghana,GHA,2020,Africa,31887802.0,6412.6855,268.08737,134.53738,4.2161126
Ghana,GHA,2021,Africa,32518662.0,6607.503,255.07004,195.35313,4.0290594
Greece,GRC,2000,Europe,10782638.0,31386.64,1417.761,,0.6409687
Greece,GRC,2001,Europe,10843166.0,32675.93,1678.3698,,0.59792936
Greece,GRC,2002,Europe,10890287.0,34081.027,1864.4977,1417.761,0.5571643
Greece,GRC,2003,Europe,10918467.0,35970.703,2021.4489,1678.3698,0.5196648
Greece,GRC,2004,Europe,10947369.0,37811.492,2063.5864,1864.4977,0.4860417
Greece,GRC,2005,Europe,10981340.0,38146.965,2194.1055,2021.4489,0.4568498
Greece,GRC,2006,Europe,11016107.0,40483.156,2361.1187,2063.5864,0.4326945
Greece,GRC,2007,Europe,11045737.0,41796.234,2465.6807,2194.1055,0.4145042
Greece,GRC,2008,Europe,11076874.0,41709.387,2728.052,2361.1187,0.402476
Greece,GRC,2009,Europe,11108067.0,39886.215,2858.924,2465.6807,0.39611605
Greece,GRC,2010,Europe,11124666.0,37566.75,2678.7488,2728.052,0.39470154
Greece,GRC,2011,Europe,11108838.0,33906.492,2356.137,2858.924,0.39762607
Greece,GRC,2012,Europe,11048291.0,31250.227,2214.8057,2678.7488,0.40428162
Greece,GRC,2013,Europe,10967534.0,30762.443,2185.0913,2356.137,0.41349885
Greece,GRC,2014,Europe,10893169.0,31213.377,2094.4792,2214.8057,0.42266655
Greece,GRC,2015,Europe,10820902.0,31347.977,2192.7776,2185.0913,0.42838487
Greece,GRC,2016,Europe,10775506.0,31468.62,2322.7263,2094.4792,0.4300611
Greece,GRC,2017,Europe,10753532.0,31995.41,2324.1301,2192.7776,0.427697
Greece,GRC,2018,Europe,10730846.0,32722.33,2403.1624,2322.7263,0.4220604
Greece,GRC,2019,Europe,10718581.0,33502.75,2590.8467,2324.1301,0.41478392
Greece,GRC,2020,Europe,10699370.0,30487.113,2765.263,2403.1624,0.40778688
Greece,GRC,2021,Europe,10579561.0,33528.227,2997.4297,2590.8467,0.40136334
Greenland,GRL,2000,,,44991.676,,,
Greenland,GRL,2001,,,45405.855,,,
Greenland,GRL,2002,,,44793.27,,,
Greenland,GRL,2003,,,46649.047,,,
Greenland,GRL,2004,,,49742.06,,,
Greenland,GRL,2005,,,52189.0,,,
Greenland,GRL,2006,,,55243.71,,,
Greenland,GRL,2007,,,56763.24,,,
Greenland,GRL,2008,,,60506.195,,,
Greenland,GRL,2009,,,61035.566,,,
Greenland,GRL,2010,,,61863.28,,,
Greenland,GRL,2011,,,61170.92,,,
Greenland,GRL,2012,,,62111.1,,,
Greenland,GRL,2013,,,61659.64,,,
Greenland,GRL,2014,,,64799.305,,,
Greenland,GRL,2015,,,63364.055,,,
Greenland,GRL,2016,,,66245.73,,,
Greenland,GRL,2017,,,66297.18,,,
Greenland,GRL,2018,,,66887.68,,,
Greenland,GRL,2019,,,68534.945,,,
Greenland,GRL,2020,,,68533.734,,,
Greenland,GRL,2021,,,69302.01,,,
Grenada,GRD,2000,North America,107466.0,11625.051,391.4704,,1.5512555
Grenada,GRD,2001,North America,107998.0,11333.237,409.56293,,1.5258088
Grenada,GRD,2002,North America,108414.0,11677.703,470.6567,391.4704,1.5058899
Grenada,GRD,2003,North America,108895.0,12726.526,447.64938,409.56293,1.4924939
Grenada,GRD,2004,North America,109338.0,12593.3545,461.87192,470.6567,1.4836884
Grenada,GRD,2005,North America,109744.0,14211.843,515.29895,447.64938,1.4807743
Grenada,GRD,2006,North America,110149.0,13594.355,504.91354,461.87192,1.4853207
Grenada,GRD,2007,North America,110532.0,14376.282,561.86896,515.29895,1.4949982
Grenada,GRD,2008,North America,110911.0,14463.56,592.48645,504.91354,1.5121152
Grenada,GRD,2009,North America,111266.0,13463.58,559.83746,561.86896,1.5368137
Grenada,GRD,2010,North America,111600.0,13354.908,560.61273,592.48645,1.5674154
Grenada,GRD,2011,North America,112093.0,13397.85,614.66156,559.83746,1.6029756
Grenada,GRD,2012,North America,112792.0,13161.3955,615.81445,560.61273,1.6420304
Grenada,GRD,2013,North America,113499.0,13386.319,630.11835,614.66156,1.6810604
Grenada,GRD,2014,North America,114148.0,14287.954,583.73193,615.81445,1.7174356
Grenada,GRD,2015,North America,114691.0,15136.696,614.0597,630.11835,1.7532849
Grenada,GRD,2016,North America,115147.0,15640.827,620.3824,583.73193,1.784402
Grenada,GRD,2017,North America,115448.0,16291.489,700.40137,614.0597,1.8100915
Grenada,GRD,2018,North America,115703.0,16964.852,732.341,620.3824,1.8324454
Grenada,GRD,2019,North America,115995.0,17036.916,811.00024,700.40137,1.8515474
Grenada,GRD,2020,North America,116353.0,14647.745,761.94824,732.341,1.8645566
Grenada,GRD,2021,North America,116696.0,15290.251,807.8056,811.00024,1.8659645
Guatemala,GTM,2000,North America,11697592.0,8770.408,272.53967,,5.179367
Guatemala,GTM,2001,North America,11969423.0,8771.159,313.62234,,4.973283
Guatemala,GTM,2002,North America,12246923.0,8901.54,320.36096,272.53967,4.7746873
Guatemala,GTM,2003,North America,12525843.0,8926.158,334.46835,313.62234,4.5890756
Guatemala,GTM,2004,North America,12807409.0,9003.861,349.28177,320.36096,4.409158
Guatemala,GTM,2005,North America,13087637.0,9099.728,354.99625,334.46835,4.2362146
Guatemala,GTM,2006,North America,13367455.0,9386.006,390.73044,349.28177,4.0690994
Guatemala,GTM,2007,North America,13652042.0,9772.81,403.1349,354.99625,3.9077084
Guatemala,GTM,2008,North America,13935172.0,9889.577,409.0995,390.73044,3.75229
Guatemala,GTM,2009,North America,14215614.0,9740.714,413.55692,403.1349,3.6007092
Guatemala,GTM,2010,North America,14500118.0,9825.022,406.84518,409.0995,3.4530516
Guatemala,GTM,2011,North America,14792123.0,10032.094,409.43964,413.55692,3.313183
Guatemala,GTM,2012,North America,15089639.0,10126.833,443.56342,406.84518,3.1775317
Guatemala,GTM,2013,North America,15387339.0,10297.839,444.43225,409.43964,3.0443614
Guatemala,GTM,2014,North America,15681725.0,10553.564,485.0209,443.56342,2.920381
Guatemala,GTM,2015,North America,15971745.0,10785.958,536.5782,444.43225,2.8067014
Guatemala,GTM,2016,North America,16268761.0,10872.594,558.53455,485.0209,2.7028964
Guatemala,GTM,2017,North America,16567363.0,11005.459,586.5773,536.5782,2.6079876
Guatemala,GTM,2018,North America,16845688.0,11192.372,607.4141,558.53455,2.5127048
Guatemala,GTM,2019,North America,17103803.0,11466.377,664.11444,586.5773,2.428843
Guatemala,GTM,2020,North America,17357331.0,11097.15,707.1079,607.4141,2.3467906
Guatemala,GTM,2021,North America,17598652.0,11825.142,870.20905,664.11444,2.2672281
Guinea,GIN,2000,Africa,8428837.0,2358.2876,52.42739,,16.56814
Guinea,GIN,2001,Africa,8539963.0,2412.7517,56.37115,,15.900067
Guinea,GIN,2002,Africa,8674072.0,2498.1318,65.88338,52.42739,15.265927
Guinea,GIN,2003,Africa,8870790.0,2473.2341,60.016655,56.37115,14.68945
Guinea,GIN,2004,Africa,9062724.0,2477.503,61.69051,65.88338,14.160203
Guinea,GIN,2005,Africa,9245844.0,2501.2217,60.384907,60.016655,13.702082
Guinea,GIN,2006,Africa,9441174.0,2478.6133,52.528866,61.69051,13.3056135
Guinea,GIN,2007,Africa,9662278.0,2587.005,54.24295,60.384907,12.973282
Guinea,GIN,2008,Africa,9898870.0,2629.5398,52.69558,52.528866,12.687888
Guinea,GIN,2009,Africa,10143540.0,2537.3064,56.110134,54.24295,12.436972
Guinea,GIN,2010,Africa,10396090.0,2594.8306,55.58871,52.69558,12.219508
Guinea,GIN,2011,Africa,10656812.0,2673.4087,64.62261,56.110134,12.026907
Guinea,GIN,2012,Africa,10921580.0,2762.9036,60.659794,55.58871,11.839654
Guinea,GIN,2013,Africa,11191874.0,2802.56,63.753296,64.62261,11.6553955
Guinea,GIN,2014,Africa,11472921.0,2834.9663,89.68934,60.659794,11.544857
Guinea,GIN,2015,Africa,11767077.0,2869.8516,112.098885,63.753296,11.373901
Guinea,GIN,2016,Africa,12073031.0,3099.7888,121.71881,89.68934,11.138026
Guinea,GIN,2017,Africa,12385668.0,3332.7659,105.20325,112.098885,10.954346
Guinea,GIN,2018,Africa,12704776.0,3455.645,106.33831,121.71881,10.751929
Guinea,GIN,2019,Africa,13034349.0,3557.4624,126.989914,105.20325,10.536412
Guinea,GIN,2020,Africa,13371185.0,3630.9934,129.97395,106.33831,10.288835
Guinea,GIN,2021,Africa,13710515.0,3738.8052,138.99275,126.989914,10.031942
Guinea-Bissau,GNB,2000,Africa,1234747.0,1974.7446,42.4808,,17.483286
Guinea-Bissau,GNB,2001,Africa,1261281.0,2025.7268,43.913963,,16.93189
Guinea-Bissau,GNB,2002,Africa,1289317.0,2054.0898,42.415768,42.4808,16.356682
Guinea-Bissau,GNB,2003,Africa,1318809.0,2002.4021,38.127945,43.913963,15.768951
Guinea-Bissau,GNB,2004,Africa,1349569.0,1979.6979,47.20589,42.415768,15.158525
Guinea-Bissau,GNB,2005,Africa,1381590.0,2060.6667,53.80899,38.127945,14.532978
Guinea-Bissau,GNB,2006,Africa,1415315.0,2065.2122,62.255295,47.20589,13.90553
Guinea-Bissau,GNB,2007,Africa,1450989.0,2065.9897,62.04481,53.80899,13.280043
Guinea-Bissau,GNB,2008,Africa,1488059.0,2105.6738,70.03804,62.255295,12.646243
Guinea-Bissau,GNB,2009,Africa,1526384.0,2103.058,60.628452,62.04481,12.017291
Guinea-Bissau,GNB,2010,Africa,1566352.0,2164.2683,66.72216,70.03804,11.43034
Guinea-Bissau,GNB,2011,Africa,1608084.0,2278.5476,91.48993,60.628452,10.859143
Guinea-Bissau,GNB,2012,Africa,1651425.0,2180.7434,83.2888,66.72216,10.355693
Guinea-Bissau,GNB,2013,Africa,1695980.0,2192.5928,99.66609,91.48993,9.911172
Guinea-Bissau,GNB,2014,Africa,1741126.0,2156.3364,145.13898,83.2888,9.516375
Guinea-Bissau,GNB,2015,Africa,1786461.0,2230.53,140.68385,99.66609,9.160147
Guinea-Bissau,GNB,2016,Africa,1831898.0,2293.3787,151.94861,145.13898,8.822112
Guinea-Bissau,GNB,2017,Africa,1877074.0,2342.561,145.73724,140.68385,8.513052
Guinea-Bissau,GNB,2018,Africa,1922167.0,2373.6494,149.85417,151.94861,8.2218485
Guinea-Bissau,GNB,2019,Africa,1967704.0,2442.2588,149.55164,145.73724,7.9452877
Guinea-Bissau,GNB,2020,Africa,2013259.0,2456.0115,187.55556,149.85417,7.6745358
Guinea-Bissau,GNB,2021,Africa,2058841.0,2522.1287,191.12209,149.55164,7.4349985
Guyana,GUY,2000,South America,764836.0,8025.2935,156.99382,,4.673874
Guyana,GUY,2001,South America,764484.0,8212.043,158.30553,,4.5584874
Guyana,GUY,2002,South America,763657.0,8314.027,172.57222,156.99382,4.450289
Guyana,GUY,2003,South America,763107.0,8267.429,179.1778,158.30553,4.3426743
Guyana,GUY,2004,South America,762424.0,8404.2,193.03969,172.57222,4.248544
Guyana,GUY,2005,South America,760922.0,8256.525,213.05664,179.1778,4.15846
Guyana,GUY,2006,South America,758976.0,8702.331,239.93523,193.03969,4.072955
Guyana,GUY,2007,South America,756874.0,9354.08,282.73297,213.05664,3.9916556
Guyana,GUY,2008,South America,754614.0,9546.709,291.88303,239.93523,3.9140584
Guyana,GUY,2009,South America,752097.0,9924.526,314.932,282.73297,3.83303
Guyana,GUY,2010,South America,749259.0,10374.395,331.55396,291.88303,3.7585163
Guyana,GUY,2011,South America,746161.0,10958.86,378.6845,314.932,3.6843686
Guyana,GUY,2012,South America,746296.0,11534.999,394.06232,331.55396,3.6042097
Guyana,GUY,2013,South America,750020.0,11896.907,425.8545,378.6845,3.5235152
Guyana,GUY,2014,South America,754231.0,12030.053,439.9566,394.06232,3.4331217
Guyana,GUY,2015,South America,758783.0,12040.083,458.9227,425.8545,3.3324018
Guyana,GUY,2016,South America,763553.0,12420.473,462.77667,439.9566,3.237113
Guyana,GUY,2017,South America,768483.0,12801.641,528.7989,458.9227,3.1447752
Guyana,GUY,2018,South America,791563.0,12980.357,610.2961,462.77667,3.0471282
Guyana,GUY,2019,South America,807668.0,13402.422,649.2465,528.7989,2.9559457
Guyana,GUY,2020,South America,807486.0,19234.13,904.0613,610.2961,2.864101
Guyana,GUY,2021,South America,815484.0,22865.928,1061.7256,649.2465,2.778257
Haiti,HTI,2000,North America,8303151.0,3237.5308,88.95417,,10.288356
Haiti,HTI,2001,North America,8455917.0,3168.1445,83.625694,,9.936045
Haiti,HTI,2002,North America,8607648.0,3145.0369,75.32529,88.95417,9.618499
Haiti,HTI,2003,North America,8759913.0,3197.9365,78.45898,83.625694,9.329959
Haiti,HTI,2004,North America,8910267.0,3102.5417,78.97542,75.32529,9.070994
Haiti,HTI,2005,North America,9061274.0,3144.5635,81.99726,78.45898,8.835212
Haiti,HTI,2006,North America,9216569.0,3146.2634,85.75484,78.97542,8.618914
Haiti,HTI,2007,North America,9373300.0,3239.2576,99.64056,81.99726,8.411179
Haiti,HTI,2008,North America,9530782.0,3270.4128,102.876755,85.75484,8.216846
Haiti,HTI,2009,North America,9689585.0,3406.295,100.00988,99.64056,8.024496
Haiti,HTI,2010,North America,9803299.0,3176.5095,122.58364,102.876755,13.76969
Haiti,HTI,2011,North America,9914904.0,3300.8745,168.97594,100.00988,7.650038
Haiti,HTI,2012,North America,10069770.0,3266.4382,157.48933,122.58364,7.464308
Haiti,HTI,2013,North America,10222365.0,3356.8374,124.90187,168.97594,7.280539
Haiti,HTI,2014,North America,10373241.0,3403.575,138.96448,157.48933,7.094639
Haiti,HTI,2015,North America,10523249.0,3402.0283,153.39622,124.90187,6.9124823
Haiti,HTI,2016,North America,10671462.0,3415.5823,155.507,138.96448,6.724096
Haiti,HTI,2017,North America,10817759.0,3453.9714,127.07418,153.39622,6.531835
Haiti,HTI,2018,North America,10962373.0,3465.255,138.42789,155.507,6.3426585
Haiti,HTI,2019,North America,11105165.0,3361.7532,124.6594,127.07418,6.1472816
Haiti,HTI,2020,North America,11243846.0,3210.5361,117.50255,138.42789,5.976435
Haiti,HTI,2021,North America,11374592.0,3116.565,112.509445,124.6594,5.805449
Honduras,HND,2000,North America,6577781.0,4579.6895,162.18399,,3.7280111
Honduras,HND,2001,North America,6757992.0,4578.9478,156.86356,,3.5627391
Honduras,HND,2002,North America,6938866.0,4627.023,169.51367,162.18399,3.4042358
Honduras,HND,2003,North America,7119213.0,4714.867,194.3488,156.86356,3.2536354
Honduras,HND,2004,North America,7299003.0,4885.343,205.73482,169.51367,3.1123433
Honduras,HND,2005,North America,7478362.0,5056.6753,240.32411,194.3488,2.9802232
Honduras,HND,2006,North America,7656832.0,5263.1504,270.3067,205.73482,2.8574374
Honduras,HND,2007,North America,7834806.0,5461.9014,296.2394,240.32411,2.7417674
Honduras,HND,2008,North America,8012590.0,5566.7065,327.484,270.3067,2.635829
Honduras,HND,2009,North America,8189904.0,5313.756,328.87256,296.2394,2.5371046
Honduras,HND,2010,North America,8365881.0,5396.0723,327.85962,327.484,2.442706
Honduras,HND,2011,North America,8540587.0,5488.4336,342.94568,328.87256,2.3530242
Honduras,HND,2012,North America,8715081.0,5600.608,347.67755,327.85962,2.2695997
Honduras,HND,2013,North America,8889276.0,5644.134,350.73038,342.94568,2.1888592
Honduras,HND,2014,North America,9063127.0,5705.1626,352.9942,347.67755,2.1109335
Honduras,HND,2015,North America,9237306.0,5812.5347,362.63406,350.73038,2.0349193
Honduras,HND,2016,North America,9412380.0,5926.49,399.8242,352.9942,1.9620265
Honduras,HND,2017,North America,9588144.0,6099.6074,393.8218,362.63406,1.8911499
Honduras,HND,2018,North America,9765209.0,6219.28,407.19263,399.8242,1.8249059
Honduras,HND,2019,North America,9943637.0,6264.019,424.7971,393.8218,1.765592
Honduras,HND,2020,North America,10119638.0,5603.264,496.42212,407.19263,1.7068518
Honduras,HND,2021,North America,10289881.0,6202.981,575.20984,424.7971,1.6512778
Hong Kong,HKG,2000,,,39848.56,,,
Hong Kong,HKG,2001,,,39777.83,,,
Hong Kong,HKG,2002,,,40258.15,,,
Hong Kong,HKG,2003,,,41570.562,,,
Hong Kong,HKG,2004,,,44836.176,,,
Hong Kong,HKG,2005,,,47938.85,,,
Hong Kong,HKG,2006,,,50981.73,,,
Hong Kong,HKG,2007,,,53813.023,,,
Hong Kong,HKG,2008,,,54630.33,,,
Hong Kong,HKG,2009,,,53172.29,,,
Hong Kong,HKG,2010,,,56355.41,,,
Hong Kong,HKG,2011,,,58672.805,,,
Hong Kong,HKG,2012,,,59015.316,,,
Hong Kong,HKG,2013,,,60601.61,,,
Hong Kong,HKG,2014,,,61839.805,,,
Hong Kong,HKG,2015,,,62779.754,,,
Hong Kong,HKG,2016,,,63749.43,,,
Hong Kong,HKG,2017,,,65662.85,,,
Hong Kong,HKG,2018,,,66993.96,,,
Hong Kong,HKG,2019,,,65388.336,,,
Hong Kong,HKG,2020,,,61328.535,,,
Hong Kong,HKG,2021,,,65884.94,,,
Hungary,HUN,2000,Europe,10190598.0,22117.92,802.6766,,1.0112935
Hungary,HUN,2001,Europe,10166693.0,23069.21,900.734,,0.9536059
Hungary,HUN,2002,Europe,10138461.0,24229.295,1032.775,802.6766,0.89611125
Hungary,HUN,2003,Europe,10108970.0,25255.871,1255.4465,900.734,0.84257513
Hungary,HUN,2004,Europe,10085788.0,26568.12,1260.9847,1032.775,0.79537845
Hungary,HUN,2005,Europe,10065703.0,27765.79,1364.5994,1255.4465,0.75443375
Hungary,HUN,2006,Europe,10049946.0,28903.047,1429.1509,1260.9847,0.71819204
Hungary,HUN,2007,Europe,10034084.0,29044.066,1374.4337,1364.5994,0.68414724
Hungary,HUN,2008,Europe,10016653.0,29384.008,1467.7675,1429.1509,0.6515385
Hungary,HUN,2009,Europe,10001381.0,27445.959,1495.3505,1374.4337,0.6237969
Hungary,HUN,2010,Europe,9979128.0,27801.834,1616.9275,1467.7675,0.60346
Hungary,HUN,2011,Europe,9946675.0,28415.117,1720.4894,1495.3505,0.5881601
Hungary,HUN,2012,Europe,9916621.0,28179.656,1722.2578,1616.9275,0.5735938
Hungary,HUN,2013,Europe,9889344.0,28891.021,1775.5132,1720.4894,0.55657905
Hungary,HUN,2014,Europe,9862843.0,30264.95,1813.3812,1722.2578,0.5342732
Hungary,HUN,2015,Europe,9839211.0,31485.568,1842.3778,1775.5132,0.5054078
Hungary,HUN,2016,Europe,9810529.0,32378.967,1959.3809,1813.3812,0.4742513
Hungary,HUN,2017,Europe,9785608.0,33828.715,1999.0085,1842.3778,0.44725502
Hungary,HUN,2018,Europe,9774395.0,35798.043,2112.9448,1959.3809,0.42763945
Hungary,HUN,2019,Europe,9770346.0,37662.676,2224.3042,1999.0085,0.413634
Hungary,HUN,2020,Europe,9749459.0,36119.52,2567.8428,2112.9448,0.4039277
Hungary,HUN,2021,Europe,9707848.0,38887.19,2846.4048,2224.3042,0.3964374
Iceland,ISL,2000,Europe,281293.0,50227.84,2649.744,,0.39163005
Iceland,ISL,2001,Europe,285058.0,51468.33,2789.9983,,0.37063983
Iceland,ISL,2002,Europe,287609.0,51287.594,3065.4194,2649.744,0.3517601
Iceland,ISL,2003,Europe,289616.0,52095.64,3180.6611,2789.9983,0.33458108
Iceland,ISL,2004,Europe,292172.0,55576.61,3321.4924,3065.4194,0.3191161
Iceland,ISL,2005,Europe,296852.0,58549.137,3338.1165,3180.6611,0.30585966
Iceland,ISL,2006,Europe,303883.0,60434.383,3396.1436,3321.4924,0.2947159
Iceland,ISL,2007,Europe,311662.0,64075.31,3463.5305,3338.1165,0.28481844
Iceland,ISL,2008,Europe,317519.0,63963.76,3647.3916,3396.1436,0.27665785
Iceland,ISL,2009,Europe,318619.0,58441.273,3672.2493,3463.5305,0.2700246
Iceland,ISL,2010,Europe,318163.0,57225.1,3324.1052,3647.3916,0.2652632
Iceland,ISL,2011,Europe,319139.0,57837.86,3378.0312,3672.2493,0.26175293
Iceland,ISL,2012,Europe,320851.0,58203.637,3456.0073,3324.1052,0.2598307
Iceland,ISL,2013,Europe,323891.0,59729.543,3651.9968,3378.0312,0.25901717
Iceland,ISL,2014,Europe,327517.0,60199.2,3811.8792,3456.0073,0.2597806
Iceland,ISL,2015,Europe,330962.0,61820.363,4000.0696,3651.9968,0.26149592
Iceland,ISL,2016,Europe,335571.0,64759.227,4359.9478,3811.8792,0.26449925
Iceland,ISL,2017,Europe,343537.0,65462.504,4629.747,4000.0696,0.2679965
Iceland,ISL,2018,Europe,352860.0,66703.02,4824.6294,4359.9478,0.27225754
Iceland,ISL,2019,Europe,360709.0,65994.984,5227.257,4629.747,0.27697825
Iceland,ISL,2020,Europe,366626.0,60617.145,5381.6597,4824.6294,0.28197104
Iceland,ISL,2021,Europe,372647.0,62720.793,5986.982,5227.257,0.28562057
India,IND,2000,Asia,1057922731.0,3010.4216,85.84422,,9.178219
India,IND,2001,Asia,1077898579.0,3097.1624,95.405815,,8.813956
India,IND,2002,Asia,1097600380.0,3157.269,98.2448,85.84422,8.458867
India,IND,2003,Asia,1116803000.0,3346.8882,100.398384,95.405815,8.110769
India,IND,2004,Asia,1135991509.0,3551.0474,107.99298,98.2448,7.7693253
India,IND,2005,Asia,1154676321.0,3770.3965,113.216354,100.398384,7.4346895
India,IND,2006,Asia,1172878888.0,4011.0864,118.16532,107.99298,7.1030455
India,IND,2007,Asia,1190676028.0,4253.8213,125.625046,113.216354,6.7751656
India,IND,2008,Asia,1207930960.0,4322.484,130.38556,118.16532,6.447625
India,IND,2009,Asia,1225524764.0,4595.38,137.83293,125.625046,6.1249437
India,IND,2010,Asia,1243481565.0,4913.8765,140.33836,130.38556,5.806652
India,IND,2011,Asia,1261224956.0,5098.675,144.61488,137.83293,5.4965444
India,IND,2012,Asia,1278674501.0,5303.502,160.46288,140.33836,5.197874
India,IND,2013,Asia,1295829507.0,5567.4946,188.01013,144.61488,4.909439
India,IND,2014,Asia,1312277184.0,5905.106,187.91307,160.46288,4.63507
India,IND,2015,Asia,1328024494.0,6301.6733,195.06578,188.01013,4.3744445
India,IND,2016,Asia,1343944296.0,6741.149,203.26651,187.91307,4.1302805
India,IND,2017,Asia,1359657398.0,7116.0366,180.40742,195.06578,3.9016314
India,IND,2018,Asia,1374659067.0,7492.626,191.94691,203.26651,3.6869807
India,IND,2019,Asia,1389030307.0,7702.1763,211.16661,180.40742,3.4860835
India,IND,2020,Asia,1402617694.0,7186.8643,232.77542,191.94691,3.2977011
India,IND,2021,Asia,1414203896.0,7818.657,269.4188,211.16661,3.1192012
Indonesia,IDN,2000,Asia,216077789.0,6056.382,93.49309,,5.1379356
Indonesia,IDN,2001,Asia,219097905.0,6190.5195,111.71792,,4.899893
Indonesia,IDN,2002,Asia,222088499.0,6381.9497,109.35028,93.49309,4.674578
Indonesia,IDN,2003,Asia,225048005.0,6599.092,130.89015,111.71792,4.461242
Indonesia,IDN,2004,Asia,227926649.0,6843.5464,131.43185,109.35028,4.8637905
Indonesia,IDN,2005,Asia,230871648.0,7140.8545,168.9206,130.89015,4.071246
Indonesia,IDN,2006,Asia,233951650.0,7434.488,187.56033,131.43185,3.8932586
Indonesia,IDN,2007,Asia,237062338.0,7802.464,217.95224,168.9206,3.7222722
Indonesia,IDN,2008,Asia,240157902.0,8165.0615,211.06693,187.56033,3.560691
Indonesia,IDN,2009,Asia,243220024.0,8435.456,221.31746,217.95224,3.407966
Indonesia,IDN,2010,Asia,246305327.0,8848.225,233.13481,211.06693,3.260838
Indonesia,IDN,2011,Asia,249470029.0,9274.97,267.16467,221.31746,3.1202605
Indonesia,IDN,2012,Asia,252698525.0,9708.612,277.73846,233.13481,2.9865353
Indonesia,IDN,2013,Asia,255852464.0,10121.814,283.09036,267.16467,2.858136
Indonesia,IDN,2014,Asia,258877395.0,10504.387,298.35083,277.73846,2.7341006
Indonesia,IDN,2015,Asia,261799249.0,10893.662,293.2338,283.09036,2.612393
Indonesia,IDN,2016,Asia,264627429.0,11319.663,310.08145,298.35083,2.496737
Indonesia,IDN,2017,Asia,267346654.0,11772.574,310.38748,293.2338,2.3849225
Indonesia,IDN,2018,Asia,269951847.0,12262.231,326.1038,310.08145,2.2793818
Indonesia,IDN,2019,Asia,272489381.0,12757.785,345.046,310.38748,2.1783395
Indonesia,IDN,2020,Asia,274814861.0,12388.545,401.2233,326.1038,2.0811808
Indonesia,IDN,2021,Asia,276758056.0,12757.074,472.82178,345.046,1.991263
Iran,IRN,2000,Asia,66418661.0,11643.122,481.85583,,3.636006
Iran,IRN,2001,Asia,67452005.0,11739.009,538.6111,,3.4325671
Iran,IRN,2002,Asia,68011318.0,12583.045,536.32904,481.85583,3.2281272
Iran,IRN,2003,Asia,68769343.0,13519.45,633.09485,538.6111,3.0252569
Iran,IRN,2004,Asia,70256316.0,13807.195,663.0394,536.32904,2.8299997
Iran,IRN,2005,Asia,71828455.0,13935.774,719.5397,633.09485,2.6465547
Iran,IRN,2006,Asia,73392747.0,14320.657,749.09845,663.0394,2.4744885
Iran,IRN,2007,Asia,74602648.0,15237.424,783.17004,719.5397,2.3138824
Iran,IRN,2008,Asia,75514201.0,15091.251,825.8539,749.09845,2.167715
Iran,IRN,2009,Asia,76457831.0,15055.149,1019.3081,783.17004,2.0379179
Iran,IRN,2010,Asia,77420851.0,15729.913,1109.2611,825.8539,1.9279231
Iran,IRN,2011,Asia,78383602.0,15947.766,1127.3197,1019.3081,1.8342825
Iran,IRN,2012,Asia,79370583.0,15159.295,999.48615,1109.2611,1.7526999
Iran,IRN,2013,Asia,80414689.0,14734.74,892.2157,1127.3197,1.6785747
Iran,IRN,2014,Asia,81502045.0,15262.852,1050.1227,999.48615,1.613956
Iran,IRN,2015,Asia,82619365.0,14841.905,1147.5208,892.2157,1.5512717
Iran,IRN,2016,Asia,83812230.0,15920.372,1137.1345,1050.1227,1.4923363
Iran,IRN,2017,Asia,85026761.0,16167.968,1163.1243,1147.5208,1.4379483
Iran,IRN,2018,Asia,86117999.0,15364.805,984.7118,1137.1345,1.3883665
Iran,IRN,2019,Asia,87051649.0,14841.075,832.1758,1163.1243,1.3395333
Iran,IRN,2020,Asia,87723448.0,15381.585,700.0103,984.7118,1.2965354
Iran,IRN,2021,Asia,88455490.0,15884.428,726.4926,832.1758,1.2563891
Iraq,IRQ,2000,Asia,24424060.0,12702.164,,,4.4335914
Iraq,IRQ,2001,Asia,25197842.0,12529.608,,,4.3410244
Iraq,IRQ,2002,Asia,26006558.0,11144.051,,,4.246827
Iraq,IRQ,2003,Asia,26802660.0,6849.332,184.34703,,4.1562524
Iraq,IRQ,2004,Asia,27577876.0,10210.563,362.41943,,4.0666757
Iraq,IRQ,2005,Asia,28407450.0,10078.443,285.32343,184.34703,3.972495
Iraq,IRQ,2006,Asia,28616518.0,10568.914,254.93404,362.41943,3.8750663
Iraq,IRQ,2007,Asia,28391606.0,10853.816,346.65646,285.32343,3.7724857
Iraq,IRQ,2008,Asia,28971042.0,11511.938,357.4183,254.93404,3.6691482
Iraq,IRQ,2009,Asia,30058207.0,11470.518,440.83542,346.65646,3.559111
Iraq,IRQ,2010,Asia,31045367.0,11816.841,394.77823,357.4183,3.4507222
Iraq,IRQ,2011,Asia,32161425.0,12267.585,361.94534,440.83542,3.3435774
Iraq,IRQ,2012,Asia,33654843.0,13357.015,387.94162,394.77823,3.236011
Iraq,IRQ,2013,Asia,35281987.0,13712.932,411.9931,361.94534,3.131964
Iraq,IRQ,2014,Asia,36550058.0,13536.823,377.13458,387.94162,3.0306315
Iraq,IRQ,2015,Asia,37560535.0,13516.027,313.4084,411.9931,2.9328911
Iraq,IRQ,2016,Asia,38469628.0,15016.092,419.04675,377.13458,2.8383102
Iraq,IRQ,2017,Asia,39337358.0,14417.631,422.3677,313.4084,2.7458785
Iraq,IRQ,2018,Asia,40265629.0,14456.235,496.29614,419.04675,2.6535957
Iraq,IRQ,2019,Asia,41192172.0,14910.225,522.044,422.3677,2.56829
Iraq,IRQ,2020,Asia,42116602.0,12827.635,610.5593,496.29614,2.486201
Iraq,IRQ,2021,Asia,43071208.0,12731.754,657.9551,522.044,2.4040787
Ireland,IRL,2000,Europe,3802589.0,53582.832,1795.0895,,0.7165907
Ireland,IRL,2001,Europe,3862981.0,55534.57,2100.6577,,0.69005525
Ireland,IRL,2002,Europe,3928441.0,57828.01,2369.669,1795.0895,0.65052056
Ireland,IRL,2003,Europe,3992935.0,58608.336,2563.4575,2100.6577,0.60501945
Ireland,IRL,2004,Europe,4066066.0,61452.867,2825.2666,2369.669,0.55889577
Ireland,IRL,2005,Europe,4155283.0,63579.715,3128.8884,2563.4575,0.5177901
Ireland,IRL,2006,Europe,4268775.0,64975.41,3376.3901,2825.2666,0.48479915
Ireland,IRL,2007,Europe,4393518.0,66475.84,3702.2866,3128.8884,0.46082434
Ireland,IRL,2008,Europe,4485992.0,62213.645,4059.4507,3376.3901,0.44328356
Ireland,IRL,2009,Europe,4533750.0,58446.727,4377.334,3702.2866,0.42889228
Ireland,IRL,2010,Europe,4559084.0,59107.42,4557.419,4059.4507,0.41660827
Ireland,IRL,2011,Europe,4579603.0,59797.055,4784.7456,4377.334,0.40600148
Ireland,IRL,2012,Europe,4600135.0,59303.03,4905.3438,4557.419,0.3965039
Ireland,IRL,2013,Europe,4624686.0,60285.24,4915.062,4784.7456,0.3868511
Ireland,IRL,2014,Europe,4658236.0,65463.195,4879.9917,4905.3438,0.37676644
Ireland,IRL,2015,Europe,4702497.0,80815.64,5094.9385,4915.062,0.36645314
Ireland,IRL,2016,Europe,4753506.0,80760.09,5399.1465,4879.9917,0.35635135
Ireland,IRL,2017,Europe,4810258.0,87731.79,5597.7017,5094.9385,0.34768176
Ireland,IRL,2018,Europe,4872559.0,93115.836,5873.421,5399.1465,0.34283376
Ireland,IRL,2019,Europe,4933493.0,96205.8,6135.1733,5597.7017,0.34344512
Ireland,IRL,2020,Europe,4982602.0,101793.445,6856.751,5873.421,0.34892547
Ireland,IRL,2021,Europe,5028428.0,116702.86,7594.85,6135.1733,0.3584468
Israel,ISR,2000,Asia,6111194.0,33278.543,1749.666,,0.6885313
Israel,ISR,2001,Asia,6259977.0,32591.21,1858.3722,,0.6616068
Israel,ISR,2002,Asia,6387714.0,31892.54,1854.4435,1749.666,0.6351005
Israel,ISR,2003,Asia,6502821.0,31771.21,1738.9886,1858.3722,0.60855514
Israel,ISR,2004,Asia,6615084.0,32665.854,1823.9845,1854.4435,0.5824644
Israel,ISR,2005,Asia,6728212.0,33491.992,1822.0417,1738.9886,0.55725074
Israel,ISR,2006,Asia,6844029.0,34744.867,1820.6128,1823.9845,0.5332549
Israel,ISR,2007,Asia,6962456.0,36288.066,1945.0165,1822.0417,0.5110555
Israel,ISR,2008,Asia,7082621.0,36795.48,1972.6217,1820.6128,0.490921
Israel,ISR,2009,Asia,7206096.0,36364.785,2005.1243,1945.0165,0.47270456
Israel,ISR,2010,Asia,7336735.0,37686.344,2096.7344,1972.6217,0.4562186
Israel,ISR,2011,Asia,7471023.0,39036.023,2215.2993,2005.1243,0.44091937
Israel,ISR,2012,Asia,7607781.0,39245.508,2344.7156,2096.7344,0.42689642
Israel,ISR,2013,Asia,7749369.0,40095.477,2514.0273,2215.2993,0.41413736
Israel,ISR,2014,Asia,7897173.0,40795.63,2546.2803,2344.7156,0.40259776
Israel,ISR,2015,Asia,8052916.0,40889.598,2620.6455,2514.0273,0.3922409
Israel,ISR,2016,Asia,8210006.0,41914.582,2822.0762,2546.2803,0.3827854
Israel,ISR,2017,Asia,8361796.0,42895.586,2949.8198,2620.6455,0.3737653
Israel,ISR,2018,Asia,8510067.0,43782.652,3035.3262,2822.0762,0.36523363
Israel,ISR,2019,Asia,8657466.0,44492.12,3114.7485,2949.8198,0.35762864
Israel,ISR,2020,Asia,8800380.0,42926.543,3322.7812,3035.3262,0.35139713
Israel,ISR,2021,Asia,8942925.0,46151.1,3792.3323,3114.7485,0.34642312
Italy,ITA,2000,Europe,57272200.0,50353.42,2049.405,,0.55679166
Italy,ITA,2001,Europe,57305760.0,51332.29,2170.3135,,0.53001726
Italy,ITA,2002,Europe,57420636.0,51369.113,2263.2957,2049.405,0.5056799
Italy,ITA,2003,Europe,57739697.0,51126.258,2292.1873,2170.3135,0.4832086
Italy,ITA,2004,Europe,58176736.0,51495.004,2416.4287,2263.2957,0.46351507
Italy,ITA,2005,Europe,58519696.0,51585.645,2509.4485,2292.1873,0.4472405
Italy,ITA,2006,Europe,58754434.0,52304.242,2731.1929,2416.4287,0.434132
Italy,ITA,2007,Europe,59108723.0,52747.19,2774.9768,2509.4485,0.42346457
Italy,ITA,2008,Europe,59561687.0,51806.39,3022.1455,2731.1929,0.41421923
Italy,ITA,2009,Europe,59904016.0,48774.39,3080.4792,2774.9768,0.40553695
Italy,ITA,2010,Europe,60164212.0,49301.695,3112.5142,3022.1455,0.39639312
Italy,ITA,2011,Europe,60367882.0,49473.016,3180.6545,3080.4792,0.3868534
Italy,ITA,2012,Europe,60531522.0,47795.957,3196.7063,3112.5142,0.37744674
Italy,ITA,2013,Europe,60653864.0,46833.363,3206.51,3180.6545,0.3684331
Italy,ITA,2014,Europe,60664169.0,46825.652,3246.9058,3196.7063,0.35970026
Italy,ITA,2015,Europe,60575314.0,47311.824,3304.2861,3206.51,0.3511087
Italy,ITA,2016,Europe,60478103.0,47987.84,3527.4124,3246.9058,0.34192723
Italy,ITA,2017,Europe,60390317.0,48849.22,3658.4932,3304.2861,0.33145142
Italy,ITA,2018,Europe,60277496.0,49355.875,3768.1897,3527.4124,0.3196767
Italy,ITA,2019,Europe,60130136.0,49690.63,4014.2087,3658.4932,0.30790678
Italy,ITA,2020,Europe,59912763.0,45505.07,4235.52,3768.1897,0.29741272
Italy,ITA,2021,Europe,59729353.0,49825.395,4616.572,4014.2087,0.28864154
Jamaica,JAM,2000,North America,2607827.0,9667.925,386.43457,,2.0498478
Jamaica,JAM,2001,North America,2624410.0,9736.0625,343.19968,,1.9969915
Jamaica,JAM,2002,North America,2640582.0,9869.713,382.288,386.43457,1.9570439
Jamaica,JAM,2003,North America,2656629.0,10169.75,359.4296,343.19968,1.9301182
Jamaica,JAM,2004,North America,2672227.0,10244.207,434.74652,382.288,1.9147775
Jamaica,JAM,2005,North America,2687070.0,10278.684,448.6062,359.4296,1.9085256
Jamaica,JAM,2006,North America,2700973.0,10522.236,448.12073,434.74652,1.9084214
Jamaica,JAM,2007,North America,2713808.0,10622.444,522.05853,448.6062,1.9101716
Jamaica,JAM,2008,North America,2725633.0,10490.469,564.9116,448.12073,1.9099914
Jamaica,JAM,2009,North America,2737001.0,9992.977,518.2441,522.05853,1.9076617
Jamaica,JAM,2010,North America,2748573.0,9805.901,520.5384,564.9116,1.9043719
Jamaica,JAM,2011,North America,2760493.0,9932.483,544.9017,518.2441,1.8981067
Jamaica,JAM,2012,North America,2772432.0,9829.035,517.98645,520.5384,1.89266
Jamaica,JAM,2013,North America,2783689.0,9839.965,542.3704,544.9017,1.8863096
Jamaica,JAM,2014,North America,2793756.0,9872.159,549.00916,517.98645,1.8795592
Jamaica,JAM,2015,North America,2802536.0,9931.898,594.37537,542.3704,1.8725805
Jamaica,JAM,2016,North America,2809919.0,10179.254,619.4283,549.00916,1.8691782
Jamaica,JAM,2017,North America,2815765.0,10391.038,685.91895,594.37537,1.8703125
Jamaica,JAM,2018,North America,2820103.0,10636.093,686.29706,619.4283,1.8741148
Jamaica,JAM,2019,North America,2823275.0,10816.372,702.7669,685.91895,1.8772887
Jamaica,JAM,2020,North America,2830745.0,9891.97,672.1391,686.29706,1.8728647
Jamaica,JAM,2021,North America,2837680.0,10430.691,766.4239,702.7669,1.8602962
Japan,JPN,2000,Asia,127027794.0,39731.797,1916.7474,,0.4499892
Japan,JPN,2001,Asia,127260144.0,39748.984,2021.1135,,0.4300013
Japan,JPN,2002,Asia,127484599.0,39690.367,2103.854,1916.7474,0.41271585
Japan,JPN,2003,Asia,127671254.0,40152.13,2201.2708,2021.1135,0.39809498
Japan,JPN,2004,Asia,127815769.0,40986.723,2322.1514,2103.854,0.38554013
Japan,JPN,2005,Asia,127913331.0,41740.35,2460.9255,2201.2708,0.37437275
Japan,JPN,2006,Asia,127997247.0,42358.934,2582.563,2322.1514,0.3638055
Japan,JPN,2007,Asia,128087683.0,43041.57,2722.175,2460.9255,0.3537013
Japan,JPN,2008,Asia,128155992.0,42518.844,2851.2595,2582.563,0.34446484
Japan,JPN,2009,Asia,128192471.0,39999.945,3002.0178,2722.175,0.33580348
Japan,JPN,2010,Asia,128185273.0,41647.047,3199.5674,2851.2595,0.32690912
Japan,JPN,2011,Asia,128096430.0,41640.66,3790.2876,3002.0178,0.32776514
Japan,JPN,2012,Asia,127928283.0,42394.94,4003.8047,3199.5674,0.30655223
Japan,JPN,2013,Asia,127723642.0,43304.117,4196.7485,3790.2876,0.29595014
Japan,JPN,2014,Asia,127486601.0,43754.438,4236.895,4003.8047,0.28561977
Japan,JPN,2015,Asia,127275868.0,44589.305,4392.6763,4196.7485,0.275954
Japan,JPN,2016,Asia,127159950.0,44926.62,4324.34,4236.895,0.26730064
Japan,JPN,2017,Asia,127064686.0,45693.38,4413.1865,4392.6763,0.25940618
Japan,JPN,2018,Asia,126913432.0,46133.023,4522.3413,4324.34,0.2521385
Japan,JPN,2019,Asia,126699421.0,46055.35,4679.332,4413.1865,0.24563278
Japan,JPN,2020,Asia,126304533.0,44212.55,4855.961,4522.3413,0.24073711
Japan,JPN,2021,Asia,125679342.0,45999.46,5358.7026,4679.332,0.23822817
Jordan,JOR,2000,Asia,5386945.0,8781.609,543.50104,,2.5814118
Jordan,JOR,2001,Asia,5498900.0,9056.194,587.91266,,2.5005937
Jordan,JOR,2002,Asia,5616077.0,9380.113,604.1008,543.50104,2.4221017
Jordan,JOR,2003,Asia,5741837.0,9556.481,592.5665,587.91266,2.3458452
Jordan,JOR,2004,Asia,5882066.0,10127.853,638.2364,604.1008,2.272101
Jordan,JOR,2005,Asia,6029597.0,10684.942,682.1147,592.5665,2.201234
Jordan,JOR,2006,Asia,6427377.0,10834.874,648.1491,638.2364,2.1324923
Jordan,JOR,2007,Asia,6827235.0,11034.292,698.5749,682.1147,2.067602
Jordan,JOR,2008,Asia,6989874.0,11555.729,762.5608,648.1491,2.00562
Jordan,JOR,2009,Asia,7141763.0,11888.662,856.98663,698.5749,1.9463178
Jordan,JOR,2010,Asia,7297046.0,11942.572,769.3639,762.5608,1.8909266
Jordan,JOR,2011,Asia,7480431.0,11988.496,784.8116,856.98663,1.8377047
Jordan,JOR,2012,Asia,7587133.0,12104.122,761.374,769.3639,1.7884195
Jordan,JOR,2013,Asia,7991812.0,11804.122,703.45996,784.8116,1.7417542
Jordan,JOR,2014,Asia,8791715.0,11086.69,659.2377,761.374,1.6964697
Jordan,JOR,2015,Asia,9544730.0,10469.631,669.0352,703.45996,1.6530969
Jordan,JOR,2016,Asia,10006369.0,10197.505,610.2969,659.2377,1.611483
Jordan,JOR,2017,Asia,10234227.0,10220.493,658.7355,669.0352,1.5698179
Jordan,JOR,2018,Asia,10462310.0,10183.024,631.41974,610.2969,1.5296924
Jordan,JOR,2019,Asia,10671893.0,10168.358,666.8633,658.7355,1.4898053
Jordan,JOR,2020,Asia,10865232.0,9872.31,722.7968,631.41974,1.4509869
Jordan,JOR,2021,Asia,11066356.0,10056.562,706.80286,666.8633,1.412944
Kazakhstan,KAZ,2000,Asia,15501108.0,12935.864,308.6208,,4.212541
Kazakhstan,KAZ,2001,Asia,15575550.0,14612.029,297.3966,,3.9604297
Kazakhstan,KAZ,2002,Asia,15656680.0,15960.874,343.56815,308.6208,3.7227695
Kazakhstan,KAZ,2003,Asia,15747377.0,17344.752,392.15982,297.3966,3.5071645
Kazakhstan,KAZ,2004,Asia,15850164.0,18886.582,469.0914,343.56815,3.3007472
Kazakhstan,KAZ,2005,Asia,15968118.0,20565.53,516.0486,392.15982,3.0990412
Kazakhstan,KAZ,2006,Asia,16103718.0,22574.344,508.57416,469.0914,2.8926306
Kazakhstan,KAZ,2007,Asia,16257212.0,24351.346,448.21506,516.0486,2.682564
Kazakhstan,KAZ,2008,Asia,16426527.0,24895.664,522.7945,508.57416,2.4672818
Kazakhstan,KAZ,2009,Asia,16619851.0,24901.354,604.0172,448.21506,2.2502518
Kazakhstan,KAZ,2010,Asia,16836808.0,26374.84,510.11694,522.7945,2.0370097
Kazakhstan,KAZ,2011,Asia,17065996.0,27946.16,524.6354,604.0172,1.8306359
Kazakhstan,KAZ,2012,Asia,17306115.0,28881.242,648.97797,510.11694,1.6343243
Kazakhstan,KAZ,2013,Asia,17556502.0,30177.488,632.5411,524.6354,1.4541162
Kazakhstan,KAZ,2014,Asia,17816285.0,30986.438,712.6783,648.97797,1.3025695
Kazakhstan,KAZ,2015,Asia,18084175.0,30893.76,683.63965,632.5411,1.1862117
Kazakhstan,KAZ,2016,Asia,18363600.0,30758.322,787.932,712.6783,1.1045511
Kazakhstan,KAZ,2017,Asia,18651931.0,31524.441,731.7644,683.63965,1.0549166
Kazakhstan,KAZ,2018,Asia,18932725.0,32330.227,707.17395,787.932,1.0318502
Kazakhstan,KAZ,2019,Asia,19209556.0,33298.21,799.70105,731.7644,1.0211991
Kazakhstan,KAZ,2020,Asia,19482116.0,32011.549,1089.8673,707.17395,1.0113043
Kazakhstan,KAZ,2021,Asia,19743607.0,32945.85,1292.9895,799.70105,0.9984239
Kenya,KEN,2000,Africa,30642893.0,3756.6362,75.54699,,9.519243
Kenya,KEN,2001,Africa,31619170.0,3778.2585,80.5512,,9.052105
Kenya,KEN,2002,Africa,32629809.0,3681.2568,81.8734,75.54699,8.564291
Kenya,KEN,2003,Africa,33652233.0,3674.086,87.21154,80.5512,8.083481
Kenya,KEN,2004,Africa,34713453.0,3743.5679,93.99658,81.8734,7.60987
Kenya,KEN,2005,Africa,35796485.0,3844.7356,98.85737,87.21154,7.1195006
Kenya,KEN,2006,Africa,36904010.0,3970.7334,117.322784,93.99658,6.684906
Kenya,KEN,2007,Africa,38036354.0,4116.451,127.64968,98.85737,6.290702
Kenya,KEN,2008,Africa,39206349.0,4002.8835,127.639206,117.322784,5.7971053
Kenya,KEN,2009,Africa,40408887.0,4012.1943,131.23723,127.64968,5.519503
Kenya,KEN,2010,Africa,41598570.0,4211.5244,141.98116,127.639206,5.314316
Kenya,KEN,2011,Africa,42758467.0,4307.106,143.07344,131.23723,5.167127
Kenya,KEN,2012,Africa,43888306.0,4387.938,142.8777,141.98116,5.066404
Kenya,KEN,2013,Africa,44986794.0,4443.371,153.17642,143.07344,4.944151
Kenya,KEN,2014,Africa,46051441.0,4558.552,165.04076,142.8777,4.8282948
Kenya,KEN,2015,Africa,47088528.0,4679.622,175.25003,153.17642,4.6786313
Kenya,KEN,2016,Africa,48139683.0,4770.3105,186.20909,165.04076,4.5461793
Kenya,KEN,2017,Africa,49197757.0,4846.8623,166.50415,175.25003,4.4722958
Kenya,KEN,2018,Africa,50207109.0,5017.668,180.83138,186.20909,4.3676777
Kenya,KEN,2019,Africa,51202829.0,5171.7124,204.77971,166.50415,4.270811
Kenya,KEN,2020,Africa,52217327.0,5057.4014,215.2861,180.83138,4.2094927
Kenya,KEN,2021,Africa,53219167.0,5338.8525,243.98169,204.77971,4.1297016
Kiribati,KIR,2000,Oceania,88632.0,2481.7332,127.12506,,6.582445
Kiribati,KIR,2001,Oceania,90350.0,2357.884,190.12476,,6.405296
Kiribati,KIR,2002,Oceania,92281.0,2341.9956,184.19803,127.12506,6.2530165
Kiribati,KIR,2003,Oceania,94189.0,2258.3232,158.42773,190.12476,6.141552
Kiribati,KIR,2004,Oceania,96096.0,2199.9526,192.8103,184.19803,6.065805
Kiribati,KIR,2005,Oceania,98045.0,2184.061,183.51515,158.42773,6.01235
Kiribati,KIR,2006,Oceania,100028.0,2264.4517,195.14551,192.8103,5.9677405
Kiribati,KIR,2007,Oceania,102081.0,2286.7395,196.16467,183.51515,5.9201126
Kiribati,KIR,2008,Oceania,104235.0,2172.636,234.16672,195.14551,5.869442
Kiribati,KIR,2009,Oceania,106479.0,2138.24,219.2408,196.16467,5.815191
Kiribati,KIR,2010,Oceania,108717.0,2119.9119,150.86305,234.16672,5.772192
Kiribati,KIR,2011,Oceania,110660.0,2150.6584,142.66783,219.2408,5.748114
Kiribati,KIR,2012,Oceania,112293.0,2242.301,150.81636,150.86305,5.7415614
Kiribati,KIR,2013,Oceania,113847.0,2382.6755,178.49078,142.66783,5.767997
Kiribati,KIR,2014,Oceania,115339.0,2381.6536,186.47144,150.81636,5.798474
Kiribati,KIR,2015,Oceania,116826.0,2616.1763,166.73706,178.49078,5.861622
Kiribati,KIR,2016,Oceania,118488.0,2762.2874,222.91103,186.47144,5.9138484
Kiribati,KIR,2017,Oceania,120288.0,2822.021,248.28918,166.73706,5.955464
Kiribati,KIR,2018,Oceania,122097.0,2875.4177,291.5711,222.91103,5.9563475
Kiribati,KIR,2019,Oceania,123928.0,2926.5938,280.75992,248.28918,5.91153
Kiribati,KIR,2020,Oceania,126110.0,2839.1729,369.90988,291.5711,5.833239
Kiribati,KIR,2021,Oceania,128387.0,3024.2102,355.97424,280.75992,5.7226386
Kuwait,KWT,2000,Asia,1954713.0,60585.3,1293.5605,,1.274306
Kuwait,KWT,2001,Asia,2008127.0,59099.664,1866.1917,,1.2510179
Kuwait,KWT,2002,Asia,2059983.0,59348.617,1865.6893,1293.5605,1.2333969
Kuwait,KWT,2003,Asia,2109886.0,67984.31,1925.4359,1866.1917,1.2154952
Kuwait,KWT,2004,Asia,2157329.0,73298.06,1820.2815,1865.6893,1.1953238
Kuwait,KWT,2005,Asia,2236797.0,78193.9,1710.6543,1925.4359,1.1757567
Kuwait,KWT,2006,Asia,2364741.0,79521.35,1622.3629,1820.2815,1.1585535
Kuwait,KWT,2007,Asia,2507890.0,79474.76,1761.7317,1710.6543,1.1430243
Kuwait,KWT,2008,Asia,2651433.0,77036.51,1738.1025,1622.3629,1.124417
Kuwait,KWT,2009,Asia,2795489.0,67896.266,2168.075,1761.7317,1.1009067
Kuwait,KWT,2010,Asia,2943374.0,62956.215,2014.0248,1738.1025,1.0707954
Kuwait,KWT,2011,Asia,3132815.0,64844.5,1843.9735,2168.075,1.0341339
Kuwait,KWT,2012,Asia,3337025.0,64908.26,1915.2874,2014.0248,0.9954717
Kuwait,KWT,2013,Asia,3507755.0,62458.81,1911.0607,1843.9735,0.96070755
Kuwait,KWT,2014,Asia,3665769.0,60065.656,1992.7562,1915.2874,0.9330041
Kuwait,KWT,2015,Asia,3834465.0,57763.516,1908.0515,1911.0607,0.91312367
Kuwait,KWT,2016,Asia,4003976.0,56936.62,1980.5576,1992.7562,0.9001899
Kuwait,KWT,2017,Asia,4154686.0,52285.586,2166.912,1908.0515,0.89303464
Kuwait,KWT,2018,Asia,4323389.0,51623.81,2656.9766,1980.5576,0.88920414
Kuwait,KWT,2019,Asia,4442201.0,51380.645,2627.5315,2166.912,0.88655853
Kuwait,KWT,2020,Asia,4400146.0,49372.82,2534.622,2656.9766,0.88179773
Kuwait,KWT,2021,Asia,4360748.0,50651.957,2717.955,2627.5315,0.87189084
Kyrgyzstan,KGZ,2000,Asia,5025150.0,3638.4631,80.11238,,5.0807633
Kyrgyzstan,KGZ,2001,Asia,5071960.0,3795.8906,82.82309,,4.8098807
Kyrgyzstan,KGZ,2002,Asia,5116252.0,3760.5325,89.51141,80.11238,4.547254
Kyrgyzstan,KGZ,2003,Asia,5159422.0,3982.9272,122.86173,82.82309,4.299157
Kyrgyzstan,KGZ,2004,Asia,5203048.0,4211.5225,142.61205,89.51141,4.087605
Kyrgyzstan,KGZ,2005,Asia,5246337.0,4156.9585,174.89375,122.86173,3.9177785
Kyrgyzstan,KGZ,2006,Asia,5282451.0,4240.1704,205.96388,142.61205,3.7624304
Kyrgyzstan,KGZ,2007,Asia,5313376.0,4558.713,190.3869,174.89375,3.5882072
Kyrgyzstan,KGZ,2008,Asia,5342530.0,4894.943,196.92786,205.96388,3.3799882
Kyrgyzstan,KGZ,2009,Asia,5398013.0,4969.9614,213.31857,190.3869,3.1590965
Kyrgyzstan,KGZ,2010,Asia,5491763.0,4876.4795,212.80185,196.92786,2.9476101
Kyrgyzstan,KGZ,2011,Asia,5594537.0,5092.8516,231.00494,213.31857,2.7577949
Kyrgyzstan,KGZ,2012,Asia,5696521.0,4993.3945,303.00174,212.80185,2.6004121
Kyrgyzstan,KGZ,2013,Asia,5797294.0,5418.5405,326.4391,231.00494,2.4709177
Kyrgyzstan,KGZ,2014,Asia,5898322.0,5513.7544,311.4935,303.00174,2.3516946
Kyrgyzstan,KGZ,2015,Asia,6001876.0,5600.2144,298.8251,326.4391,2.2306902
Kyrgyzstan,KGZ,2016,Asia,6108460.0,5715.0103,298.4472,311.4935,2.1088529
Kyrgyzstan,KGZ,2017,Asia,6220148.0,5861.222,310.694,298.8251,1.9968933
Kyrgyzstan,KGZ,2018,Asia,6341733.0,5951.8286,243.25327,298.4472,1.9020755
Kyrgyzstan,KGZ,2019,Asia,6494036.0,6087.602,229.01677,310.694,1.8303978
Kyrgyzstan,KGZ,2020,Asia,6664143.0,5537.7954,257.98816,243.25327,1.7814572
Kyrgyzstan,KGZ,2021,Asia,6820483.0,5736.479,308.44376,229.01677,1.7482312
Laos,LAO,2000,Asia,5431213.0,2899.0195,79.467926,,10.012355
Laos,LAO,2001,Asia,5521481.0,3015.6326,86.91849,,9.559715
Laos,LAO,2002,Asia,5610888.0,3143.2234,83.176094,79.467926,9.107824
Laos,LAO,2003,Asia,5697944.0,3282.9854,107.10391,86.91849,8.658182
Laos,LAO,2004,Asia,5781627.0,3441.17,91.83044,83.176094,8.211662
Laos,LAO,2005,Asia,5869531.0,3630.5588,93.68794,107.10391,7.7725034
Laos,LAO,2006,Asia,5963199.0,3881.5374,92.141945,91.83044,7.350695
Laos,LAO,2007,Asia,6056237.0,4112.253,106.445274,93.68794,6.9451246
Laos,LAO,2008,Asia,6148974.0,4367.163,98.7704,92.141945,6.551615
Laos,LAO,2009,Asia,6241649.0,4625.072,133.11835,106.445274,6.18084
Laos,LAO,2010,Asia,6334198.0,4946.1055,115.67115,98.7704,5.8373895
Laos,LAO,2011,Asia,6426592.0,5266.879,81.657974,133.11835,5.5147634
Laos,LAO,2012,Asia,6518981.0,5608.9697,99.27043,115.67115,5.214252
Laos,LAO,2013,Asia,6611385.0,5974.4736,125.31053,81.657974,4.9377446
Laos,LAO,2014,Asia,6703170.0,6341.2124,133.27605,99.27043,4.680923
Laos,LAO,2015,Asia,6801647.0,6703.741,149.33113,125.31053,4.441998
Laos,LAO,2016,Asia,6908800.0,7063.2554,159.19417,133.27605,4.2210693
Laos,LAO,2017,Asia,7018150.0,7432.4595,180.34375,149.33113,4.015135
Laos,LAO,2018,Asia,7128043.0,7775.086,168.17769,159.19417,3.8267674
Laos,LAO,2019,Asia,7237635.0,8075.275,202.09016,180.34375,3.6496234
Laos,LAO,2020,Asia,7346534.0,7995.595,159.15674,168.17769,3.4803648
Laos,LAO,2021,Asia,7453192.0,8080.4355,219.49478,202.09016,3.3207493
Latvia,LVA,2000,Europe,2368320.0,14554.213,434.2741,,1.4298372
Latvia,LVA,2001,Europe,2338299.0,15695.906,518.4336,,1.3397759
Latvia,LVA,2002,Europe,2311358.0,17096.559,578.2634,434.2741,1.2602749
Latvia,LVA,2003,Europe,2288983.0,18717.668,603.0856,518.4336,1.1851083
Latvia,LVA,2004,Europe,2264179.0,20574.12,757.0871,578.2634,1.1145767
Latvia,LVA,2005,Europe,2239787.0,23213.354,807.582,603.0856,1.0494964
Latvia,LVA,2006,Europe,2219039.0,26431.814,900.809,757.0871,0.9893805
Latvia,LVA,2007,Europe,2200774.0,29423.736,1001.8252,807.582,0.93390703
Latvia,LVA,2008,Europe,2177710.0,28726.973,1085.894,900.809,0.88039637
Latvia,LVA,2009,Europe,2142044.0,24520.68,1027.8475,1001.8252,0.8278402
Latvia,LVA,2010,Europe,2097834.0,24119.73,1067.8075,1085.894,0.7746236
Latvia,LVA,2011,Europe,2059940.0,25308.732,1093.8683,1027.8475,0.71967775
Latvia,LVA,2012,Europe,2034639.0,27496.545,1146.0061,1067.8075,0.66311467
Latvia,LVA,2013,Europe,2013004.0,28375.184,1217.7289,1093.8683,0.60740083
Latvia,LVA,2014,Europe,1994153.0,29243.742,1296.1495,1146.0061,0.5571252
Latvia,LVA,2015,Europe,1977874.0,30599.613,1405.7756,1217.7289,0.51451963
Latvia,LVA,2016,Europe,1959863.0,31668.516,1631.0736,1296.1495,0.47869316
Latvia,LVA,2017,Europe,1942599.0,33036.39,1703.6044,1405.7756,0.44733903
Latvia,LVA,2018,Europe,1927586.0,34729.707,1903.7664,1631.0736,0.41871035
Latvia,LVA,2019,Europe,1914267.0,35208.195,2202.676,1703.6044,0.39104542
Latvia,LVA,2020,Europe,1901119.0,34225.9,2448.2175,1903.7664,0.3625776
Latvia,LVA,2021,Europe,1885593.0,36912.01,3457.587,2202.676,0.33334818
Lebanon,LBN,2000,Asia,4329345.0,11571.732,847.5885,,1.9951466
Lebanon,LBN,2001,Asia,4401923.0,11817.931,861.22906,,1.8948942
Lebanon,LBN,2002,Asia,4463505.0,12053.834,783.8968,847.5885,1.7964793
Lebanon,LBN,2003,Asia,4525513.0,12272.344,750.00494,861.22906,1.7019242
Lebanon,LBN,2004,Asia,4599285.0,12882.076,768.63654,783.8968,1.6140221
Lebanon,LBN,2005,Asia,4671105.0,13024.665,756.3715,750.00494,1.5328331
Lebanon,LBN,2006,Asia,4751146.0,13003.681,893.103,768.63654,1.463344
Lebanon,LBN,2007,Asia,4844119.0,13941.562,972.0205,756.3715,1.4050725
Lebanon,LBN,2008,Asia,4925359.0,14955.142,970.62354,893.103,1.3580198
Lebanon,LBN,2009,Asia,4992295.0,16264.351,952.03217,972.0205,1.3213232
Lebanon,LBN,2010,Asia,5041290.0,17390.758,1093.7461,970.62354,1.2952135
Lebanon,LBN,2011,Asia,5096018.0,17353.195,1224.5327,952.03217,1.2782377
Lebanon,LBN,2012,Asia,5235742.0,17323.3,1129.1652,1093.7461,1.2696385
Lebanon,LBN,2013,Asia,5743441.0,16396.496,1153.0972,1224.5327,1.2692409
Lebanon,LBN,2014,Asia,6346993.0,15205.873,1214.0177,1129.1652,1.2773114
Lebanon,LBN,2015,Asia,6472470.0,14980.0205,1264.1102,1153.0972,1.2930337
Lebanon,LBN,2016,Asia,6323061.0,15572.361,1500.8345,1214.0177,1.3183919
Lebanon,LBN,2017,Asia,6160129.0,16128.584,1636.0051,1264.1102,1.3533415
Lebanon,LBN,2018,Asia,5984120.0,16290.052,1774.2334,1500.8345,1.3966936
Lebanon,LBN,2019,Asia,5794601.0,15659.566,1887.4459,1636.0051,1.4479833
Lebanon,LBN,2020,Asia,5702400.0,12507.437,1008.0392,1774.2334,1.5059783
Lebanon,LBN,2021,Asia,5718129.0,11599.775,460.94867,1887.4459,1.5688733
Lesotho,LSO,2000,Africa,2003919.0,1932.158,68.1662,,10.829923
Lesotho,LSO,2001,Africa,2000859.0,2004.0334,92.32259,,11.031642
Lesotho,LSO,2002,Africa,1994686.0,2024.7872,82.62883,68.1662,11.208711
Lesotho,LSO,2003,Africa,1985060.0,2127.373,81.47846,92.32259,11.323068
Lesotho,LSO,2004,Africa,1971130.0,2178.6648,83.849,82.62883,11.387238
Lesotho,LSO,2005,Africa,1953080.0,2275.016,81.30807,81.47846,11.463468
Lesotho,LSO,2006,Africa,1945066.0,2381.0203,97.343735,83.849,11.4671955
Lesotho,LSO,2007,Africa,1953273.0,2470.3147,147.65778,81.30807,11.185964
Lesotho,LSO,2008,Africa,1966547.0,2589.1663,158.69394,97.343735,11.161631
Lesotho,LSO,2009,Africa,1980884.0,2538.1934,187.26471,147.65778,9.906796
Lesotho,LSO,2010,Africa,1996256.0,2651.378,165.19003,158.69394,9.087378
Lesotho,LSO,2011,Africa,2014015.0,2749.3196,209.37796,187.26471,8.519664
Lesotho,LSO,2012,Africa,2034363.0,2894.227,235.83672,165.19003,8.13592
Lesotho,LSO,2013,Africa,2056509.0,2914.3752,289.84106,209.37796,7.926396
Lesotho,LSO,2014,Africa,2080091.0,2930.6172,286.2437,235.83672,7.7599044
Lesotho,LSO,2015,Africa,2104614.0,2986.9587,283.1114,289.84106,7.5112863
Lesotho,LSO,2016,Africa,2130424.0,3057.261,269.80164,286.2437,7.1390395
Lesotho,LSO,2017,Africa,2157117.0,2924.681,282.68936,283.1114,7.010064
Lesotho,LSO,2018,Africa,2183611.0,2846.4182,294.4176,269.80164,6.881775
Lesotho,LSO,2019,Africa,2209414.0,2773.2864,560.02954,282.68936,6.811405
Lesotho,LSO,2020,Africa,2235727.0,2517.1104,269.80347,294.4176,6.6269164
Lesotho,LSO,2021,Africa,2261549.0,2544.7825,276.32327,560.02954,6.401242
Liberia,LBR,2000,Africa,2928117.0,1868.1798,33.62098,,19.485765
Liberia,LBR,2001,Africa,3015343.0,1867.1191,27.502691,,18.166157
Liberia,LBR,2002,Africa,3094793.0,1887.646,28.430025,33.62098,16.855396
Liberia,LBR,2003,Africa,3119534.0,1308.1509,23.819408,27.502691,15.616747
Liberia,LBR,2004,Africa,3156893.0,1326.5356,58.872833,28.430025,14.480764
Liberia,LBR,2005,Africa,3301016.0,1335.6173,69.62108,23.819408,13.490003
Liberia,LBR,2006,Africa,3490792.0,1364.6035,63.475655,58.872833,12.649125
Liberia,LBR,2007,Africa,3669050.0,1422.1002,52.680717,69.62108,11.964341
Liberia,LBR,2008,Africa,3821006.0,1463.124,75.79492,63.475655,11.402974
Liberia,LBR,2009,Africa,3943035.0,1492.9982,116.24227,52.680717,10.948006
Liberia,LBR,2010,Africa,4058897.0,1538.8508,114.17308,75.79492,10.571149
Liberia,LBR,2011,Africa,4221177.0,1601.0337,122.95909,116.24227,10.240345
Liberia,LBR,2012,Africa,4373046.0,1668.9729,116.38925,114.17308,9.95345
Liberia,LBR,2013,Africa,4470246.0,1774.5206,118.27512,122.95909,9.699652
Liberia,LBR,2014,Africa,4564299.0,1750.1438,134.37305,116.38925,9.695241
Liberia,LBR,2015,Africa,4659436.0,1714.0905,170.11835,118.27512,9.321332
Liberia,LBR,2016,Africa,4755607.0,1653.3105,157.76262,134.37305,9.150988
Liberia,LBR,2017,Africa,4848927.0,1661.3029,161.61667,170.11835,9.029904
Liberia,LBR,2018,Africa,4944728.0,1647.9745,179.38278,157.76262,8.937963
Liberia,LBR,2019,Africa,5043719.0,1575.7666,147.95734,161.61667,8.873694
Liberia,LBR,2020,Africa,5149470.0,1497.377,204.59703,179.38278,8.83287
Liberia,LBR,2021,Africa,5259327.0,1539.2089,204.0292,147.95734,8.800754
Libya,LBY,2000,Africa,5305020.0,17747.02,706.2184,,2.8101878
Libya,LBY,2001,Africa,5403639.0,17115.988,823.76215,,2.7274919
Libya,LBY,2002,Africa,5508412.0,16629.436,980.98505,706.2184,2.6451998
Libya,LBY,2003,Africa,5619405.0,18422.734,929.20984,823.76215,2.552156
Libya,LBY,2004,Africa,5736696.0,18851.203,831.49567,980.98505,2.4405913
Libya,LBY,2005,Africa,5858793.0,20649.463,698.8692,929.20984,2.3113575
Libya,LBY,2006,Africa,5980212.0,21545.299,665.5091,831.49567,2.1680899
Libya,LBY,2007,Africa,6104381.0,22422.012,748.26715,698.8692,2.0179675
Libya,LBY,2008,Africa,6235433.0,21915.197,691.55676,665.5091,1.8768475
Libya,LBY,2009,Africa,6366689.0,20518.965,1040.0134,748.26715,1.7576159
Libya,LBY,2010,Africa,6497837.0,21115.525,991.8772,691.55676,1.6594334
Libya,LBY,2011,Africa,6343210.0,10741.921,630.9132,1040.0134,1.9612858
Libya,LBY,2012,Africa,6179327.0,20601.002,1061.2703,991.8772,1.5049642
Libya,LBY,2013,Africa,6304636.0,16557.5,1052.3608,630.9132,1.4390024
Libya,LBY,2014,Africa,6427260.0,12499.083,906.60834,1061.2703,1.3816278
Libya,LBY,2015,Africa,6531825.0,12195.349,1039.5306,1052.3608,1.3303632
Libya,LBY,2016,Africa,6632130.0,11831.826,1046.7949,906.60834,1.2803531
Libya,LBY,2017,Africa,6738771.0,15428.116,843.04694,1039.5306,1.2352604
Libya,LBY,2018,Africa,6849058.0,16385.164,918.7599,1046.7949,1.1940075
Libya,LBY,2019,Africa,6951040.0,14337.196,898.4062,843.04694,1.1559094
Libya,LBY,2020,Africa,7045403.0,9978.664,778.5292,918.7599,1.119258
Libya,LBY,2021,Africa,7135179.0,12641.51,765.38965,898.4062,1.0796556
Liechtenstein,LIE,2013,Europe,36930.0,,7031.2593,,
Liechtenstein,LIE,2014,Europe,37191.0,,7216.604,,
Liechtenstein,LIE,2015,Europe,37424.0,,7480.9434,7031.2593,
Liechtenstein,LIE,2016,Europe,37635.0,,7761.3877,7216.604,
Liechtenstein,LIE,2017,Europe,37872.0,,7839.9883,7480.9434,
Liechtenstein,LIE,2018,Europe,38157.0,,7847.5854,7761.3877,
Liechtenstein,LIE,2019,Europe,38463.0,,8282.42,7839.9883,
Liechtenstein,LIE,2020,Europe,38793.0,,8647.732,7847.5854,
Liechtenstein,LIE,2021,Europe,39062.0,,8030.5415,8282.42,
Lithuania,LTU,2000,Europe,3500410.0,15777.43,521.7993,,1.0701343
Lithuania,LTU,2001,Europe,3473008.0,16939.467,564.9615,,1.0260733
Lithuania,LTU,2002,Europe,3444051.0,18223.479,641.827,521.7993,0.98773456
Lithuania,LTU,2003,Europe,3415276.0,20310.713,743.0358,564.9615,0.9588194
Lithuania,LTU,2004,Europe,3376703.0,21875.61,713.57654,641.827,0.93460643
Lithuania,LTU,2005,Europe,3322264.0,23953.814,811.5737,743.0358,0.90273565
Lithuania,LTU,2006,Europe,3269809.0,26139.283,957.507,713.57654,0.8568313
Lithuania,LTU,2007,Europe,3231378.0,29381.951,1094.5939,811.5737,0.7990485
Lithuania,LTU,2008,Europe,3198482.0,30457.37,1298.4614,957.507,0.7344156
Lithuania,LTU,2009,Europe,3163255.0,26227.523,1325.6364,1094.5939,0.6681579
Lithuania,LTU,2010,Europe,3097721.0,26897.725,1349.8138,1298.4614,0.6080163
Lithuania,LTU,2011,Europe,3028642.0,29251.877,1472.8187,1325.6364,0.5585776
Lithuania,LTU,2012,Europe,2988334.0,30932.098,1542.1932,1349.8138,0.52584296
Lithuania,LTU,2013,Europe,2958359.0,32487.0,1627.6205,1472.8187,0.51300603
Lithuania,LTU,2014,Europe,2933171.0,33988.016,1736.3733,1542.1932,0.5105559
Lithuania,LTU,2015,Europe,2905771.0,35264.715,1858.083,1627.6205,0.5025179
Lithuania,LTU,2016,Europe,2869109.0,36632.082,2033.2688,1736.3733,0.48107776
Lithuania,LTU,2017,Europe,2829317.0,38789.246,2152.4377,1858.083,0.4518913
Lithuania,LTU,2018,Europe,2802485.0,41035.402,2354.8027,2033.2688,0.42140853
Lithuania,LTU,2019,Europe,2795057.0,43078.71,2815.934,2152.4377,0.3942298
Lithuania,LTU,2020,Europe,2795766.0,43108.2,3060.5493,2354.8027,0.37338364
Lithuania,LTU,2021,Europe,2794490.0,45897.37,3543.986,2815.934,0.36009768
Luxembourg,LUX,2000,Europe,436142.0,114148.35,3286.6401,,0.46926323
Luxembourg,LUX,2001,Europe,441754.0,116265.23,3603.542,,0.44180584
Luxembourg,LUX,2002,Europe,446392.0,118764.33,3979.2534,3286.6401,0.41546714
Luxembourg,LUX,2003,Europe,451845.0,120403.0,4222.3755,3603.542,0.39069203
Luxembourg,LUX,2004,Europe,458305.0,123725.76,4741.7754,3979.2534,0.36779827
Luxembourg,LUX,2005,Europe,465369.0,124871.95,4941.6826,4222.3755,0.3471984
Luxembourg,LUX,2006,Europe,472869.0,130290.17,5274.305,4741.7754,0.32894483
Luxembourg,LUX,2007,Europe,480277.0,138683.31,5284.1816,4941.6826,0.3134613
Luxembourg,LUX,2008,Europe,488995.0,135814.61,5725.232,5274.305,0.3005218
Luxembourg,LUX,2009,Europe,498196.0,129004.51,6090.0317,5284.1816,0.28964603
Luxembourg,LUX,2010,Europe,507418.0,131434.36,6078.016,5725.232,0.28085646
Luxembourg,LUX,2011,Europe,518583.0,129887.625,5694.8833,6090.0317,0.27360424
Luxembourg,LUX,2012,Europe,530951.0,128897.41,5175.365,6078.016,0.2674576
Luxembourg,LUX,2013,Europe,543358.0,129947.336,5346.197,5694.8833,0.26223043
Luxembourg,LUX,2014,Europe,556285.0,130249.55,5573.945,5175.365,0.25800645
Luxembourg,LUX,2015,Europe,569540.0,130097.336,5546.6826,5346.197,0.25379694
Luxembourg,LUX,2016,Europe,583511.0,133661.73,5806.3047,5573.945,0.25011703
Luxembourg,LUX,2017,Europe,596506.0,132169.83,5961.6025,5546.6826,0.24663514
Luxembourg,LUX,2018,Europe,608109.0,131733.89,6211.7305,5806.3047,0.24356602
Luxembourg,LUX,2019,Europe,620167.0,132724.75,6700.6694,5961.6025,0.2403051
Luxembourg,LUX,2020,Europe,630597.0,129865.63,7088.2036,6211.7305,0.23702808
Luxembourg,LUX,2021,Europe,640276.0,136772.44,7734.7397,6700.6694,0.23336092
Macao,MAC,2000,,,55994.76,,,
Macao,MAC,2001,,,57173.86,,,
Macao,MAC,2002,,,61625.957,,,
Macao,MAC,2003,,,67994.78,,,
Macao,MAC,2004,,,84004.45,,,
Macao,MAC,2005,,,87185.52,,,
Macao,MAC,2006,,,93828.32,,,
Macao,MAC,2007,,,102879.64,,,
Macao,MAC,2008,,,102474.67,,,
Macao,MAC,2009,,,104911.14,,,
Macao,MAC,2010,,,130758.28,,,
Macao,MAC,2011,,,155385.33,,,
Macao,MAC,2012,,,164239.27,,,
Macao,MAC,2013,,,174569.52,,,
Macao,MAC,2014,,,162813.44,,,
Macao,MAC,2015,,,123194.07,,,
Macao,MAC,2016,,,120530.055,,,
Macao,MAC,2017,,,133322.62,,,
Macao,MAC,2018,,,139541.16,,,
Macao,MAC,2019,,,133453.89,,,
Macao,MAC,2020,,,59662.484,,,
Macao,MAC,2021,,,73374.445,,,
Madagascar,MDG,2000,Africa,16516336.0,1701.4432,49.329865,,10.442797
Madagascar,MDG,2001,Africa,17032933.0,1748.5035,53.4377,,9.980623
Madagascar,MDG,2002,Africa,17549915.0,1486.4343,55.2547,49.329865,9.555522
Madagascar,MDG,2003,Africa,18071860.0,1584.7493,60.975494,53.4377,9.1582
Madagascar,MDG,2004,Africa,18606606.0,1620.1195,67.18769,55.2547,8.779532
Madagascar,MDG,2005,Africa,19159711.0,1648.1763,70.02014,60.975494,8.413456
Madagascar,MDG,2006,Africa,19730916.0,1686.8634,71.84059,67.18769,8.075646
Madagascar,MDG,2007,Africa,20318590.0,1731.6176,68.82456,70.02014,7.761666
Madagascar,MDG,2008,Africa,20923842.0,1794.4023,64.37304,71.84059,7.479798
Madagascar,MDG,2009,Africa,21547277.0,1673.1555,64.88608,68.82456,7.2381854
Madagascar,MDG,2010,Africa,22183343.0,1635.2451,68.76745,64.37304,7.034839
Madagascar,MDG,2011,Africa,22822305.0,1614.5514,66.70125,64.88608,6.8627954
Madagascar,MDG,2012,Africa,23462444.0,1617.7908,57.24296,68.76745,6.7305307
Madagascar,MDG,2013,Africa,24109290.0,1610.6023,55.275692,66.70125,6.636132
Madagascar,MDG,2014,Africa,24764356.0,1620.3579,66.88428,57.24296,6.569131
Madagascar,MDG,2015,Africa,25426703.0,1627.5806,74.9242,55.275692,6.525736
Madagascar,MDG,2016,Africa,26099950.0,1648.9122,83.26786,66.88428,6.4924912
Madagascar,MDG,2017,Africa,26788379.0,1669.7277,74.285194,74.9242,6.4872427
Madagascar,MDG,2018,Africa,27494930.0,1678.7863,65.291145,83.26786,6.494227
Madagascar,MDG,2019,Africa,28219559.0,1707.8315,50.002083,74.285194,6.5011544
Madagascar,MDG,2020,Africa,28953560.0,1545.7272,55.48713,65.291145,6.510985
Madagascar,MDG,2021,Africa,29691087.0,1577.4325,56.051785,50.002083,6.5025454
Malawi,MWI,2000,Africa,11315947.0,1239.3917,29.31855,,17.098442
Malawi,MWI,2001,Africa,11593057.0,1149.5804,24.27871,,23.899345
Malawi,MWI,2002,Africa,11880443.0,1140.8428,24.302862,29.31855,14.324277
Malawi,MWI,2003,Africa,12181575.0,1176.1239,31.44971,24.27871,13.000781
Malawi,MWI,2004,Africa,12500736.0,1208.2197,40.689064,24.302862,11.87486
Malawi,MWI,2005,Africa,12840034.0,1214.7427,44.55862,31.44971,10.968658
Malawi,MWI,2006,Africa,13198699.0,1237.2739,53.44015,40.689064,10.272608
Malawi,MWI,2007,Africa,13576344.0,1318.3319,64.798096,44.55862,9.689846
Malawi,MWI,2008,Africa,13976415.0,1378.4288,77.48372,53.44015,9.104594
Malawi,MWI,2009,Africa,14395788.0,1449.7261,78.8609,64.798096,8.53468
Malawi,MWI,2010,Africa,14826466.0,1504.3751,72.52932,77.48372,8.013063
Malawi,MWI,2011,Africa,15265026.0,1533.2289,78.07452,78.8609,7.4019628
Malawi,MWI,2012,Africa,15709577.0,1518.1481,85.29965,72.52932,6.788285
Malawi,MWI,2013,Africa,16161816.0,1555.5061,123.972176,78.07452,6.285868
Malawi,MWI,2014,Africa,16621534.0,1597.5648,100.474724,85.29965,6.003401
Malawi,MWI,2015,Africa,17085587.0,1597.6914,90.93724,123.972176,5.739395
Malawi,MWI,2016,Africa,17557741.0,1593.5955,106.506744,100.474724,5.582718
Malawi,MWI,2017,Africa,18039714.0,1613.0593,104.68222,90.93724,5.3802032
Malawi,MWI,2018,Africa,18528086.0,1638.9166,93.87687,106.506744,5.202663
Malawi,MWI,2019,Africa,19025748.0,1687.2894,92.14736,104.68222,5.129385
Malawi,MWI,2020,Africa,19533885.0,1656.4398,106.45285,93.87687,5.0424147
Malawi,MWI,2021,Africa,20047264.0,1687.5936,126.84734,92.14736,4.9978733
Malaysia,MYS,2000,Asia,22967817.0,18532.91,356.78702,,0.9900087
Malaysia,MYS,2001,Asia,23526535.0,18186.441,380.8886,,0.9266452
Malaysia,MYS,2002,Asia,24102477.0,18708.87,396.9294,356.78702,0.883515
Malaysia,MYS,2003,Asia,24679604.0,19329.006,458.20654,380.8886,0.8564207
Malaysia,MYS,2004,Asia,25256773.0,20168.506,480.21918,396.9294,0.8412347
Malaysia,MYS,2005,Asia,25836075.0,20767.586,477.9094,458.20654,0.83360106
Malaysia,MYS,2006,Asia,26417909.0,21444.486,567.4879,480.21918,0.829125
Malaysia,MYS,2007,Asia,26998383.0,22305.12,598.7352,477.9094,0.8256526
Malaysia,MYS,2008,Asia,27570052.0,22898.002,613.53674,567.4879,0.82225144
Malaysia,MYS,2009,Asia,28124779.0,22106.643,646.35596,598.7352,0.8183039
Malaysia,MYS,2010,Asia,28655772.0,23307.97,648.1486,613.53674,0.81371224
Malaysia,MYS,2011,Asia,29162034.0,24115.818,716.8407,646.35596,0.8087526
Malaysia,MYS,2012,Asia,29662835.0,25006.36,793.93,648.1486,0.80484027
Malaysia,MYS,2013,Asia,30174269.0,25736.354,825.147,716.8407,0.80483025
Malaysia,MYS,2014,Asia,30696133.0,26818.432,914.6727,793.93,0.8092788
Malaysia,MYS,2015,Asia,31232796.0,27699.627,937.4023,825.147,0.81508243
Malaysia,MYS,2016,Asia,31789692.0,28425.371,935.79065,914.6727,0.81879085
Malaysia,MYS,2017,Asia,32355642.0,29551.545,981.26636,937.4023,0.8203941
Malaysia,MYS,2018,Asia,32910963.0,30459.965,1044.8835,935.79065,0.82018715
Malaysia,MYS,2019,Asia,33440590.0,31300.508,1111.0371,981.26636,0.8195029
Malaysia,MYS,2020,Asia,33889554.0,29200.453,1121.6672,1044.8835,0.8186817
Malaysia,MYS,2021,Asia,34282404.0,29822.85,1304.5659,1111.0371,0.8198382
Maldives,MDV,2000,Asia,282025.0,13738.281,846.87286,,3.948227
Maldives,MDV,2001,Asia,286778.0,12977.999,623.88745,,3.510506
Maldives,MDV,2002,Asia,291631.0,13689.807,715.63135,846.87286,3.107662
Maldives,MDV,2003,Asia,296497.0,15316.119,700.3436,623.88745,2.7432516
Maldives,MDV,2004,Asia,301416.0,15958.656,828.1205,715.63135,2.72434
Maldives,MDV,2005,Asia,306429.0,13942.875,860.8916,700.3436,2.1640747
Maldives,MDV,2006,Asia,313866.0,16829.977,976.458,828.1205,1.943961
Maldives,MDV,2007,Asia,324489.0,17439.951,1072.3749,860.8916,1.7627547
Maldives,MDV,2008,Asia,336178.0,18344.486,1587.9633,976.458,1.6132892
Maldives,MDV,2009,Asia,348282.0,16230.009,1246.2542,1072.3749,1.4888028
Maldives,MDV,2010,Asia,360802.0,16730.014,1093.9668,1587.9633,1.3827852
Maldives,MDV,2011,Asia,373683.0,17581.768,1092.5237,1246.2542,1.2893485
Maldives,MDV,2012,Asia,386821.0,17390.148,1218.8661,1093.9668,1.2055955
Maldives,MDV,2013,Asia,400077.0,17986.89,1250.575,1092.5237,1.1283684
Maldives,MDV,2014,Asia,413623.0,18765.36,1329.4867,1218.8661,1.0553592
Maldives,MDV,2015,Asia,428165.0,18829.447,1552.1055,1250.575,0.9858923
Maldives,MDV,2016,Asia,443316.0,19345.18,1920.7589,1329.4867,0.91953534
Maldives,MDV,2017,Asia,458297.0,20036.717,1808.6548,1552.1055,0.856035
Maldives,MDV,2018,Asia,473106.0,21072.58,1597.347,1920.7589,0.79621357
Maldives,MDV,2019,Asia,487737.0,21855.502,1731.3396,1808.6548,0.7400649
Maldives,MDV,2020,Asia,502127.0,14242.975,1535.7958,1597.347,0.6879453
Maldives,MDV,2021,Asia,516163.0,19052.623,1687.0991,1731.3396,0.64168245
Mali,MLI,2000,Africa,11559291.0,2187.719,58.67031,,18.993076
Mali,MLI,2001,Africa,11912162.0,2458.4617,55.531837,,18.389553
Mali,MLI,2002,Africa,12288051.0,2455.6194,62.33251,58.67031,17.774645
Mali,MLI,2003,Africa,12684951.0,2611.837,67.89986,55.531837,17.169945
Mali,MLI,2004,Africa,13102415.0,2565.9775,70.82515,62.33251,16.580608
Mali,MLI,2005,Africa,13538648.0,2546.3328,74.98678,67.89986,16.00878
Mali,MLI,2006,Africa,13990143.0,2555.0747,82.22141,70.82515,15.461289
Mali,MLI,2007,Africa,14457776.0,2515.947,81.427864,74.98678,14.923974
Mali,MLI,2008,Africa,14940786.0,2523.1997,80.79733,82.22141,14.398164
Mali,MLI,2009,Africa,15435536.0,2575.5454,85.46142,81.427864,13.886431
Mali,MLI,2010,Africa,15945201.0,2632.2646,78.937614,80.79733,13.37779
Mali,MLI,2011,Africa,16469054.0,2623.3462,69.08694,85.46142,12.877932
Mali,MLI,2012,Africa,16957039.0,2520.5293,62.797474,78.937614,12.387441
Mali,MLI,2013,Africa,17459619.0,2528.53,68.64871,69.08694,11.908419
Mali,MLI,2014,Africa,18020267.0,2609.1672,82.34629,62.797474,11.438518
Mali,MLI,2015,Africa,18593022.0,2686.5605,80.569336,68.64871,10.972462
Mali,MLI,2016,Africa,19191298.0,2759.1106,80.03654,82.34629,10.51324
Mali,MLI,2017,Africa,19813016.0,2816.1943,80.38132,80.569336,10.064742
Mali,MLI,2018,Africa,20442031.0,2862.4072,83.976135,80.03654,9.620691
Mali,MLI,2019,Africa,21068405.0,2916.1716,91.125145,80.38132,9.189007
Mali,MLI,2020,Africa,21713837.0,2796.4104,80.5819,83.976135,8.762846
Mali,MLI,2021,Africa,22388637.0,2796.228,83.18083,91.125145,8.360686
Malta,MLT,2000,Europe,399905.0,31068.078,1210.7847,,0.7616558
Malta,MLT,2001,Europe,402788.0,30602.11,1301.4346,,0.7382821
Malta,MLT,2002,Europe,405571.0,31207.432,1515.5717,1210.7847,0.71942544
Malta,MLT,2003,Europe,408236.0,32147.875,1657.9279,1301.4346,0.7058242
Malta,MLT,2004,Europe,410800.0,32062.764,1740.1267,1515.5717,0.69638383
Malta,MLT,2005,Europe,413324.0,32776.97,1938.2599,1657.9279,0.69067883
Malta,MLT,2006,Europe,415463.0,33420.715,2056.1064,1740.1267,0.6880079
Malta,MLT,2007,Europe,417201.0,34981.703,2053.1138,1938.2599,0.6870771
Malta,MLT,2008,Europe,418969.0,36287.727,2093.5437,2056.1064,0.6869582
Malta,MLT,2009,Europe,420800.0,35512.676,2119.5525,2053.1138,0.68684655
Malta,MLT,2010,Europe,422654.0,37528.734,2286.3303,2093.5437,0.6861063
Malta,MLT,2011,Europe,424635.0,37740.848,2455.2397,2119.5525,0.6836787
Malta,MLT,2012,Europe,426616.0,38937.15,2548.9133,2286.3303,0.6800925
Malta,MLT,2013,Europe,428457.0,40921.316,2773.3796,2455.2397,0.67482406
Malta,MLT,2014,Europe,434494.0,43163.15,3166.8225,2548.9133,0.6680563
Malta,MLT,2015,Europe,444978.0,46171.89,3380.9626,2773.3796,0.6595653
Malta,MLT,2016,Europe,455276.0,46967.348,3605.3262,3166.8225,0.64983296
Malta,MLT,2017,Europe,467902.0,51628.27,3868.6914,3380.9626,0.6388067
Malta,MLT,2018,Europe,484560.0,53419.004,3983.1794,3605.3262,0.6250805
Malta,MLT,2019,Europe,504017.0,53393.42,4671.7324,3868.6914,0.6114396
Malta,MLT,2020,Europe,518212.0,50389.695,4931.895,3983.1794,0.59640586
Malta,MLT,2021,Europe,524383.0,56823.996,5198.9253,4671.7324,0.5805579
Marshall Islands,MHL,2000,Oceania,50721.0,3772.6992,292.12708,,4.2746124
Marshall Islands,MHL,2001,Oceania,51137.0,4001.2432,263.6841,,4.2685275
Marshall Islands,MHL,2002,Oceania,51441.0,4122.3677,296.1065,292.12708,4.2534604
Marshall Islands,MHL,2003,Oceania,51657.0,4041.1729,326.47308,263.6841,4.218719
Marshall Islands,MHL,2004,Oceania,51803.0,4012.8586,353.16162,296.1065,4.178301
Marshall Islands,MHL,2005,Oceania,51928.0,4075.681,482.3985,326.47308,4.1331935
Marshall Islands,MHL,2006,Oceania,52011.0,4076.0986,600.09644,353.16162,4.0910954
Marshall Islands,MHL,2007,Oceania,52050.0,4222.954,480.69034,482.3985,4.044418
Marshall Islands,MHL,2008,Oceania,52049.0,3903.8057,514.1231,600.09644,3.9967022
Marshall Islands,MHL,2009,Oceania,52036.0,4047.7454,526.81805,480.69034,3.9493458
Marshall Islands,MHL,2010,Oceania,52064.0,4269.9053,533.6566,514.1231,3.8957431
Marshall Islands,MHL,2011,Oceania,51927.0,4259.6616,347.54578,526.81805,3.8394191
Marshall Islands,MHL,2012,Oceania,51438.0,4244.588,363.27252,533.6566,3.7759218
Marshall Islands,MHL,2013,Oceania,50696.0,4470.4263,403.464,347.54578,3.6962645
Marshall Islands,MHL,2014,Oceania,49815.0,4492.5674,410.12366,363.27252,3.6115005
Marshall Islands,MHL,2015,Oceania,48823.0,4670.7075,529.29926,403.464,3.518238
Marshall Islands,MHL,2016,Oceania,47730.0,4897.1494,553.9863,410.12366,3.4196455
Marshall Islands,MHL,2017,Oceania,46544.0,5200.0107,492.48706,529.29926,3.3225389
Marshall Islands,MHL,2018,Oceania,45307.0,5636.03,655.63055,553.9863,3.2228866
Marshall Islands,MHL,2019,Oceania,44030.0,6405.8965,785.8104,492.48706,3.1225092
Marshall Islands,MHL,2020,Oceania,42728.0,6418.007,645.09326,655.63055,3.0293758
Marshall Islands,MHL,2021,Oceania,41387.0,6768.8257,726.24286,785.8104,2.935657
Mauritania,MRT,2000,Africa,2613450.0,5008.608,80.18176,,9.800712
Mauritania,MRT,2001,Africa,2678766.0,4847.4106,83.89457,,9.338061
Mauritania,MRT,2002,Africa,2738659.0,4806.8984,94.668724,80.18176,8.817468
Mauritania,MRT,2003,Africa,2802050.0,5023.6523,101.65315,83.89457,8.281823
Mauritania,MRT,2004,Africa,2868671.0,5139.2256,98.0963,94.668724,7.750334
Mauritania,MRT,2005,Africa,2939060.0,5445.8296,98.49199,101.65315,7.249507
Mauritania,MRT,2006,Africa,3013659.0,6284.702,93.04712,98.0963,6.8087716
Mauritania,MRT,2007,Africa,3093065.0,6002.7783,97.15466,98.49199,6.434817
Mauritania,MRT,2008,Africa,3183276.0,5813.356,100.46786,93.04712,6.1261835
Mauritania,MRT,2009,Africa,3284454.0,5639.7876,101.2247,97.15466,5.8815064
Mauritania,MRT,2010,Africa,3390968.0,5605.7637,86.3121,100.46786,5.6779847
Mauritania,MRT,2011,Africa,3502813.0,5653.2173,84.550026,101.2247,5.5108995
Mauritania,MRT,2012,Africa,3619035.0,5716.252,95.41154,86.3121,5.3544264
Mauritania,MRT,2013,Africa,3734324.0,5769.7285,115.84043,84.550026,5.208968
Mauritania,MRT,2014,Africa,3848511.0,5837.852,134.0142,95.41154,5.0597987
Mauritania,MRT,2015,Africa,3965959.0,5969.5425,146.12335,115.84043,4.9141946
Mauritania,MRT,2016,Africa,4086655.0,5866.2812,149.23738,134.0142,4.7674837
Mauritania,MRT,2017,Africa,4210603.0,6050.6216,183.04611,146.12335,4.6175117
Mauritania,MRT,2018,Africa,4337685.0,6153.6377,156.55896,149.23738,4.474796
Mauritania,MRT,2019,Africa,4467714.0,6162.2104,173.45186,183.04611,4.337833
Mauritania,MRT,2020,Africa,4600136.0,5963.2354,172.30789,156.55896,4.1991606
Mauritania,MRT,2021,Africa,4734874.0,5836.566,220.63571,173.45186,4.0663304
Mauritius,MUS,2000,Africa,1216632.0,13373.656,262.4829,,1.8798788
Mauritius,MUS,2001,Africa,1225807.0,13712.579,281.4845,,1.75178
Mauritius,MUS,2002,Africa,1234090.0,13837.626,314.93793,262.4829,1.6595341
Mauritius,MUS,2003,Africa,1242094.0,14551.879,337.25452,281.4845,1.6019694
Mauritius,MUS,2004,Africa,1249799.0,15087.068,374.2732,314.93793,1.5742148
Mauritius,MUS,2005,Africa,1257215.0,15264.599,414.2699,337.25452,1.558731
Mauritius,MUS,2006,Africa,1263785.0,15932.819,443.1924,374.2732,1.540357
Mauritius,MUS,2007,Africa,1269522.0,16774.568,468.1285,414.2699,1.5183228
Mauritius,MUS,2008,Africa,1274635.0,17627.111,559.9328,443.1924,1.4990994
Mauritius,MUS,2009,Africa,1278976.0,18171.688,614.1661,468.1285,1.4862628
Mauritius,MUS,2010,Africa,1282710.0,18925.572,701.0318,559.9328,1.4826834
Mauritius,MUS,2011,Africa,1286270.0,19678.602,698.5068,614.1661,1.4898136
Mauritius,MUS,2012,Africa,1289174.0,20313.033,709.1377,701.0318,1.4990257
Mauritius,MUS,2013,Africa,1290988.0,20952.377,821.2441,698.5068,1.4941132
Mauritius,MUS,2014,Africa,1292006.0,21721.31,1001.36993,709.1377,1.4713799
Mauritius,MUS,2015,Africa,1292283.0,22499.025,1085.4474,821.2441,1.4533964
Mauritius,MUS,2016,Africa,1291807.0,23357.23,1175.0826,1001.36993,1.4647546
Mauritius,MUS,2017,Africa,1290654.0,24258.988,1239.7817,1085.4474,1.5006037
Mauritius,MUS,2018,Africa,1288836.0,25243.887,1269.2137,1175.0826,1.5403945
Mauritius,MUS,2019,Africa,1286269.0,25958.49,1346.7844,1239.7817,1.570054
Mauritius,MUS,2020,Africa,1283231.0,22272.54,1282.6248,1269.2137,1.5819873
Mauritius,MUS,2021,Africa,1279628.0,23010.201,1488.7136,1346.7844,1.5740755
Mexico,MEX,2000,North America,98625553.0,20470.494,496.77673,,2.7419016
Mexico,MEX,2001,North America,100099101.0,20078.219,537.87,,2.6160028
Mexico,MEX,2002,North America,101548627.0,19744.793,568.14954,496.77673,2.4986866
Mexico,MEX,2003,North America,102978517.0,19701.463,668.43964,537.87,2.39193
Mexico,MEX,2004,North America,104394131.0,20127.225,719.4072,568.14954,2.2958891
Mexico,MEX,2005,North America,105811504.0,20277.256,740.06744,668.43964,2.2104828
Mexico,MEX,2006,North America,107253666.0,20965.826,786.19244,719.4072,2.133675
Mexico,MEX,2007,North America,108774356.0,21102.27,827.7566,740.06744,2.0656846
Mexico,MEX,2008,North America,110374286.0,20992.56,853.9444,786.19244,2.004098
Mexico,MEX,2009,North America,111999720.0,19385.543,888.4441,827.7566,1.9480516
Mexico,MEX,2010,North America,113623898.0,20058.385,873.354,853.9444,1.8947201
Mexico,MEX,2011,North America,115243503.0,20457.6,915.30164,888.4441,1.8442338
Mexico,MEX,2012,North America,116818208.0,20898.936,976.1128,873.354,1.7948186
Mexico,MEX,2013,North America,118343572.0,20805.348,1013.415,915.30164,1.748242
Mexico,MEX,2014,North America,119784265.0,21069.766,1007.54663,976.1128,1.702711
Mexico,MEX,2015,North America,121072310.0,21408.928,1054.3677,1013.415,1.6583745
Mexico,MEX,2016,North America,122251344.0,21578.264,1082.6299,1007.54663,1.6165692
Mexico,MEX,2017,North America,123400052.0,21777.523,1088.3182,1054.3677,1.575982
Mexico,MEX,2018,North America,124573713.0,21997.773,1095.9117,1082.6299,1.5356941
Mexico,MEX,2019,North America,125762978.0,21704.186,1111.3888,1088.3182,1.4967914
Mexico,MEX,2020,North America,126799053.0,19728.482,1171.4056,1095.9117,1.4594755
Mexico,MEX,2021,North America,127648151.0,20782.588,1221.347,1111.3888,1.4213916
Micronesia (country),FSM,2000,Oceania,112067.0,3563.8918,161.80223,,3.8602355
Micronesia (country),FSM,2001,Oceania,112378.0,3618.394,183.86433,,3.767641
Micronesia (country),FSM,2002,Oceania,112464.0,3631.7488,175.57457,161.80223,4.154548
Micronesia (country),FSM,2003,Oceania,112298.0,3701.1326,220.76663,183.86433,3.6419492
Micronesia (country),FSM,2004,Oceania,111939.0,3594.5771,278.6055,175.57457,3.6064622
Micronesia (country),FSM,2005,Oceania,111420.0,3710.1985,433.9329,220.76663,3.5917623
Micronesia (country),FSM,2006,Oceania,110739.0,3717.6577,272.3898,278.6055,3.5861228
Micronesia (country),FSM,2007,Oceania,109896.0,3684.2021,286.1149,433.9329,3.562985
Micronesia (country),FSM,2008,Oceania,108947.0,3622.0488,307.9808,272.3898,3.5343218
Micronesia (country),FSM,2009,Oceania,107968.0,3702.3613,331.87125,286.1149,3.481178
Micronesia (country),FSM,2010,Oceania,107559.0,3780.2512,361.96512,307.9808,3.4132402
Micronesia (country),FSM,2011,Oceania,107712.0,3917.4465,378.91064,331.87125,3.3414626
Micronesia (country),FSM,2012,Oceania,107908.0,3847.1475,355.39847,361.96512,3.2560952
Micronesia (country),FSM,2013,Oceania,108133.0,3696.7456,342.82385,378.91064,3.1581783
Micronesia (country),FSM,2014,Oceania,108407.0,3592.819,327.65042,355.39847,3.0660207
Micronesia (country),FSM,2015,Oceania,108727.0,3739.3596,367.42014,342.82385,2.9816966
Micronesia (country),FSM,2016,Oceania,109088.0,3774.032,395.03073,327.65042,2.8926373
Micronesia (country),FSM,2017,Oceania,109495.0,3838.0454,381.28384,367.42014,2.8102648
Micronesia (country),FSM,2018,Oceania,109925.0,3838.6406,375.11603,395.03073,2.7252564
Micronesia (country),FSM,2019,Oceania,110293.0,3965.0537,391.60318,381.28384,2.6383302
Micronesia (country),FSM,2020,Oceania,110930.0,3861.2932,389.7828,375.11603,2.5557637
Micronesia (country),FSM,2021,Oceania,111635.0,3955.7314,396.66324,391.60318,2.4719987
Moldova,MDA,2000,Europe,4234969.0,5727.079,124.54022,,3.1358137
Moldova,MDA,2001,Europe,4189769.0,6090.0347,139.64217,,2.850444
Moldova,MDA,2002,Europe,4142937.0,6580.2783,181.92168,124.54022,2.5802162
Moldova,MDA,2003,Europe,4095418.0,7034.358,188.0433,139.64217,2.3441975
Moldova,MDA,2004,Europe,4046672.0,7573.6177,265.7444,181.92168,2.1539762
Moldova,MDA,2005,Europe,3988668.0,8161.4736,314.52103,188.0433,2.0072117
Moldova,MDA,2006,Europe,3921320.0,8577.028,375.94147,265.7444,1.897804
Moldova,MDA,2007,Europe,3851397.0,8854.834,416.6966,314.52103,1.8217024
Moldova,MDA,2008,Europe,3779503.0,9563.698,455.955,375.94147,1.7667171
Moldova,MDA,2009,Europe,3706212.0,9001.234,539.44806,416.6966,1.7217593
Moldova,MDA,2010,Europe,3631990.0,9649.951,520.4409,455.955,1.6825875
Moldova,MDA,2011,Europe,3557278.0,10217.309,505.15826,539.44806,1.6489714
Moldova,MDA,2012,Europe,3482629.0,10158.386,538.92834,520.4409,1.619774
Moldova,MDA,2013,Europe,3408741.0,11080.063,580.86993,505.15826,1.5956422
Moldova,MDA,2014,Europe,3342715.0,11641.121,606.2566,538.92834,1.5758365
Moldova,MDA,2015,Europe,3287168.0,11691.08,623.6549,580.86993,1.5595057
Moldova,MDA,2016,Europe,3237798.0,12377.366,620.85425,606.2566,1.5474885
Moldova,MDA,2017,Europe,3193500.0,13118.822,794.86926,623.6549,1.5391892
Moldova,MDA,2018,Europe,3153779.0,13895.504,789.42535,620.85425,1.542567
Moldova,MDA,2019,Europe,3112561.0,14621.24,864.66296,794.86926,1.5503175
Moldova,MDA,2020,Europe,3069135.0,13559.26,944.39825,789.42535,1.5645117
Moldova,MDA,2021,Europe,3023780.0,15682.07,1200.7834,864.66296,1.5818756
Monaco,MCO,2000,Europe,32477.0,,3462.9604,,0.51551217
Monaco,MCO,2001,Europe,32466.0,,3739.6472,,0.4994176
Monaco,MCO,2002,Europe,32441.0,,3963.8093,3462.9604,0.48466548
Monaco,MCO,2003,Europe,32396.0,,4589.3457,3739.6472,0.471562
Monaco,MCO,2004,Europe,32329.0,,4881.884,3963.8093,0.45938608
Monaco,MCO,2005,Europe,32235.0,,5155.2026,4589.3457,0.44815332
Monaco,MCO,2006,Europe,32083.0,,5466.8613,4881.884,0.43735534
Monaco,MCO,2007,Europe,31859.0,,5769.763,5155.2026,0.42742863
Monaco,MCO,2008,Europe,31862.0,,6432.1465,5466.8613,0.4178572
Monaco,MCO,2009,Europe,32390.0,,6805.4165,5769.763,0.4083899
Monaco,MCO,2010,Europe,33188.0,,7089.1787,6432.1465,0.39915556
Monaco,MCO,2011,Europe,33968.0,,7099.1484,6805.4165,0.39026442
Monaco,MCO,2012,Europe,34738.0,,7255.0503,7089.1787,0.3811588
Monaco,MCO,2013,Europe,35476.0,,7847.7676,7099.1484,0.37209776
Monaco,MCO,2014,Europe,36155.0,,8101.1445,7255.0503,0.36232507
Monaco,MCO,2015,Europe,36785.0,,8144.818,7847.7676,0.35188589
Monaco,MCO,2016,Europe,37301.0,,8024.102,8101.1445,0.3415421
Monaco,MCO,2017,Europe,37700.0,,7889.5723,8144.818,0.33136004
Monaco,MCO,2018,Europe,38179.0,,8194.219,8024.102,0.32044327
Monaco,MCO,2019,Europe,38131.0,,8562.619,7889.5723,0.3105482
Monaco,MCO,2020,Europe,38074.0,,8329.384,8194.219,0.30086008
Monaco,MCO,2021,Europe,38548.0,,9014.269,8562.619,0.29165885
Mongolia,MNG,2000,Asia,2455182.0,5818.243,221.03589,,6.253647
Mongolia,MNG,2001,Asia,2477704.0,5917.071,206.52617,,5.766183
Mongolia,MNG,2002,Asia,2500074.0,6117.9824,219.67685,221.03589,5.2929397
Mongolia,MNG,2003,Asia,2521809.0,6463.7896,185.96477,206.52617,4.8457656
Mongolia,MNG,2004,Asia,2542801.0,7070.667,209.72508,219.67685,4.42741
Mongolia,MNG,2005,Asia,2563466.0,7499.848,206.7189,185.96477,4.046246
Mongolia,MNG,2006,Asia,2584761.0,8043.9966,222.60283,209.72508,3.699557
Mongolia,MNG,2007,Asia,2607976.0,8750.134,271.50775,206.7189,3.384892
Mongolia,MNG,2008,Asia,2634431.0,9379.8545,333.60782,222.60283,3.1004949
Mongolia,MNG,2009,Asia,2665333.0,9095.977,320.58295,271.50775,2.8472254
Mongolia,MNG,2010,Asia,2701739.0,9507.119,285.4875,333.60782,2.6255121
Mongolia,MNG,2011,Asia,2745183.0,10960.096,322.55774,320.58295,2.435289
Mongolia,MNG,2012,Asia,2795463.0,12078.919,397.85254,285.4875,2.2794247
Mongolia,MNG,2013,Asia,2851887.0,13210.095,434.07956,322.55774,2.153721
Mongolia,MNG,2014,Asia,2913041.0,13943.428,466.77673,397.85254,2.0446672
Mongolia,MNG,2015,Asia,2976528.0,13974.597,450.03214,434.07956,1.942232
Mongolia,MNG,2016,Asia,3040815.0,13898.1455,489.03687,466.77673,1.8413509
Mongolia,MNG,2017,Asia,3104371.0,14401.537,488.4278,450.03214,1.7412813
Mongolia,MNG,2018,Asia,3167714.0,15230.241,565.6734,489.03687,1.6436832
Mongolia,MNG,2019,Asia,3232118.0,15790.696,618.26917,488.4278,1.556123
Mongolia,MNG,2020,Asia,3290786.0,14801.342,646.0291,565.6734,1.4843932
Mongolia,MNG,2021,Asia,3339676.0,14792.251,1080.6581,618.26917,1.4299653
Montenegro,MNE,2000,Europe,634198.0,14452.216,,,1.4203769
Montenegro,MNE,2001,Europe,634001.0,14552.496,,,1.3657308
Montenegro,MNE,2002,Europe,633767.0,14770.255,,,1.298439
Montenegro,MNE,2003,Europe,633563.0,15076.651,,,1.2225796
Montenegro,MNE,2004,Europe,633756.0,15716.075,,,1.1415415
Montenegro,MNE,2005,Europe,634059.0,16348.899,,,1.058374
Montenegro,MNE,2006,Europe,633876.0,17727.365,,,0.9742359
Montenegro,MNE,2007,Europe,633388.0,18966.453,,,0.89089805
Montenegro,MNE,2008,Europe,632855.0,20238.922,,,0.81145376
Montenegro,MNE,2009,Europe,632445.0,18984.938,,,0.7366671
Montenegro,MNE,2010,Europe,632088.0,19476.162,,,0.6680226
Montenegro,MNE,2011,Europe,632689.0,20110.486,1130.1046,,0.6057561
Montenegro,MNE,2012,Europe,633546.0,19576.412,1126.4221,,0.55046713
Montenegro,MNE,2013,Europe,633199.0,20201.291,1235.6797,1130.1046,0.5009753
Montenegro,MNE,2014,Europe,631377.0,20641.764,1211.219,1126.4221,0.4566915
Montenegro,MNE,2015,Europe,628145.0,21131.842,1460.0762,1235.6797,0.41842481
Montenegro,MNE,2016,Europe,624246.0,21834.092,1566.1786,1211.219,0.38537464
Montenegro,MNE,2017,Europe,620112.0,22513.781,1576.8445,1460.0762,0.35712558
Montenegro,MNE,2018,Europe,615798.0,23562.176,1813.6692,1566.1786,0.33287555
Montenegro,MNE,2019,Europe,611671.0,24585.115,2045.0597,1576.8445,0.31206518
Montenegro,MNE,2020,Europe,607934.0,20904.6,2452.121,1813.6692,0.29407185
Montenegro,MNE,2021,Europe,603854.0,23689.979,2604.376,2045.0597,0.27766135
Montserrat,MSR,2000,North America,5053.0,,,,1.3971484
Montserrat,MSR,2001,North America,4616.0,,,,1.3498303
Montserrat,MSR,2002,North America,4500.0,,,,1.3048372
Montserrat,MSR,2003,North America,4515.0,,,,1.2585317
Montserrat,MSR,2004,North America,4541.0,,,,1.2154285
Montserrat,MSR,2005,North America,4574.0,,,,1.1721928
Montserrat,MSR,2006,North America,4606.0,,,,1.1349565
Montserrat,MSR,2007,North America,4649.0,,,,1.0953355
Montserrat,MSR,2008,North America,4700.0,,,,1.0618153
Montserrat,MSR,2009,North America,4759.0,,,,1.0263864
Montserrat,MSR,2010,North America,4819.0,,,,0.99395007
Montserrat,MSR,2011,North America,4846.0,,,,0.9674985
Montserrat,MSR,2012,North America,4822.0,,,,0.9348351
Montserrat,MSR,2013,North America,4774.0,,,,0.90450555
Montserrat,MSR,2014,North America,4738.0,,,,0.8751709
Montserrat,MSR,2015,North America,4693.0,,,,0.84592766
Montserrat,MSR,2016,North America,4665.0,,,,0.8197436
Montserrat,MSR,2017,North America,4624.0,,,,0.7933707
Montserrat,MSR,2018,North America,4595.0,,,,0.77028525
Montserrat,MSR,2019,North America,4564.0,,,,0.7463523
Montserrat,MSR,2020,North America,4532.0,,,,0.7224658
Montserrat,MSR,2021,North America,4505.0,,,,0.6995257
Morocco,MAR,2000,Africa,28423439.0,5100.1157,143.24443,,5.241814
Morocco,MAR,2001,Africa,28814646.0,5417.5786,160.28033,,5.0198364
Morocco,MAR,2002,Africa,29198146.0,5544.072,176.72417,143.24443,4.80132
Morocco,MAR,2003,Africa,29571415.0,5810.053,189.81676,160.28033,4.5836763
Morocco,MAR,2004,Africa,29953021.0,5996.39,209.80206,176.72417,4.3629966
Morocco,MAR,2005,Africa,30358145.0,6103.4224,228.57527,189.81676,4.1393604
Morocco,MAR,2006,Africa,30771179.0,6488.674,261.33224,209.80206,3.9151216
Morocco,MAR,2007,Africa,31186468.0,6620.5903,289.89355,228.57527,3.6939473
Morocco,MAR,2008,Africa,31606769.0,6901.9507,309.87518,261.33224,3.4797337
Morocco,MAR,2009,Africa,32030779.0,7063.727,351.67313,289.89355,3.2795637
Morocco,MAR,2010,Africa,32467009.0,7210.6367,375.8435,309.87518,3.0912461
Morocco,MAR,2011,Africa,32912585.0,7503.793,394.33017,351.67313,2.9163718
Morocco,MAR,2012,Africa,33355246.0,7628.644,397.33154,375.8435,2.7522492
Morocco,MAR,2013,Africa,33787573.0,7839.032,401.27847,394.33017,2.595055
Morocco,MAR,2014,Africa,34204784.0,7951.7983,397.406,397.33154,2.4472697
Morocco,MAR,2015,Africa,34607590.0,8198.809,403.68646,401.27847,2.3128328
Morocco,MAR,2016,Africa,35023459.0,8141.9404,405.59125,397.406,2.1894305
Morocco,MAR,2017,Africa,35446395.0,8450.009,410.73776,403.68646,2.0819716
Morocco,MAR,2018,Africa,35839760.0,8611.75,391.4368,405.59125,1.9920869
Morocco,MAR,2019,Africa,36210907.0,8768.176,409.95956,410.73776,1.9073374
Morocco,MAR,2020,Africa,36584208.0,8054.563,452.76282,391.4368,1.8327813
Morocco,MAR,2021,Africa,36954443.0,8623.266,477.34753,409.95956,1.7624525
Mozambique,MOZ,2000,Africa,18129652.0,711.9764,10.112074,,16.462095
Mozambique,MOZ,2001,Africa,18537735.0,785.79016,14.918827,,15.573963
Mozambique,MOZ,2002,Africa,18958338.0,842.64526,18.48315,10.112074,14.745928
Mozambique,MOZ,2003,Africa,19392477.0,883.23914,20.155481,14.918827,13.976847
Mozambique,MOZ,2004,Africa,19840312.0,934.134,23.773336,18.48315,13.25393
Mozambique,MOZ,2005,Africa,20304577.0,970.38995,30.40282,20.155481,12.574705
Mozambique,MOZ,2006,Africa,20787088.0,1041.8047,31.501078,23.773336,11.87714
Mozambique,MOZ,2007,Africa,21287638.0,1095.1257,32.751736,30.40282,11.067343
Mozambique,MOZ,2008,Africa,21819037.0,1141.9425,37.882805,31.501078,10.439371
Mozambique,MOZ,2009,Africa,22391751.0,1178.7091,48.103592,32.751736,9.826925
Mozambique,MOZ,2010,Africa,22999234.0,1224.2302,52.937717,37.882805,9.561988
Mozambique,MOZ,2011,Africa,23649045.0,1275.5295,52.350563,48.103592,9.113441
Mozambique,MOZ,2012,Africa,24337849.0,1338.516,55.30401,52.937717,8.647506
Mozambique,MOZ,2013,Africa,25051613.0,1385.8325,67.33262,52.350563,8.290026
Mozambique,MOZ,2014,Africa,25788473.0,1449.9293,72.74916,55.30401,7.9713826
Mozambique,MOZ,2015,Africa,26547576.0,1512.5997,87.108765,67.33262,7.5806613
Mozambique,MOZ,2016,Africa,27337107.0,1537.9086,99.50288,72.74916,7.3263574
Mozambique,MOZ,2017,Africa,28166397.0,1532.0073,100.1227,87.108765,7.1967134
Mozambique,MOZ,2018,Africa,29018647.0,1538.8351,105.76899,99.50288,7.0152144
Mozambique,MOZ,2019,Africa,29884378.0,1528.8899,109.743744,100.1227,6.8607697
Mozambique,MOZ,2020,Africa,30783685.0,1466.1248,106.60411,105.76899,6.7565455
Mozambique,MOZ,2021,Africa,31707798.0,1457.2354,126.02778,109.743744,6.552335
Myanmar,MMR,2000,Asia,45290850.0,1359.9304,20.142036,,8.893137
Myanmar,MMR,2001,Asia,45771140.0,1498.3116,22.611528,,8.652167
Myanmar,MMR,2002,Asia,46232656.0,1661.7358,28.986162,20.142036,8.410095
Myanmar,MMR,2003,Asia,46667191.0,1874.1713,32.63987,22.611528,8.16207
Myanmar,MMR,2004,Asia,47068779.0,2110.2373,39.31076,28.986162,7.905644
Myanmar,MMR,2005,Asia,47438362.0,2377.9026,43.168056,32.63987,7.632711
Myanmar,MMR,2006,Asia,47785141.0,2669.327,47.993835,39.31076,7.361082
Myanmar,MMR,2007,Asia,48125047.0,2968.3032,49.065712,43.168056,7.0800962
Myanmar,MMR,2008,Asia,48390790.0,3254.739,57.666855,47.993835,10.172702
Myanmar,MMR,2009,Asia,48660458.0,3578.1743,64.05587,49.065712,6.5140877
Myanmar,MMR,2010,Asia,49024376.0,3893.7903,61.104813,57.666855,6.239518
Myanmar,MMR,2011,Asia,49419825.0,4078.6123,63.86042,64.05587,5.9669123
Myanmar,MMR,2012,Asia,49837451.0,4340.9995,89.23037,61.104813,5.704298
Myanmar,MMR,2013,Asia,50262658.0,4666.9536,126.30941,63.86042,5.459523
Myanmar,MMR,2014,Asia,50681635.0,5006.507,181.75371,89.23037,5.243188
Myanmar,MMR,2015,Asia,51089060.0,5313.886,231.92606,126.30941,5.0468884
Myanmar,MMR,2016,Asia,51495701.0,5580.9897,212.37262,181.75371,4.8654537
Myanmar,MMR,2017,Asia,51894939.0,5877.8745,220.83173,231.92606,4.681725
Myanmar,MMR,2018,Asia,52272250.0,6201.263,253.13911,212.37262,4.5198207
Myanmar,MMR,2019,Asia,52640718.0,6562.989,232.58145,220.83173,4.3608284
Myanmar,MMR,2020,Asia,53016525.0,5926.8345,257.27222,253.13911,4.2147484
Myanmar,MMR,2021,Asia,53387103.0,5178.4473,274.39886,232.58145,4.077122
Namibia,NAM,2000,Africa,1818650.0,7858.3877,517.33856,,7.8239126
Namibia,NAM,2001,Africa,1857059.0,7786.5415,546.4972,,7.7586703
Namibia,NAM,2002,Africa,1889976.0,8017.2812,576.00104,517.33856,7.6555676
Namibia,NAM,2003,Africa,1917469.0,8237.366,617.51404,546.4972,7.55573
Namibia,NAM,2004,Africa,1942087.0,9130.824,711.0927,576.00104,7.4383535
Namibia,NAM,2005,Africa,1966581.0,9245.137,738.3881,617.51404,7.0981803
Namibia,NAM,2006,Africa,1991890.0,9773.298,803.1754,711.0927,6.597237
Namibia,NAM,2007,Africa,2018607.0,10162.24,887.65894,738.3881,6.1964707
Namibia,NAM,2008,Africa,2047059.0,10286.513,856.329,803.1754,5.749627
Namibia,NAM,2009,Africa,2077400.0,10166.29,790.02045,887.65894,5.324399
Namibia,NAM,2010,Africa,2109815.0,10614.62,894.0485,856.329,5.0281725
Namibia,NAM,2011,Africa,2146331.0,10965.273,963.6635,790.02045,4.997438
Namibia,NAM,2012,Africa,2194656.0,11266.609,955.44507,894.0485,5.2569017
Namibia,NAM,2013,Africa,2252505.0,11593.575,978.5401,963.6635,5.0795236
Namibia,NAM,2014,Africa,2312143.0,11982.696,871.6098,955.44507,4.99564
Namibia,NAM,2015,Africa,2374305.0,12166.565,1044.61,978.5401,5.182648
Namibia,NAM,2016,Africa,2439219.0,11846.788,950.8906,871.6098,5.1396155
Namibia,NAM,2017,Africa,2506854.0,11408.726,861.58405,1044.61,4.9755793
Namibia,NAM,2018,Africa,2577327.0,11214.386,849.538,950.8906,4.847656
Namibia,NAM,2019,Africa,2650499.0,10813.305,851.2146,861.58405,4.6565423
Namibia,NAM,2020,Africa,2728760.0,9652.248,894.31104,849.538,4.4779687
Namibia,NAM,2021,Africa,2810552.0,9709.1,989.9816,851.2146,4.3219905
Nauru,NRU,2000,Oceania,10187.0,8846.081,1176.3759,,4.113464
Nauru,NRU,2001,Oceania,10147.0,8278.926,964.0058,,3.9428828
Nauru,NRU,2002,Oceania,10105.0,7488.8916,743.46985,1176.3759,3.788533
Nauru,NRU,2003,Oceania,10086.0,7527.3755,577.8974,964.0058,3.6497881
Nauru,NRU,2004,Oceania,10084.0,7201.871,360.53162,743.46985,3.5197449
Nauru,NRU,2005,Oceania,10071.0,7209.7544,583.4727,577.8974,3.3966112
Nauru,NRU,2006,Oceania,10061.0,7830.7183,748.8648,360.53162,3.2714596
Nauru,NRU,2007,Oceania,10042.0,6110.384,1169.4641,583.4727,3.1369045
Nauru,NRU,2008,Oceania,10032.0,7340.519,1363.7263,748.8648,2.984567
Nauru,NRU,2009,Oceania,10041.0,6927.867,692.63574,1169.4641,2.8200216
Nauru,NRU,2010,Oceania,10067.0,6909.242,719.6243,1363.7263,2.6414108
Nauru,NRU,2011,Oceania,10116.0,7882.141,652.56036,692.63574,2.4579194
Nauru,NRU,2012,Oceania,10289.0,9640.802,732.25024,719.6243,2.2747707
Nauru,NRU,2013,Oceania,10539.0,9799.738,813.4271,652.56036,2.09237
Nauru,NRU,2014,Oceania,10766.0,11114.392,803.80963,732.25024,1.9170322
Nauru,NRU,2015,Oceania,10975.0,11271.912,1402.0985,813.4271,1.7487932
Nauru,NRU,2016,Oceania,11173.0,11531.363,1139.0342,803.80963,1.5892341
Nauru,NRU,2017,Oceania,11351.0,10633.276,1127.5331,1402.0985,1.444933
Nauru,NRU,2018,Oceania,11499.0,10402.613,1080.66,1139.0342,1.3141215
Nauru,NRU,2019,Oceania,11609.0,11184.528,1232.9393,1127.5331,1.1963289
Nauru,NRU,2020,Oceania,11665.0,11306.0205,1266.0542,1080.66,1.0927036
Nauru,NRU,2021,Oceania,11727.0,12113.788,1322.9462,1232.9393,1.0036807
Nepal,NPL,2000,Asia,24546509.0,2340.8157,47.05782,,7.8735795
Nepal,NPL,2001,Asia,24946755.0,2413.8142,60.377846,,7.4292216
Nepal,NPL,2002,Asia,25328989.0,2380.2441,62.46697,47.05782,7.02135
Nepal,NPL,2003,Asia,25688762.0,2439.4949,63.917454,60.377846,6.6450887
Nepal,NPL,2004,Asia,26016652.0,2521.541,71.19064,62.46697,6.308194
Nepal,NPL,2005,Asia,26309462.0,2580.231,73.361336,63.917454,6.0034013
Nepal,NPL,2006,Asia,26565430.0,2641.348,69.44165,71.19064,5.7284408
Nepal,NPL,2007,Asia,26788498.0,2708.7144,75.80333,73.361336,5.473735
Nepal,NPL,2008,Asia,26990036.0,2852.6099,84.571465,69.44165,5.2365475
Nepal,NPL,2009,Asia,27173035.0,2961.839,90.30071,75.80333,5.008023
Nepal,NPL,2010,Asia,27341955.0,3085.314,106.42123,84.571465,4.7885766
Nepal,NPL,2011,Asia,27464499.0,3176.6504,100.08535,90.30071,4.5755706
Nepal,NPL,2012,Asia,27534916.0,3316.5007,110.73538,106.42123,4.3671503
Nepal,NPL,2013,Asia,27589997.0,3426.5579,123.06988,100.08535,4.166015
Nepal,NPL,2014,Asia,27672373.0,3621.7317,147.25009,110.73538,3.9707367
Nepal,NPL,2015,Asia,27823631.0,3745.2617,161.65088,123.06988,3.779483
Nepal,NPL,2016,Asia,27955471.0,3743.7446,161.41875,147.25009,3.596763
Nepal,NPL,2017,Asia,28011258.0,4071.7043,170.20497,161.65088,3.4227874
Nepal,NPL,2018,Asia,28079688.0,4371.3857,179.15125,161.41875,3.25847
Nepal,NPL,2019,Asia,28414066.0,4607.5244,189.39748,170.20497,3.102882
Nepal,NPL,2020,Asia,28966580.0,4412.542,220.59285,179.15125,2.9583008
Nepal,NPL,2021,Asia,29475016.0,4546.2295,251.63303,189.39748,2.8295457
Netherlands,NLD,2000,Europe,16058757.0,56016.832,2466.1174,,0.618489
Netherlands,NLD,2001,Europe,16182705.0,56887.4,2684.8215,,0.60492474
Netherlands,NLD,2002,Europe,16288060.0,56664.402,2987.458,2466.1174,0.5891621
Netherlands,NLD,2003,Europe,16366914.0,56452.87,3099.2065,2684.8215,0.57154137
Netherlands,NLD,2004,Europe,16425562.0,57391.35,3267.404,2987.458,0.55203384
Netherlands,NLD,2005,Europe,16465707.0,58422.03,3425.683,3099.2065,0.5317224
Netherlands,NLD,2006,Europe,16493851.0,60391.516,3726.9678,3267.404,0.5113962
Netherlands,NLD,2007,Europe,16531360.0,62601.66,3984.4502,3425.683,0.49171895
Netherlands,NLD,2008,Europe,16597259.0,63678.402,4316.769,3726.9678,0.4737137
Netherlands,NLD,2009,Europe,16684148.0,61029.734,4464.4546,3984.4502,0.45794287
Netherlands,NLD,2010,Europe,16771232.0,61518.58,4584.604,4316.769,0.444421
Netherlands,NLD,2011,Europe,16851061.0,62318.14,4779.42,4464.4546,0.4332833
Netherlands,NLD,2012,Europe,16915191.0,61480.84,4989.33,4584.604,0.4242769
Netherlands,NLD,2013,Europe,16967066.0,61281.312,5219.263,4779.42,0.4171347
Netherlands,NLD,2014,Europe,17030085.0,62045.848,5213.5347,4989.33,0.4116796
Netherlands,NLD,2015,Europe,17107429.0,63081.41,5205.1987,5219.263,0.40784547
Netherlands,NLD,2016,Europe,17204693.0,64267.746,5274.394,5213.5347,0.40550154
Netherlands,NLD,2017,Europe,17315376.0,65665.99,5584.7544,5205.1987,0.40421408
Netherlands,NLD,2018,Europe,17421285.0,66758.24,5811.2354,5274.394,0.40320575
Netherlands,NLD,2019,Europe,17537505.0,67847.88,6217.2046,5584.7544,0.40209457
Netherlands,NLD,2020,Europe,17636732.0,64862.188,6867.401,5811.2354,0.4004801
Netherlands,NLD,2021,Europe,17730565.0,68573.56,7660.8394,6217.2046,0.39820334
New Zealand,NZL,2000,Oceania,3857576.0,35984.63,1606.1543,,0.73879087
New Zealand,NZL,2001,Oceania,3891763.0,36995.06,1701.9158,,0.72028935
New Zealand,NZL,2002,Oceania,3951116.0,38072.27,1840.0829,1606.1543,0.7035486
New Zealand,NZL,2003,Oceania,4022585.0,39092.344,1854.3552,1701.9158,0.6882217
New Zealand,NZL,2004,Oceania,4083912.0,40091.14,1984.6083,1840.0829,0.67440456
New Zealand,NZL,2005,Oceania,4135002.0,40970.297,2123.814,1854.3552,0.6627168
New Zealand,NZL,2006,Oceania,4181943.0,41596.832,2398.172,1984.6083,0.653162
New Zealand,NZL,2007,Oceania,4223270.0,42473.117,2445.1755,2123.814,0.6447773
New Zealand,NZL,2008,Oceania,4261819.0,41682.246,2585.1313,2398.172,0.63743895
New Zealand,NZL,2009,Oceania,4304304.0,41251.0,2808.673,2445.1755,0.62978244
New Zealand,NZL,2010,Oceania,4347766.0,41395.37,2848.0325,2585.1313,0.62108684
New Zealand,NZL,2011,Oceania,4382699.0,41961.92,2982.5955,2808.673,0.611347
New Zealand,NZL,2012,Oceania,4411682.0,42693.42,3039.402,2848.0325,0.59990996
New Zealand,NZL,2013,Oceania,4453857.0,43453.28,3233.099,2982.5955,0.5877519
New Zealand,NZL,2014,Oceania,4522976.0,44369.766,3344.58,3039.402,0.57533675
New Zealand,NZL,2015,Oceania,4614035.0,45097.016,3337.0369,3233.099,0.56301135
New Zealand,NZL,2016,Oceania,4714768.0,45746.137,3505.9937,3344.58,0.5511964
New Zealand,NZL,2017,Oceania,4812749.0,46285.98,3641.17,3337.0369,0.5402904
New Zealand,NZL,2018,Oceania,4900840.0,46974.684,3644.2637,3505.9937,0.53043604
New Zealand,NZL,2019,Oceania,4989410.0,47392.19,3887.603,3641.17,0.5215466
New Zealand,NZL,2020,Oceania,5069895.0,46326.38,4213.142,3644.2637,0.513026
New Zealand,NZL,2021,Oceania,5107694.0,48202.09,4587.2515,3887.603,0.504705
Nicaragua,NIC,2000,North America,5022636.0,4878.2476,147.01437,,3.7127821
Nicaragua,NIC,2001,North America,5087827.0,4958.3276,159.95938,,3.5266998
Nicaragua,NIC,2002,North America,5149914.0,4935.485,169.02551,147.01437,3.3772311
Nicaragua,NIC,2003,North America,5210970.0,5000.6113,185.29811,159.95938,3.2403626
Nicaragua,NIC,2004,North America,5272909.0,5204.382,197.19577,169.02551,3.1054184
Nicaragua,NIC,2005,North America,5342108.0,5356.958,215.1238,185.29811,2.9692209
Nicaragua,NIC,2006,North America,5418857.0,5500.4053,232.55669,197.19577,2.837902
Nicaragua,NIC,2007,North America,5497247.0,5697.211,270.70502,215.1238,2.7075663
Nicaragua,NIC,2008,North America,5576597.0,5809.099,289.85544,232.55669,2.5767875
Nicaragua,NIC,2009,North America,5656602.0,5538.3657,298.18417,270.70502,2.448779
Nicaragua,NIC,2010,North America,5737451.0,5701.1274,311.66202,289.85544,2.316926
Nicaragua,NIC,2011,North America,5819051.0,5976.2524,322.18283,298.18417,2.1890984
Nicaragua,NIC,2012,North America,5901290.0,6275.787,337.57162,311.66202,2.0640862
Nicaragua,NIC,2013,North America,5983852.0,6494.1494,359.82642,322.18283,1.9431561
Nicaragua,NIC,2014,North America,6066493.0,6712.2173,404.26218,337.57162,1.827068
Nicaragua,NIC,2015,North America,6149417.0,6939.032,433.8967,359.82642,1.7173909
Nicaragua,NIC,2016,North America,6232664.0,7158.7573,473.4588,404.26218,1.6144248
Nicaragua,NIC,2017,North America,6316235.0,7391.1963,518.41846,433.8967,1.5271
Nicaragua,NIC,2018,North America,6400074.0,7049.027,504.45123,473.4588,1.4632145
Nicaragua,NIC,2019,North America,6483660.0,6756.5933,508.4167,518.41846,1.4270893
Nicaragua,NIC,2020,North America,6565267.0,6523.3696,536.8985,504.45123,1.4151897
Nicaragua,NIC,2021,North America,6644745.0,7119.169,679.8703,508.4167,1.4180647
Niger,NER,2000,Africa,11509634.0,1197.6348,35.491173,,22.78547
Niger,NER,2001,Africa,11920648.0,1240.3855,38.14458,,21.74152
Niger,NER,2002,Africa,12349150.0,1256.237,40.070118,35.491173,20.591394
Niger,NER,2003,Africa,12796979.0,1238.5878,39.605568,38.14458,19.408304
Niger,NER,2004,Africa,13265843.0,1199.1594,41.284336,40.070118,18.235823
Niger,NER,2005,Africa,13756192.0,1241.2007,52.0516,39.605568,17.138292
Niger,NER,2006,Africa,14268583.0,1267.6014,55.88776,41.284336,16.155619
Niger,NER,2007,Africa,14803604.0,1260.1854,51.718204,52.0516,15.309099
Niger,NER,2008,Africa,15361921.0,1308.2751,52.880817,55.88776,14.601812
Niger,NER,2009,Africa,15943673.0,1285.2776,53.172756,51.718204,14.033297
Niger,NER,2010,Africa,16548833.0,1344.4989,52.331837,52.880817,13.600736
Niger,NER,2011,Africa,17176286.0,1325.9265,51.76894,53.172756,13.268643
Niger,NER,2012,Africa,17836770.0,1411.52,49.932617,52.331837,13.025464
Niger,NER,2013,Africa,18519899.0,1431.7112,50.72303,51.76894,12.833887
Niger,NER,2014,Africa,19215917.0,1471.5055,51.552937,49.932617,12.682764
Niger,NER,2015,Africa,19939496.0,1480.3982,62.678722,50.72303,12.538806
Niger,NER,2016,Africa,20685758.0,1488.0864,53.6339,51.552937,12.428317
Niger,NER,2017,Africa,21435449.0,1515.483,67.36733,62.678722,12.309804
Niger,NER,2018,Africa,22188074.0,1565.0197,67.516525,53.6339,12.193363
Niger,NER,2019,Africa,22947765.0,1605.1948,80.58392,67.36733,12.0762615
Niger,NER,2020,Africa,23717615.0,1622.2787,92.3532,67.516525,11.95187
Niger,NER,2021,Africa,24502145.0,1587.8479,92.1944,80.58392,11.801002
Nigeria,NGA,2000,Africa,126382490.0,4889.0034,74.814064,,17.727789
Nigeria,NGA,2001,Africa,129862594.0,5039.549,79.56221,,17.054426
Nigeria,NGA,2002,Africa,133471995.0,5654.897,70.61847,74.814064,16.386536
Nigeria,NGA,2003,Africa,137202646.0,5905.315,151.94778,79.56221,15.742621
Nigeria,NGA,2004,Africa,141057045.0,6275.299,150.10048,70.61847,15.138095
Nigeria,NGA,2005,Africa,145017256.0,6496.932,155.67549,151.94778,14.584013
Nigeria,NGA,2006,Africa,149077335.0,6702.9453,154.64491,150.10048,14.0879345
Nigeria,NGA,2007,Africa,153267254.0,6949.4263,152.49376,155.67549,13.646135
Nigeria,NGA,2008,Africa,157595014.0,7215.7695,157.12384,154.64491,13.254926
Nigeria,NGA,2009,Africa,162049466.0,7581.406,167.29288,152.49376,12.9223995
Nigeria,NGA,2010,Africa,166642888.0,7962.6396,149.82187,157.12384,12.633991
Nigeria,NGA,2011,Africa,171379602.0,8153.5317,156.71645,167.29288,12.380207
Nigeria,NGA,2012,Africa,176200627.0,8265.905,159.70528,149.82187,12.164384
Nigeria,NGA,2013,Africa,181049440.0,8581.208,170.13794,156.71645,11.993279
Nigeria,NGA,2014,Africa,185896917.0,8884.774,175.86324,159.70528,11.86835
Nigeria,NGA,2015,Africa,190671883.0,8892.058,185.88365,170.13794,11.782144
Nigeria,NGA,2016,Africa,195443698.0,8534.692,183.20149,175.86324,11.7354965
Nigeria,NGA,2017,Africa,200254580.0,8396.784,187.26488,185.88365,11.717489
Nigeria,NGA,2018,Africa,204938752.0,8362.623,157.10527,183.20149,11.718718
Nigeria,NGA,2019,Africa,209485637.0,8361.787,160.09311,187.26488,11.736663
Nigeria,NGA,2020,Africa,213996185.0,7664.211,180.9892,157.10527,11.742263
Nigeria,NGA,2021,Africa,218529286.0,7588.479,223.85583,160.09311,11.755587
Niue,NIU,2000,Oceania,2068.0,,,,3.3076048
Niue,NIU,2001,Oceania,2007.0,,,,3.3981433
Niue,NIU,2002,Oceania,1965.0,,,,3.4875078
Niue,NIU,2003,Oceania,1928.0,,,,3.5808065
Niue,NIU,2004,Oceania,1891.0,,,,3.6632636
Niue,NIU,2005,Oceania,1849.0,,,,3.7303166
Niue,NIU,2006,Oceania,1818.0,,,,3.7624135
Niue,NIU,2007,Oceania,1810.0,,,,3.7484584
Niue,NIU,2008,Oceania,1805.0,,,,3.7131174
Niue,NIU,2009,Oceania,1801.0,,,,3.6570318
Niue,NIU,2010,Oceania,1786.0,,,,3.5894108
Niue,NIU,2011,Oceania,1776.0,,,,3.5047417
Niue,NIU,2012,Oceania,1784.0,,,,3.4157097
Niue,NIU,2013,Oceania,1786.0,,,,3.329829
Niue,NIU,2014,Oceania,1792.0,,,,3.2450972
Niue,NIU,2015,Oceania,1803.0,,,,3.151363
Niue,NIU,2016,Oceania,1806.0,,,,3.049069
Niue,NIU,2017,Oceania,1803.0,,,,2.9595625
Niue,NIU,2018,Oceania,1805.0,,,,2.877979
Niue,NIU,2019,Oceania,1814.0,,,,2.7906284
Niue,NIU,2020,Oceania,1822.0,,,,2.7000897
Niue,NIU,2021,Oceania,1836.0,,,,2.6227527
North Korea,PRK,2000,Asia,23665909.0,,,,10.023464
North Korea,PRK,2001,Asia,23815364.0,,,,9.901604
North Korea,PRK,2002,Asia,23943975.0,,,,9.775185
North Korea,PRK,2003,Asia,24090382.0,,,,3.4526517
North Korea,PRK,2004,Asia,24254946.0,,,,3.37982
North Korea,PRK,2005,Asia,24396434.0,,,,3.3301272
North Korea,PRK,2006,Asia,24524508.0,,,,3.276817
North Korea,PRK,2007,Asia,24646384.0,,,,3.240202
North Korea,PRK,2008,Asia,24764620.0,,,,3.1029665
North Korea,PRK,2009,Asia,24878338.0,,,,2.996335
North Korea,PRK,2010,Asia,24987257.0,,,,2.8662128
North Korea,PRK,2011,Asia,25097877.0,,,,2.723479
North Korea,PRK,2012,Asia,25211737.0,,,,2.5716238
North Korea,PRK,2013,Asia,25329456.0,,,,2.411342
North Korea,PRK,2014,Asia,25451263.0,,,,2.2628267
North Korea,PRK,2015,Asia,25575355.0,,,,2.1352856
North Korea,PRK,2016,Asia,25698325.0,,,,2.060518
North Korea,PRK,2017,Asia,25817710.0,,,,1.9118627
North Korea,PRK,2018,Asia,25931153.0,,,,1.8416384
North Korea,PRK,2019,Asia,26037633.0,,,,1.7700214
North Korea,PRK,2020,Asia,26136312.0,,,,1.7447898
North Korea,PRK,2021,Asia,26232530.0,,,,1.7444437
North Macedonia,MKD,2000,Europe,2057254.0,11988.245,537.5307,,1.6006331
North Macedonia,MKD,2001,Europe,2066300.0,11571.812,499.51736,,1.5127263
North Macedonia,MKD,2002,Europe,2074482.0,11830.263,559.14026,537.5307,1.4483844
North Macedonia,MKD,2003,Europe,2081417.0,12077.849,578.5901,499.51736,1.4173533
North Macedonia,MKD,2004,Europe,2086581.0,12683.381,591.4108,559.14026,1.403482
North Macedonia,MKD,2005,Europe,2089809.0,13354.461,587.4543,578.5901,1.3729831
North Macedonia,MKD,2006,Europe,2089232.0,14118.2295,626.5533,591.4108,1.3116654
North Macedonia,MKD,2007,Europe,2081972.0,15118.244,603.21814,587.4543,1.23254
North Macedonia,MKD,2008,Europe,2070837.0,16038.041,681.54816,626.5533,1.1521333
North Macedonia,MKD,2009,Europe,2060601.0,16084.228,715.29584,603.21814,1.0840185
North Macedonia,MKD,2010,Europe,2051510.0,16731.09,763.9197,681.54816,1.0393585
North Macedonia,MKD,2011,Europe,2040445.0,17201.236,768.8051,715.29584,1.0239313
North Macedonia,MKD,2012,Europe,2027288.0,17189.996,801.3072,763.9197,1.0361847
North Macedonia,MKD,2013,Europe,2013280.0,17758.229,876.747,768.8051,1.0723654
North Macedonia,MKD,2014,Europe,1997842.0,18452.207,874.49365,801.3072,1.1100907
North Macedonia,MKD,2015,Europe,1980366.0,19215.074,921.0475,876.747,1.112811
North Macedonia,MKD,2016,Europe,1961268.0,19825.773,1020.4859,874.49365,1.0594989
North Macedonia,MKD,2017,Europe,1940877.0,20121.05,1080.9861,921.0475,0.961806
North Macedonia,MKD,2018,Europe,1919730.0,20805.922,1172.9415,1020.4859,0.83851606
North Macedonia,MKD,2019,Europe,1897643.0,21766.885,1412.9353,1080.9861,0.7109755
North Macedonia,MKD,2020,Europe,1872021.0,20971.441,1530.3955,1172.9415,0.59881896
North Macedonia,MKD,2021,Europe,1851109.0,22144.193,1850.1266,1412.9353,0.5055542
Norway,NOR,2000,Europe,4490864.0,76775.945,2856.8936,,0.48610827
Norway,NOR,2001,Europe,4513650.0,78041.016,3037.2986,,0.47165996
Norway,NOR,2002,Europe,4538016.0,78752.59,3429.1157,2856.8936,0.45606303
Norway,NOR,2003,Europe,4564666.0,79150.4,3566.3447,3037.2986,0.43919155
Norway,NOR,2004,Europe,4591739.0,82091.195,3765.356,3429.1157,0.4221542
Norway,NOR,2005,Europe,4623120.0,83955.336,3995.3965,3566.3447,0.40524423
Norway,NOR,2006,Europe,4660487.0,85653.14,4304.4355,3765.356,0.38911018
Norway,NOR,2007,Europe,4709017.0,87670.86,4530.867,3995.3965,0.37338728
Norway,NOR,2008,Europe,4768097.0,87297.4,4945.3003,4304.4355,0.35749182
Norway,NOR,2009,Europe,4828625.0,84812.69,5054.629,4530.867,0.34166098
Norway,NOR,2010,Europe,4889160.0,84604.516,5190.1245,4945.3003,0.3264389
Norway,NOR,2011,Europe,4952969.0,84670.836,5492.077,5054.629,0.3126782
Norway,NOR,2012,Europe,5018453.0,85925.875,5774.392,5190.1245,0.3001486
Norway,NOR,2013,Europe,5080126.0,85973.766,6012.8843,5492.077,0.28899837
Norway,NOR,2014,Europe,5137397.0,86790.79,6191.5874,5774.392,0.2788338
Norway,NOR,2015,Europe,5189777.0,87688.12,6144.907,6012.8843,0.26946098
Norway,NOR,2016,Europe,5235974.0,88041.64,6267.085,6191.5874,0.26079285
Norway,NOR,2017,Europe,5276807.0,89664.91,6630.842,6144.907,0.25294265
Norway,NOR,2018,Europe,5311751.0,90064.07,7019.084,6267.085,0.24627466
Norway,NOR,2019,Europe,5347733.0,90772.9,7432.085,6630.842,0.24096265
Norway,NOR,2020,Europe,5379275.0,89012.27,7683.816,7019.084,0.23781256
Norway,NOR,2021,Europe,5408082.0,92205.77,8760.596,7432.085,0.23745583
Oman,OMN,2000,Asia,2282139.0,42086.043,1059.0186,,1.6539195
Oman,OMN,2001,Asia,2310223.0,43492.285,1125.6274,,1.550305
Oman,OMN,2002,Asia,2337144.0,42654.15,1152.9542,1059.0186,1.4622345
Oman,OMN,2003,Asia,2363801.0,41247.586,1136.0261,1125.6274,1.3897166
Oman,OMN,2004,Asia,2404822.0,41351.77,1094.2803,1152.9542,1.3311807
Oman,OMN,2005,Asia,2459808.0,41551.14,989.06213,1136.0261,1.2853492
Oman,OMN,2006,Asia,2514794.0,42540.44,930.9676,1094.2803,1.2494998
Oman,OMN,2007,Asia,2570175.0,43696.97,1027.8049,989.06213,1.2229992
Oman,OMN,2008,Asia,2626536.0,46586.395,927.7233,930.9676,1.2028462
Oman,OMN,2009,Asia,2684665.0,48304.117,1361.3435,1027.8049,1.1868494
Oman,OMN,2010,Asia,2757450.0,48191.613,1378.2631,927.7233,1.1722335
Oman,OMN,2011,Asia,3076762.0,44440.31,1171.5822,1361.3435,1.1573645
Oman,OMN,2012,Asia,3547104.0,41964.082,1138.284,1378.2631,1.142541
Oman,OMN,2013,Asia,3833915.0,40854.484,1177.8624,1171.5822,1.1294022
Oman,OMN,2014,Asia,4002444.0,39639.99,1387.8634,1138.284,1.118705
Oman,OMN,2015,Asia,4184898.0,39813.79,1470.5321,1177.8624,1.1101084
Oman,OMN,2016,Asia,4390880.0,39860.99,1391.9581,1387.8634,1.102947
Oman,OMN,2017,Asia,4537397.0,38691.11,1329.3605,1470.5321,1.0960132
Oman,OMN,2018,Asia,4597878.0,38673.605,1214.5222,1391.9581,1.0880569
Oman,OMN,2019,Asia,4591248.0,38292.387,1417.924,1329.3605,1.0779554
Oman,OMN,2020,Asia,4522502.0,37560.6,1800.0793,1214.5222,1.0678732
Oman,OMN,2021,Asia,4500429.0,38719.457,1682.2391,1417.924,1.0575484
Pakistan,PAK,2000,Asia,154879124.0,3531.713,63.637302,,10.792281
Pakistan,PAK,2001,Asia,159270910.0,3559.7278,61.85348,,10.505078
Pakistan,PAK,2002,Asia,163222552.0,3563.6785,65.10459,63.637302,10.245413
Pakistan,PAK,2003,Asia,167110250.0,3668.7793,59.369,61.85348,10.013393
Pakistan,PAK,2004,Asia,171285999.0,3859.646,62.08475,65.10459,9.802068
Pakistan,PAK,2005,Asia,175453212.0,4042.1545,78.14133,59.369,9.604248
Pakistan,PAK,2006,Asia,179682690.0,4185.8667,96.00098,62.08475,9.415963
Pakistan,PAK,2007,Asia,184493231.0,4257.926,96.34739,78.14133,9.233766
Pakistan,PAK,2008,Asia,189499112.0,4233.348,95.56634,96.00098,9.046388
Pakistan,PAK,2009,Asia,194376535.0,4270.439,94.42573,96.34739,8.851018
Pakistan,PAK,2010,Asia,199239048.0,4228.7817,91.98029,95.56634,8.645282
Pakistan,PAK,2011,Asia,203746069.0,4246.067,86.5621,94.42573,8.427187
Pakistan,PAK,2012,Asia,207667129.0,4292.021,89.90946,91.98029,8.198957
Pakistan,PAK,2013,Asia,211073979.0,4407.147,100.86231,86.5621,7.9614377
Pakistan,PAK,2014,Asia,214264649.0,4520.235,107.349945,89.90946,7.719389
Pakistan,PAK,2015,Asia,217290884.0,4645.286,111.77954,100.86231,7.479855
Pakistan,PAK,2016,Asia,220138863.0,4886.6123,119.022,107.349945,7.242935
Pakistan,PAK,2017,Asia,223273974.0,5031.5605,133.4509,111.77954,7.0137486
Pakistan,PAK,2018,Asia,226928893.0,5255.0635,140.83907,119.022,6.7948523
Pakistan,PAK,2019,Asia,230800908.0,5295.953,143.4372,133.4509,6.58289
Pakistan,PAK,2020,Asia,235001745.0,5135.0146,149.05444,140.83907,6.374923
Pakistan,PAK,2021,Asia,239477805.0,5367.2734,160.48997,143.4372,6.1738095
Palau,PLW,2000,Oceania,19206.0,15410.174,882.9972,,2.6474702
Palau,PLW,2001,Oceania,19379.0,16393.451,855.09485,,2.5523407
Palau,PLW,2002,Oceania,19527.0,17033.49,849.9056,882.9972,2.4599502
Palau,PLW,2003,Oceania,19683.0,16538.77,925.1657,855.09485,2.3709528
Palau,PLW,2004,Oceania,19841.0,16974.068,1099.3881,849.9056,2.2864614
Palau,PLW,2005,Oceania,19837.0,17464.621,1081.3701,925.1657,2.2066717
Palau,PLW,2006,Oceania,19616.0,17706.367,1155.0198,1099.3881,2.1316023
Palau,PLW,2007,Oceania,19324.0,18096.799,1225.6515,1081.3701,2.0642645
Palau,PLW,2008,Oceania,19031.0,17355.242,1157.3853,1155.0198,2.009647
Palau,PLW,2009,Oceania,18736.0,16541.121,1229.5106,1225.6515,1.9721109
Palau,PLW,2010,Oceania,18420.0,16313.429,1437.4523,1157.3853,1.9522742
Palau,PLW,2011,Oceania,18099.0,17354.934,1431.5397,1229.5106,1.9502954
Palau,PLW,2012,Oceania,17791.0,18024.754,1573.3469,1437.4523,1.9693829
Palau,PLW,2013,Oceania,17670.0,17891.379,1676.4115,1431.5397,2.0100718
Palau,PLW,2014,Oceania,17740.0,18574.79,1753.1887,1573.3469,2.0629065
Palau,PLW,2015,Oceania,17791.0,20104.232,1752.5421,1676.4115,2.126595
Palau,PLW,2016,Oceania,17824.0,20408.262,1804.7937,1753.1887,2.1935024
Palau,PLW,2017,Oceania,17838.0,19693.408,1933.4003,1752.5421,2.2548165
Palau,PLW,2018,Oceania,17843.0,19608.96,1997.0629,1804.7937,2.2877703
Palau,PLW,2019,Oceania,17821.0,19685.604,2219.458,1933.4003,2.3010335
Palau,PLW,2020,Oceania,17817.0,18509.25,2312.6052,1997.0629,2.2948337
Palau,PLW,2021,Oceania,17809.0,16312.19,2281.8132,2219.458,2.2726161
Palestine,PSE,2000,Asia,3151800.0,4520.89,232.88988,,3.0317628
Palestine,PSE,2001,Asia,3242286.0,3996.5088,228.78671,,2.9387662
Palestine,PSE,2002,Asia,3322369.0,3409.1729,212.49226,232.88988,2.8518596
Palestine,PSE,2003,Asia,3398071.0,3788.9265,209.02115,228.78671,2.7651732
Palestine,PSE,2004,Asia,3475178.0,4503.0806,304.62445,212.49226,2.6836522
Palestine,PSE,2005,Asia,3557406.0,4885.0728,330.04895,209.02115,2.5988672
Palestine,PSE,2006,Asia,3645096.0,4714.3735,313.98862,304.62445,2.5130749
Palestine,PSE,2007,Asia,3736694.0,4769.5234,298.07513,330.04895,2.4301713
Palestine,PSE,2008,Asia,3829039.0,4984.8057,349.68735,313.98862,2.348336
Palestine,PSE,2009,Asia,3921245.0,5270.663,381.55206,298.07513,2.26821
Palestine,PSE,2010,Asia,4016918.0,5432.2437,337.2892,349.68735,2.1882756
Palestine,PSE,2011,Asia,4115912.0,5805.3213,458.86377,381.55206,2.1103344
Palestine,PSE,2012,Asia,4215318.0,6009.1094,483.71582,337.2892,2.0345178
Palestine,PSE,2013,Asia,4315263.0,6142.202,497.82193,458.86377,1.960191
Palestine,PSE,2014,Asia,4415887.0,5990.427,504.55124,483.71582,2.194203
Palestine,PSE,2015,Asia,4521564.0,6072.6504,505.93225,497.82193,1.8176519
Palestine,PSE,2016,Asia,4632743.0,6464.1333,514.5428,504.55124,1.7516729
Palestine,PSE,2017,Asia,4742747.0,6426.7954,523.2494,505.93225,1.6873828
Palestine,PSE,2018,Asia,4850593.0,6342.9375,565.37683,514.5428,1.6254689
Palestine,PSE,2019,Asia,4957773.0,6269.891,564.9952,523.2494,1.5690824
Palestine,PSE,2020,Asia,5069692.0,5423.6826,579.90826,565.37683,1.515586
Palestine,PSE,2021,Asia,5185341.0,5663.1216,561.00684,564.9952,1.464787
Panama,PAN,2000,North America,3010376.0,14572.98,612.4479,,2.5714023
Panama,PAN,2001,North America,3069545.0,14427.836,609.38245,,2.4981802
Panama,PAN,2002,North America,3129343.0,14507.149,631.44086,612.4479,2.420112
Panama,PAN,2003,North America,3189813.0,14957.559,626.2154,609.38245,2.3423672
Panama,PAN,2004,North America,3251158.0,15875.119,711.2451,631.44086,2.2627602
Panama,PAN,2005,North America,3313024.0,16867.967,676.7189,626.2154,2.1872034
Panama,PAN,2006,North America,3375024.0,18190.281,783.2928,711.2451,2.1153264
Panama,PAN,2007,North America,3437490.0,20208.83,996.2734,676.7189,2.0469768
Panama,PAN,2008,North America,3500646.0,21867.828,1014.27277,783.2928,1.9841702
Panama,PAN,2009,North America,3564383.0,21822.996,1043.1136,996.2734,1.9240433
Panama,PAN,2010,North America,3628537.0,22739.12,1135.3507,1014.27277,1.8712512
Panama,PAN,2011,North America,3693509.0,24999.47,1202.5742,1043.1136,1.8250637
Panama,PAN,2012,North America,3759261.0,26926.896,1275.9742,1135.3507,1.7865245
Panama,PAN,2013,North America,3825333.0,28135.338,1439.3718,1202.5742,1.7542913
Panama,PAN,2014,North America,3892100.0,28931.816,1695.9406,1275.9742,1.7306916
Panama,PAN,2015,North America,3960034.0,29933.168,1899.9714,1439.3718,1.7135428
Panama,PAN,2016,North America,4029085.0,30765.25,2156.9688,1695.9406,1.6961554
Panama,PAN,2017,North America,4098704.0,31979.824,2407.879,1899.9714,1.6696354
Panama,PAN,2018,North America,4167860.0,32681.473,2466.8364,2156.9688,1.6304783
Panama,PAN,2019,North America,4234698.0,33163.72,2701.9824,2407.879,1.5865724
Panama,PAN,2020,North America,4293258.0,26881.828,2761.452,2466.8364,1.5466368
Panama,PAN,2021,North America,4345410.0,30932.764,2826.3726,2701.9824,1.5179989
Papua New Guinea,PNG,2000,Oceania,5537068.0,3327.2249,41.73417,,7.195232
Papua New Guinea,PNG,2001,Oceania,5728444.0,3212.171,46.956932,,7.0815525
Papua New Guinea,PNG,2002,Oceania,5924010.0,3101.1924,55.132015,41.73417,6.9607115
Papua New Guinea,PNG,2003,Oceania,6124005.0,3064.8367,52.12927,46.956932,6.8436556
Papua New Guinea,PNG,2004,Oceania,6328042.0,3046.7231,57.81889,55.132015,6.7222743
Papua New Guinea,PNG,2005,Oceania,6535905.0,3136.9875,54.668835,52.12927,6.5903473
Papua New Guinea,PNG,2006,Oceania,6747724.0,3202.8977,55.438076,57.81889,6.455952
Papua New Guinea,PNG,2007,Oceania,6963353.0,3346.279,58.764214,54.668835,6.3208494
Papua New Guinea,PNG,2008,Oceania,7183002.0,3234.3325,52.90849,55.438076,6.1779885
Papua New Guinea,PNG,2009,Oceania,7406442.0,3350.0728,60.152866,58.764214,6.0339007
Papua New Guinea,PNG,2010,Oceania,7633524.0,3579.6301,58.861263,52.90849,5.8895726
Papua New Guinea,PNG,2011,Oceania,7859349.0,3515.2832,66.95041,60.152866,5.7493877
Papua New Guinea,PNG,2012,Oceania,8081396.0,3577.9102,80.69829,58.861263,5.6081038
Papua New Guinea,PNG,2013,Oceania,8302700.0,3615.7466,93.21169,66.95041,5.469885
Papua New Guinea,PNG,2014,Oceania,8523440.0,3999.1304,114.47736,80.69829,5.3285317
Papua New Guinea,PNG,2015,Oceania,8743247.0,4155.0557,66.74537,93.21169,5.7309704
Papua New Guinea,PNG,2016,Oceania,8961717.0,4276.2964,88.85998,114.47736,5.041563
Papua New Guinea,PNG,2017,Oceania,9178717.0,4322.777,87.47578,66.74537,4.89083
Papua New Guinea,PNG,2018,Oceania,9394518.0,4211.685,89.94872,88.85998,4.754655
Papua New Guinea,PNG,2019,Oceania,9609014.0,4302.1626,94.40512,87.47578,4.611539
Papua New Guinea,PNG,2020,Oceania,9815743.0,4078.1538,89.76591,89.94872,4.466485
Papua New Guinea,PNG,2021,Oceania,10012898.0,3977.4429,93.07169,94.40512,4.3246
Paraguay,PRY,2000,South America,5100875.0,9997.33,417.52457,,3.364572
Paraguay,PRY,2001,South America,5187690.0,9748.027,387.88788,,3.2816443
Paraguay,PRY,2002,South America,5261334.0,9609.533,329.43228,417.52457,3.2004616
Paraguay,PRY,2003,South America,5326437.0,9902.199,357.03284,387.88788,3.1251373
Paraguay,PRY,2004,South America,5388181.0,10185.907,379.0754,329.43228,3.0509827
Paraguay,PRY,2005,South America,5448100.0,10288.801,386.6718,357.03284,2.9731255
Paraguay,PRY,2006,South America,5505145.0,10671.645,429.68713,379.0754,2.8947947
Paraguay,PRY,2007,South America,5559385.0,11140.463,460.82217,386.6718,2.8159266
Paraguay,PRY,2008,South America,5613577.0,11749.654,497.0958,429.68713,2.733041
Paraguay,PRY,2009,South America,5671243.0,11599.82,541.53796,460.82217,2.651338
Paraguay,PRY,2010,South America,5737973.0,12736.968,595.42194,497.0958,2.5717933
Paraguay,PRY,2011,South America,5814632.0,13107.811,666.169,541.53796,2.494109
Paraguay,PRY,2012,South America,5897011.0,12833.18,715.4758,595.42194,2.4165545
Paraguay,PRY,2013,South America,5982447.0,13698.973,736.02277,666.169,2.3427749
Paraguay,PRY,2014,South America,6069819.0,14217.558,835.4947,715.4758,2.2710881
Paraguay,PRY,2015,South America,6159106.0,14425.777,848.4392,736.02277,2.1914308
Paraguay,PRY,2016,South America,6249129.0,14824.791,889.7953,835.4947,2.1178596
Paraguay,PRY,2017,South America,6338658.0,15318.401,923.76605,848.4392,2.0529237
Paraguay,PRY,2018,South America,6427382.0,15591.015,953.6786,889.7953,1.9851574
Paraguay,PRY,2019,South America,6515059.0,15319.389,1013.2272,923.76605,1.9239463
Paraguay,PRY,2020,South America,6603741.0,14989.767,1098.2537,953.6786,1.8613391
Paraguay,PRY,2021,South America,6684184.0,15400.944,1237.5421,1013.2272,1.8028886
Peru,PER,2000,South America,26598328.0,7668.0605,215.48286,,3.830854
Peru,PER,2001,South America,26964610.0,7610.6396,235.48749,,3.532469
Peru,PER,2002,South America,27288211.0,7930.51,261.77774,215.48286,3.2688622
Peru,PER,2003,South America,27580485.0,8173.277,258.56158,235.48749,3.0384862
Peru,PER,2004,South America,27852190.0,8494.84,264.81363,261.77774,2.8364718
Peru,PER,2005,South America,28101175.0,8948.747,298.624,258.56158,2.6600976
Peru,PER,2006,South America,28324488.0,9546.625,313.75342,264.81363,2.5015135
Peru,PER,2007,South America,28530704.0,10284.967,353.29456,298.624,2.3592575
Peru,PER,2008,South America,28719038.0,11150.026,402.02747,313.75342,2.233215
Peru,PER,2009,South America,28896819.0,11202.865,446.02164,353.29456,2.1204717
Peru,PER,2010,South America,29086021.0,12057.392,462.35614,402.02747,2.0185733
Peru,PER,2011,South America,29304083.0,12724.883,472.07217,446.02164,1.9271657
Peru,PER,2012,South America,29550367.0,13393.593,510.37726,462.35614,1.8472486
Peru,PER,2013,South America,29817908.0,14050.242,537.1246,472.07217,1.7774233
Peru,PER,2014,South America,30115825.0,14242.645,573.86865,510.37726,1.7163035
Peru,PER,2015,South America,30457598.0,14540.831,578.20306,537.1246,1.6619673
Peru,PER,2016,South America,30866497.0,14915.437,604.2654,573.86865,1.6138537
Peru,PER,2017,South America,31324639.0,15067.489,621.6201,578.20306,1.5709854
Peru,PER,2018,South America,31897590.0,15384.185,679.84015,604.2654,1.5299785
Peru,PER,2019,South America,32449302.0,15461.457,709.3429,621.6201,1.4897572
Peru,PER,2020,South America,32838577.0,13607.764,817.58136,679.84015,1.4511805
Peru,PER,2021,South America,33155883.0,15285.7705,1019.32104,709.3429,1.4116307
Philippines,PHL,2000,Asia,79625401.0,4740.439,102.82193,,3.679439
Philippines,PHL,2001,Asia,81401488.0,4778.401,98.785904,,3.5988033
Philippines,PHL,2002,Asia,83068889.0,4856.4995,94.4388,102.82193,3.5198298
Philippines,PHL,2003,Asia,84731836.0,5003.3833,115.72756,98.785904,3.4402814
Philippines,PHL,2004,Asia,86394510.0,5229.4507,123.00671,94.4388,3.3597193
Philippines,PHL,2005,Asia,88015959.0,5386.8164,160.51903,115.72756,3.2800028
Philippines,PHL,2006,Asia,89508992.0,5578.5723,172.96655,123.00671,3.2043424
Philippines,PHL,2007,Asia,91075180.0,5840.068,184.77643,160.51903,3.1323779
Philippines,PHL,2008,Asia,92699091.0,5987.0376,198.73384,172.96655,3.0657227
Philippines,PHL,2009,Asia,94384256.0,5965.307,214.77583,184.77643,3.0055337
Philippines,PHL,2010,Asia,96337127.0,6273.039,226.76465,198.73384,2.952289
Philippines,PHL,2011,Asia,98248614.0,6388.313,229.65439,214.77583,2.9009707
Philippines,PHL,2012,Asia,100175511.0,6697.556,254.56319,226.76465,2.8585584
Philippines,PHL,2013,Asia,102076334.0,7016.5386,272.3805,229.65439,2.825165
Philippines,PHL,2014,Asia,103767127.0,7340.362,247.69318,254.56319,2.801134
Philippines,PHL,2015,Asia,105312988.0,7691.763,268.7575,272.3805,2.7857878
Philippines,PHL,2016,Asia,106735721.0,8131.825,291.97296,247.69318,2.7801416
Philippines,PHL,2017,Asia,108119691.0,8584.136,307.87567,268.7575,2.7825918
Philippines,PHL,2018,Asia,109465284.0,9016.286,330.45004,291.97296,2.7948172
Philippines,PHL,2019,Asia,110804685.0,9452.294,371.81912,307.87567,2.804026
Philippines,PHL,2020,Asia,112081270.0,8455.185,425.27615,330.45004,2.8046331
Philippines,PHL,2021,Asia,113100947.0,8857.79,529.2535,371.81912,2.7850342
Poland,POL,2000,Europe,38258077.0,18566.355,564.33344,,0.93264765
Poland,POL,2001,Europe,38247359.0,18800.602,630.2675,,0.88155687
Poland,POL,2002,Europe,38229407.0,19166.914,715.9719,564.33344,0.8424597
Poland,POL,2003,Europe,38203527.0,19855.63,731.39307,630.2675,0.81050146
Poland,POL,2004,Europe,38167568.0,20878.654,783.50464,715.9719,0.78205043
Poland,POL,2005,Europe,38124377.0,21568.947,806.7943,731.39307,0.75537825
Poland,POL,2006,Europe,38071169.0,22921.197,878.89154,783.50464,0.72909784
Poland,POL,2007,Europe,38020420.0,24484.066,986.9931,806.7943,0.70100236
Poland,POL,2008,Europe,37995902.0,25553.906,1167.3173,878.89154,0.6684017
Poland,POL,2009,Europe,38002153.0,26204.41,1267.9564,986.9931,0.6320014
Poland,POL,2010,Europe,38095356.0,27112.133,1351.6937,1167.3173,0.5968458
Poland,POL,2011,Europe,38208644.0,28521.662,1424.4879,1267.9564,0.56696504
Poland,POL,2012,Europe,38247867.0,28952.916,1477.8928,1351.6937,0.54243106
Poland,POL,2013,Europe,38259267.0,29168.625,1575.0455,1424.4879,0.521709
Poland,POL,2014,Europe,38265113.0,30334.879,1626.7668,1477.8928,0.5037519
Poland,POL,2015,Europe,38266314.0,31700.37,1717.3593,1575.0455,0.4885278
Poland,POL,2016,Europe,38263260.0,32675.305,1856.8622,1626.7668,0.47556984
Poland,POL,2017,Europe,38254964.0,34354.598,1972.3679,1717.3593,0.46457386
Poland,POL,2018,Europe,38241070.0,36500.41,2021.7706,1856.8622,0.45481092
Poland,POL,2019,Europe,38225884.0,38181.62,2292.1062,1972.3679,0.44616857
Poland,POL,2020,Europe,38171005.0,37852.8,2356.091,2021.7706,0.43959114
Poland,POL,2021,Europe,38040303.0,41059.586,2607.1682,2292.1062,0.4361308
Portugal,PRT,2000,Europe,10283196.0,35069.83,1630.2719,,0.71599096
Portugal,PRT,2001,Europe,10354329.0,35500.227,1690.2233,,0.6606263
Portugal,PRT,2002,Europe,10413045.0,35578.52,1792.9177,1630.2719,0.60448474
Portugal,PRT,2003,Europe,10454246.0,35115.38,1905.183,1690.2233,0.55173266
Portugal,PRT,2004,Europe,10481386.0,35658.13,2049.5466,1792.9177,0.5049556
Portugal,PRT,2005,Europe,10502993.0,35870.31,2195.496,1905.183,0.46680835
Portugal,PRT,2006,Europe,10524123.0,36387.535,2311.125,2049.5466,0.43826935
Portugal,PRT,2007,Europe,10546822.0,37226.47,2383.6782,2195.496,0.4176073
Portugal,PRT,2008,Europe,10564086.0,37291.504,2556.5798,2311.125,0.4019136
Portugal,PRT,2009,Europe,10576265.0,36092.812,2681.7207,2383.6782,0.38958102
Portugal,PRT,2010,Europe,10578659.0,36703.113,2734.485,2556.5798,0.38004544
Portugal,PRT,2011,Europe,10557050.0,36127.297,2601.1301,2681.7207,0.37285668
Portugal,PRT,2012,Europe,10513155.0,34804.633,2541.6467,2734.485,0.36791593
Portugal,PRT,2013,Europe,10458287.0,34651.773,2615.6926,2601.1301,0.36492604
Portugal,PRT,2014,Europe,10406203.0,35097.41,2674.3083,2541.6467,0.36353073
Portugal,PRT,2015,Europe,10370264.0,35803.36,2754.2363,2615.6926,0.36252373
Portugal,PRT,2016,Europe,10346377.0,36636.297,2957.0137,2674.3083,0.36097893
Portugal,PRT,2017,Europe,10330838.0,37943.113,3061.955,2754.2363,0.3578305
Portugal,PRT,2018,Europe,10325355.0,39123.613,3271.1768,2957.0137,0.3526701
Portugal,PRT,2019,Europe,10343218.0,40188.285,3584.0596,3061.955,0.34504434
Portugal,PRT,2020,Europe,10370519.0,36852.23,3755.403,3271.1768,0.33722132
Portugal,PRT,2021,Europe,10390957.0,38657.668,4323.9644,3584.0596,0.33108172
Puerto Rico,PRI,2000,,,37298.547,,,
Puerto Rico,PRI,2001,,,39568.555,,,
Puerto Rico,PRI,2002,,,39879.73,,,
Puerto Rico,PRI,2003,,,39876.066,,,
Puerto Rico,PRI,2004,,,43355.824,,,
Puerto Rico,PRI,2005,,,42555.707,,,
Puerto Rico,PRI,2006,,,42133.97,,,
Puerto Rico,PRI,2007,,,41888.625,,,
Puerto Rico,PRI,2008,,,41358.07,,,
Puerto Rico,PRI,2009,,,40772.35,,,
Puerto Rico,PRI,2010,,,40777.688,,,
Puerto Rico,PRI,2011,,,40972.535,,,
Puerto Rico,PRI,2012,,,41347.453,,,
Puerto Rico,PRI,2013,,,41556.785,,,
Puerto Rico,PRI,2014,,,41593.68,,,
Puerto Rico,PRI,2015,,,41737.605,,,
Puerto Rico,PRI,2016,,,41858.26,,,
Puerto Rico,PRI,2017,,,41479.996,,,
Puerto Rico,PRI,2018,,,41119.31,,,
Puerto Rico,PRI,2019,,,41656.33,,,
Puerto Rico,PRI,2020,,,40171.375,,,
Puerto Rico,PRI,2021,,,40559.227,,,
Qatar,QAT,2000,Asia,644993.0,98028.52,1784.6598,,1.2472602
Qatar,QAT,2001,Asia,677934.0,96901.59,2078.382,,1.2013748
Qatar,QAT,2002,Asia,711215.0,99001.49,2289.006,1784.6598,1.1577462
Qatar,QAT,2003,Asia,744690.0,98068.125,3322.107,2078.382,1.1166371
Qatar,QAT,2004,Asia,773341.0,112583.93,3411.351,2289.006,1.0785177
Qatar,QAT,2005,Asia,825419.0,113384.266,2960.8838,3322.107,1.0435355
Qatar,QAT,2006,Asia,972841.0,121378.44,2802.2732,3411.351,1.0115037
Qatar,QAT,2007,Asia,1208601.0,115272.51,2448.026,2960.8838,0.9827335
Qatar,QAT,2008,Asia,1426942.0,114879.22,2016.3916,2802.2732,0.95664597
Qatar,QAT,2009,Asia,1586052.0,114069.65,2745.1895,2448.026,0.93280685
Qatar,QAT,2010,Asia,1709238.0,132502.28,2566.636,2016.3916,0.9104147
Qatar,QAT,2011,Asia,1810960.0,149025.11,2506.6084,2745.1895,0.88822794
Qatar,QAT,2012,Asia,1907122.0,147077.4,2856.906,2566.636,0.86500674
Qatar,QAT,2013,Asia,2032650.0,138046.6,3312.1492,2506.6084,0.8391851
Qatar,QAT,2014,Asia,2218378.0,128013.984,3487.3909,2856.906,0.8106179
Qatar,QAT,2015,Asia,2427340.0,123070.89,3601.2363,3312.1492,0.7790577
Qatar,QAT,2016,Asia,2599382.0,120054.41,3042.2712,3487.3909,0.7457065
Qatar,QAT,2017,Asia,2706716.0,115064.945,3002.038,3601.2363,0.7124963
Qatar,QAT,2018,Asia,2761144.0,114909.945,3045.975,3042.2712,0.68210304
Qatar,QAT,2019,Asia,2797927.0,113160.98,3228.735,3002.038,0.65554684
Qatar,QAT,2020,Asia,2803375.0,103061.914,3126.728,3045.975,0.6338508
Qatar,QAT,2021,Asia,2814988.0,116832.57,3007.4475,3228.735,0.6176314
Romania,ROU,2000,Europe,22046264.0,14853.606,246.02608,,2.1397693
Romania,ROU,2001,Europe,21919916.0,15848.304,281.5443,,2.056313
Romania,ROU,2002,Europe,21770020.0,17061.629,326.26868,246.02608,2.0223472
Romania,ROU,2003,Europe,21593448.0,17587.463,405.09564,281.5443,1.9900961
Romania,ROU,2004,Europe,21403215.0,19532.48,490.85464,326.26868,1.9265934
Romania,ROU,2005,Europe,21213395.0,20570.926,529.23114,405.09564,1.820583
Romania,ROU,2006,Europe,21035732.0,22354.564,584.295,490.85464,1.6730349
Romania,ROU,2007,Europe,20870714.0,24328.393,680.1452,529.23114,1.5167001
Romania,ROU,2008,Europe,20718745.0,27039.6,838.9413,584.295,1.389221
Romania,ROU,2009,Europe,20576922.0,25761.63,874.7415,680.1452,1.3017007
Romania,ROU,2010,Europe,20432575.0,24902.904,976.40875,838.9413,1.2375766
Romania,ROU,2011,Europe,20282009.0,26150.748,839.33435,874.7415,1.1811149
Romania,ROU,2012,Europe,20158451.0,26767.455,891.50665,976.40875,1.1236117
Romania,ROU,2013,Europe,20062913.0,26941.932,1026.1318,839.33435,1.0588995
Romania,ROU,2014,Europe,19968179.0,28156.13,1035.3672,891.50665,0.9870153
Romania,ROU,2015,Europe,19871018.0,29181.879,1066.2156,1026.1318,0.91505474
Romania,ROU,2016,Europe,19777049.0,30189.148,1210.8331,1035.3672,0.84876776
Romania,ROU,2017,Europe,19689405.0,32852.637,1394.106,1066.2156,0.78851527
Romania,ROU,2018,Europe,19597874.0,34828.895,1626.5913,1210.8331,0.7322348
Romania,ROU,2019,Europe,19501542.0,36399.473,1912.9242,1394.106,0.6830989
Romania,ROU,2020,Europe,19392467.0,35283.605,2128.2085,1626.5913,0.650361
Romania,ROU,2021,Europe,19248159.0,37534.0,2424.5886,1912.9242,0.6414378
Russia,RUS,2000,Europe,146717784.0,20104.75,366.79816,,1.9380082
Russia,RUS,2001,Europe,146117290.0,21219.904,413.11975,,1.8407645
Russia,RUS,2002,Europe,145939502.0,22319.678,473.45496,366.79816,1.7312154
Russia,RUS,2003,Europe,145794230.0,24057.928,508.00244,413.11975,1.6140909
Russia,RUS,2004,Europe,145180091.0,25894.146,517.62354,473.45496,1.4971794
Russia,RUS,2005,Europe,144597886.0,27656.658,599.9356,508.00244,1.385754
Russia,RUS,2006,Europe,144102948.0,30022.672,756.02124,517.62354,1.2846909
Russia,RUS,2007,Europe,143859767.0,32630.37,840.7172,599.9356,1.1978487
Russia,RUS,2008,Europe,143811837.0,34342.227,1051.5247,756.02124,1.1270813
Russia,RUS,2009,Europe,143869128.0,31654.004,1163.717,840.7172,1.074472
Russia,RUS,2010,Europe,143934468.0,33063.586,1083.1472,1051.5247,1.0408071
Russia,RUS,2011,Europe,144043751.0,34444.645,1084.9591,1163.717,1.0163869
Russia,RUS,2012,Europe,144291025.0,35740.7,1190.6538,1083.1472,0.9874644
Russia,RUS,2013,Europe,144604105.0,36260.066,1314.7749,1084.9591,0.9451168
Russia,RUS,2014,Europe,144925639.0,35853.246,1345.7247,1190.6538,0.8889995
Russia,RUS,2015,Europe,145307612.0,35037.152,1285.2113,1314.7749,0.82089895
Russia,RUS,2016,Europe,145778668.0,35005.445,1284.1473,1345.7247,0.7503578
Russia,RUS,2017,Europe,146186798.0,35570.703,1395.6027,1285.2113,0.68726206
Russia,RUS,2018,Europe,146430146.0,36536.695,1547.6584,1284.1473,0.63694745
Russia,RUS,2019,Europe,146533063.0,37319.32,1759.399,1395.6027,0.59901637
Russia,RUS,2020,Europe,146371295.0,36376.336,2538.8235,1547.6584,0.5728664
Russia,RUS,2021,Europe,145836172.0,38638.43,2741.9834,1759.399,0.55487484
Rwanda,RWA,2000,Africa,8213936.0,1055.3505,21.780453,,18.415812
Rwanda,RWA,2001,Africa,8287091.0,1134.7845,22.208267,,16.651379
Rwanda,RWA,2002,Africa,8400185.0,1267.194,23.772223,21.780453,14.909125
Rwanda,RWA,2003,Africa,8586878.0,1266.9445,53.68189,22.208267,13.269076
Rwanda,RWA,2004,Africa,8816849.0,1325.7955,62.478405,23.772223,11.754826
Rwanda,RWA,2005,Africa,9054532.0,1412.061,70.59744,53.68189,10.446911
Rwanda,RWA,2006,Africa,9299251.0,1501.7646,76.24366,62.478405,9.336761
Rwanda,RWA,2007,Africa,9549940.0,1573.9681,84.81822,70.59744,8.410934
Rwanda,RWA,2008,Africa,9804268.0,1704.2545,90.030754,76.24366,7.6030498
Rwanda,RWA,2009,Africa,10060438.0,1764.6349,96.765884,84.81822,6.911813
Rwanda,RWA,2010,Africa,10317560.0,1846.8633,106.19062,90.030754,6.3261204
Rwanda,RWA,2011,Africa,10573742.0,1945.5371,112.07502,96.765884,5.8078766
Rwanda,RWA,2012,Africa,10829904.0,2063.6648,117.840675,106.19062,5.4243765
Rwanda,RWA,2013,Africa,11093340.0,2109.7466,102.44424,112.07502,5.141866
Rwanda,RWA,2014,Africa,11364758.0,2176.095,117.17833,117.840675,4.9173164
Rwanda,RWA,2015,Africa,11640026.0,2313.0972,118.42432,102.44424,4.729775
Rwanda,RWA,2016,Africa,11919183.0,2386.7483,111.39744,117.17833,4.579497
Rwanda,RWA,2017,Africa,12202062.0,2441.0854,105.79807,118.42432,4.469329
Rwanda,RWA,2018,Africa,12488000.0,2577.6973,115.99122,111.39744,4.368222
Rwanda,RWA,2019,Africa,12776102.0,2753.5396,114.814026,105.79807,4.266138
Rwanda,RWA,2020,Africa,13065838.0,2617.707,132.48886,115.99122,4.157809
Rwanda,RWA,2021,Africa,13355260.0,2776.3928,170.18144,114.814026,4.0581365
Saint Kitts and Nevis,KNA,2000,North America,45272.0,19840.58,736.20215,,2.3892365
Saint Kitts and Nevis,KNA,2001,North America,45785.0,20648.79,713.8115,,2.2941387
Saint Kitts and Nevis,KNA,2002,North America,46048.0,20813.404,740.1171,736.20215,2.2002337
Saint Kitts and Nevis,KNA,2003,North America,46200.0,19927.182,770.7392,713.8115,2.1103272
Saint Kitts and Nevis,KNA,2004,North America,46337.0,20661.346,776.0208,740.1171,2.0339394
Saint Kitts and Nevis,KNA,2005,North America,46459.0,22612.713,921.702,770.7392,1.9720001
Saint Kitts and Nevis,KNA,2006,North America,46592.0,23258.984,1030.1532,776.0208,1.924383
Saint Kitts and Nevis,KNA,2007,North America,46734.0,23330.045,1021.86426,921.702,1.8918331
Saint Kitts and Nevis,KNA,2008,North America,46857.0,25898.783,1278.9209,1030.1532,1.875204
Saint Kitts and Nevis,KNA,2009,North America,46941.0,24973.805,1236.5485,1021.86426,1.8722357
Saint Kitts and Nevis,KNA,2010,North America,46871.0,24997.566,1236.3053,1278.9209,1.877151
Saint Kitts and Nevis,KNA,2011,North America,46917.0,25380.008,1269.6122,1236.5485,1.8900008
Saint Kitts and Nevis,KNA,2012,North America,47056.0,25114.057,1178.6586,1236.3053,1.9086931
Saint Kitts and Nevis,KNA,2013,North America,47092.0,26532.102,1244.3265,1269.6122,1.9300733
Saint Kitts and Nevis,KNA,2014,North America,47112.0,28530.307,1273.3169,1178.6586,1.9442418
Saint Kitts and Nevis,KNA,2015,North America,47108.0,28729.566,1377.8662,1244.3265,1.9439943
Saint Kitts and Nevis,KNA,2016,North America,47099.0,29867.027,1532.7546,1273.3169,1.9261967
Saint Kitts and Nevis,KNA,2017,North America,47075.0,29948.92,1562.1141,1377.8662,1.8967896
Saint Kitts and Nevis,KNA,2018,North America,47032.0,30576.248,1507.5679,1532.7546,1.8610715
Saint Kitts and Nevis,KNA,2019,North America,46976.0,31512.193,1685.247,1562.1141,1.8223321
Saint Kitts and Nevis,KNA,2020,North America,46896.0,26736.928,1547.276,1507.5679,1.7772179
Saint Kitts and Nevis,KNA,2021,North America,46786.0,26896.617,1659.0846,1685.247,1.7320055
Saint Lucia,LCA,2000,North America,158624.0,18638.117,452.79962,,1.8487166
Saint Lucia,LCA,2001,North America,160247.0,17820.797,465.9597,,1.8440351
Saint Lucia,LCA,2002,North America,161655.0,17739.576,495.64716,452.79962,1.8425205
Saint Lucia,LCA,2003,North America,162985.0,18344.592,508.3379,465.9597,1.8440621
Saint Lucia,LCA,2004,North America,164250.0,19526.445,505.50613,495.64716,1.8469374
Saint Lucia,LCA,2005,North America,165460.0,19303.992,525.47156,508.3379,1.851617
Saint Lucia,LCA,2006,North America,166657.0,20353.654,602.4177,505.50613,1.8578217
Saint Lucia,LCA,2007,North America,167766.0,20559.898,673.3361,525.47156,1.8633152
Saint Lucia,LCA,2008,North America,168816.0,21443.26,655.1007,602.4177,1.8700438
Saint Lucia,LCA,2009,North America,169880.0,20706.506,659.8849,673.3361,1.8758824
Saint Lucia,LCA,2010,North America,170921.0,20648.785,642.568,655.1007,1.8800977
Saint Lucia,LCA,2011,North America,171814.0,21430.023,682.0524,659.8849,1.8827393
Saint Lucia,LCA,2012,North America,172595.0,21309.225,662.0799,642.568,1.883875
Saint Lucia,LCA,2013,North America,173380.0,20827.29,710.44946,682.0524,1.8823228
Saint Lucia,LCA,2014,North America,174145.0,21010.697,674.6143,662.0799,1.8788742
Saint Lucia,LCA,2015,North America,174919.0,20939.88,657.23694,710.44946,1.8729041
Saint Lucia,LCA,2016,North America,175651.0,21566.307,690.47,674.6143,1.8637213
Saint Lucia,LCA,2017,North America,176352.0,22207.213,718.74005,657.23694,1.8519199
Saint Lucia,LCA,2018,North America,177032.0,22761.162,744.91565,690.47,1.8391191
Saint Lucia,LCA,2019,North America,177675.0,22445.209,802.7613,718.74005,1.8229791
Saint Lucia,LCA,2020,North America,178261.0,17247.957,1045.3789,744.91565,1.8057932
Saint Lucia,LCA,2021,North America,178540.0,19141.328,1196.0072,802.7613,1.7858909
Saint Vincent and the Grenadines,VCT,2000,North America,113561.0,9999.059,271.34143,,2.2560303
Saint Vincent and the Grenadines,VCT,2001,North America,113506.0,10177.81,284.1437,,2.256979
Saint Vincent and the Grenadines,VCT,2002,North America,113365.0,10736.088,310.1371,271.34143,2.2578297
Saint Vincent and the Grenadines,VCT,2003,North America,113149.0,11475.331,328.1807,284.1437,2.2619066
Saint Vincent and the Grenadines,VCT,2004,North America,112856.0,11979.907,343.61484,310.1371,2.2687063
Saint Vincent and the Grenadines,VCT,2005,North America,112465.0,12320.071,361.19513,328.1807,2.2753873
Saint Vincent and the Grenadines,VCT,2006,North America,112027.0,13233.407,381.21292,343.61484,2.2776105
Saint Vincent and the Grenadines,VCT,2007,North America,111544.0,13732.362,424.78088,361.19513,2.26995
Saint Vincent and the Grenadines,VCT,2008,North America,111047.0,13850.394,423.1497,381.21292,2.2445223
Saint Vincent and the Grenadines,VCT,2009,North America,110521.0,13723.784,444.93848,424.78088,2.200625
Saint Vincent and the Grenadines,VCT,2010,North America,109974.0,13175.723,454.4329,423.1497,2.140499
Saint Vincent and the Grenadines,VCT,2011,North America,109367.0,13168.896,455.7832,444.93848,2.0701423
Saint Vincent and the Grenadines,VCT,2012,North America,108753.0,13397.963,489.0152,454.4329,1.9902772
Saint Vincent and the Grenadines,VCT,2013,North America,108156.0,13804.184,493.13562,455.7832,1.9060985
Saint Vincent and the Grenadines,VCT,2014,North America,107555.0,14040.246,506.71594,489.0152,1.8209945
Saint Vincent and the Grenadines,VCT,2015,North America,106975.0,14508.861,509.35236,493.13562,1.737404
Saint Vincent and the Grenadines,VCT,2016,North America,106365.0,15197.748,552.7556,506.71594,1.65628
Saint Vincent and the Grenadines,VCT,2017,North America,105674.0,15533.222,574.2439,509.35236,1.5766987
Saint Vincent and the Grenadines,VCT,2018,North America,104939.0,16139.066,624.9083,552.7556,1.5000741
Saint Vincent and the Grenadines,VCT,2019,North America,104183.0,16365.325,652.9506,574.2439,1.427085
Saint Vincent and the Grenadines,VCT,2020,North America,103540.0,15763.705,746.25604,624.9083,1.3585212
Saint Vincent and the Grenadines,VCT,2021,North America,102848.0,16200.899,852.64246,652.9506,1.2922006
Samoa,WSM,2000,Oceania,181695.0,4639.189,134.44733,,2.0958374
Samoa,WSM,2001,Oceania,183174.0,4941.7485,130.59477,,2.0302823
Samoa,WSM,2002,Oceania,184482.0,5184.1187,163.76257,134.44733,1.9783089
Samoa,WSM,2003,Oceania,185447.0,5426.139,162.31592,130.59477,1.9405532
Samoa,WSM,2004,Oceania,186265.0,5569.061,185.50008,163.76257,1.9149289
Samoa,WSM,2005,Oceania,186993.0,5915.6475,208.18312,162.31592,1.9012822
Samoa,WSM,2006,Oceania,187724.0,6018.248,230.03297,185.50008,1.8964889
Samoa,WSM,2007,Oceania,188766.0,6014.047,229.3154,208.18312,1.8986717
Samoa,WSM,2008,Oceania,190117.0,6183.5557,229.70311,230.03297,1.9028567
Samoa,WSM,2009,Oceania,191530.0,6104.9097,258.03085,229.3154,2.5328095
Samoa,WSM,2010,Oceania,193035.0,6428.1353,269.38367,229.70311,1.9052807
Samoa,WSM,2011,Oceania,194726.0,6617.6187,295.70712,258.03085,1.8968889
Samoa,WSM,2012,Oceania,196518.0,6312.7695,266.30954,269.38367,1.8847257
Samoa,WSM,2013,Oceania,198284.0,6263.126,335.01907,295.70712,1.8661426
Samoa,WSM,2014,Oceania,200051.0,6248.7056,347.77432,266.30954,1.8466766
Samoa,WSM,2015,Oceania,201794.0,6433.184,341.68405,335.01907,1.827347
Samoa,WSM,2016,Oceania,203509.0,6888.1875,346.3879,347.77432,1.8066758
Samoa,WSM,2017,Oceania,205423.0,6919.9023,324.33044,341.68405,1.7819111
Samoa,WSM,2018,Oceania,207595.0,6805.917,301.65805,346.3879,1.748925
Samoa,WSM,2019,Oceania,209794.0,7034.4224,374.88614,324.33044,2.0003812
Samoa,WSM,2020,Oceania,211957.0,6746.1567,392.89798,301.65805,1.6686066
Samoa,WSM,2021,Oceania,213792.0,6350.9277,447.09918,374.88614,1.6227962
San Marino,SMR,2000,Europe,26823.0,77149.42,2873.4043,,0.5249696
San Marino,SMR,2001,Europe,27173.0,80420.77,3035.4229,,0.48375013
San Marino,SMR,2002,Europe,27515.0,79649.53,2803.4253,2873.4043,0.4469716
San Marino,SMR,2003,Europe,27871.0,81688.38,2607.092,3035.4229,0.41387716
San Marino,SMR,2004,Europe,28230.0,80724.81,2734.1465,2803.4253,0.3834655
San Marino,SMR,2005,Europe,28600.0,81632.18,2823.124,2607.092,0.3564497
San Marino,SMR,2006,Europe,28966.0,83781.55,3111.1187,2734.1465,0.3324954
San Marino,SMR,2007,Europe,29334.0,86785.02,3385.4187,2823.124,0.31070897
San Marino,SMR,2008,Europe,29721.0,85120.29,3768.1904,3111.1187,0.2912008
San Marino,SMR,2009,Europe,30115.0,73093.836,3899.6096,3385.4187,0.27286735
San Marino,SMR,2010,Europe,30648.0,68669.26,3596.0583,3768.1904,0.2561576
San Marino,SMR,2011,Europe,32194.0,64214.12,4138.019,3899.6096,0.24174313
San Marino,SMR,2012,Europe,33494.0,58176.38,4246.475,3596.0583,0.22691025
San Marino,SMR,2013,Europe,33641.0,58467.98,3964.8828,4138.019,0.21368727
San Marino,SMR,2014,Europe,33753.0,58743.586,4032.5684,4246.475,0.20168744
San Marino,SMR,2015,Europe,33927.0,59647.66,3998.1895,3964.8828,0.19053271
San Marino,SMR,2016,Europe,34188.0,60669.824,4329.292,4032.5684,0.18024336
San Marino,SMR,2017,Europe,34405.0,59524.562,4263.174,3998.1895,0.17022221
San Marino,SMR,2018,Europe,34557.0,59194.043,4508.4155,4329.292,0.1615157
San Marino,SMR,2019,Europe,34674.0,60171.05,4686.139,4263.174,0.1537583
San Marino,SMR,2020,Europe,34796.0,55998.074,4681.0996,4508.4155,0.14694326
San Marino,SMR,2021,Europe,34599.0,64745.133,4825.5303,4686.139,0.14089832
Sao Tome and Principe,STP,2000,Africa,144029.0,3852.8904,163.70549,,8.216721
Sao Tome and Principe,STP,2001,Africa,146386.0,3907.0193,174.42825,,7.666599
Sao Tome and Principe,STP,2002,Africa,149932.0,3942.7605,174.62915,163.70549,7.1063337
Sao Tome and Principe,STP,2003,Africa,153824.0,4161.638,223.21964,174.42825,6.5664053
Sao Tome and Principe,STP,2004,Africa,157721.0,4202.562,217.16626,174.62915,6.050448
Sao Tome and Principe,STP,2005,Africa,161650.0,4371.497,225.84563,223.21964,5.566216
Sao Tome and Principe,STP,2006,Africa,165651.0,4644.1807,170.19899,217.16626,5.1097603
Sao Tome and Principe,STP,2007,Africa,169709.0,4698.084,173.72987,225.84563,4.6876073
Sao Tome and Principe,STP,2008,Africa,173808.0,4873.181,159.35835,170.19899,4.3056026
Sao Tome and Principe,STP,2009,Africa,177866.0,4919.1953,155.97005,173.72987,3.9526052
Sao Tome and Principe,STP,2010,Africa,181810.0,4882.048,158.17316,159.35835,3.6237195
Sao Tome and Principe,STP,2011,Africa,185665.0,4876.473,156.93404,155.97005,3.322539
Sao Tome and Principe,STP,2012,Africa,189452.0,4919.5527,201.81787,158.17316,3.0423214
Sao Tome and Principe,STP,2013,Africa,193158.0,5072.112,267.4788,156.93404,2.7894073
Sao Tome and Principe,STP,2014,Africa,196780.0,5223.0957,248.06418,201.81787,2.5515623
Sao Tome and Principe,STP,2015,Africa,200308.0,5210.2036,206.12692,267.4788,2.3339987
Sao Tome and Principe,STP,2016,Africa,203702.0,5388.5093,250.4819,248.06418,2.133071
Sao Tome and Principe,STP,2017,Africa,206986.0,5521.2026,256.54123,206.12692,1.9606938
Sao Tome and Principe,STP,2018,Africa,210198.0,5674.7236,233.27583,250.4819,1.8205814
Sao Tome and Principe,STP,2019,Africa,213405.0,5702.0835,255.16005,256.54123,1.7054281
Sao Tome and Principe,STP,2020,Africa,217450.0,5742.9473,376.61847,233.27583,1.6126821
Sao Tome and Principe,STP,2021,Africa,221975.0,5732.6943,450.54034,255.16005,1.5333192
Saudi Arabia,SAU,2000,Asia,16177733.0,55962.266,2050.5916,,2.1897585
Saudi Arabia,SAU,2001,Asia,17041405.0,53309.113,2115.9873,,2.0624225
Saudi Arabia,SAU,2002,Asia,17910909.0,50371.977,1933.8328,2050.5916,1.9439648
Saudi Arabia,SAU,2003,Asia,18786771.0,52234.65,1914.8682,2115.9873,1.8358268
Saudi Arabia,SAU,2004,Asia,19669486.0,54196.55,1837.6388,1933.8328,1.7319309
Saudi Arabia,SAU,2005,Asia,20559886.0,54931.793,1832.3513,1914.8682,1.6338702
Saudi Arabia,SAU,2006,Asia,21459141.0,54373.74,1979.3516,1837.6388,1.54193
Saudi Arabia,SAU,2007,Asia,22368313.0,53318.418,1962.1624,1832.3513,1.4540008
Saudi Arabia,SAU,2008,Asia,23287884.0,54407.707,1702.0808,1979.3516,1.3703041
Saudi Arabia,SAU,2009,Asia,24217656.0,51760.766,2352.815,1962.1624,1.2896907
Saudi Arabia,SAU,2010,Asia,25157134.0,54911.547,2047.3647,1702.0808,1.2144402
Saudi Arabia,SAU,2011,Asia,26105636.0,58645.445,2256.0898,2352.815,1.1434951
Saudi Arabia,SAU,2012,Asia,27062447.0,59471.7,2474.1863,2047.3647,1.0761961
Saudi Arabia,SAU,2013,Asia,28026825.0,57998.465,2655.6702,2256.0898,1.0139669
Saudi Arabia,SAU,2014,Asia,28998127.0,58872.266,3068.852,2474.1863,0.955297
Saudi Arabia,SAU,2015,Asia,29974944.0,58498.54,3036.1897,2655.6702,0.90124154
Saudi Arabia,SAU,2016,Asia,30717804.0,57308.45,3034.695,3068.852,0.8504471
Saudi Arabia,SAU,2017,Asia,30782400.0,57942.547,3109.8555,3036.1897,0.80362916
Saudi Arabia,SAU,2018,Asia,30365119.0,61359.465,3011.3037,3034.695,0.7613528
Saudi Arabia,SAU,2019,Asia,30472809.0,62647.73,3030.8167,3109.8555,0.72487
Saudi Arabia,SAU,2020,Asia,30991206.0,57420.734,3074.4038,3011.3037,0.6935116
Saudi Arabia,SAU,2021,Asia,31328374.0,62690.496,3249.8186,3030.8167,0.6664123
Senegal,SEN,2000,Africa,9968262.0,3093.2878,69.69929,,12.886983
Senegal,SEN,2001,Africa,10212941.0,3149.331,75.244194,,12.172379
Senegal,SEN,2002,Africa,10466216.0,3075.2317,80.11739,69.69929,11.315318
Senegal,SEN,2003,Africa,10721176.0,3170.035,91.54868,75.244194,10.41581
Senegal,SEN,2004,Africa,10975711.0,3240.302,102.16648,80.11739,9.550586
Senegal,SEN,2005,Africa,11235473.0,3301.8208,86.36199,91.54868,8.760405
Senegal,SEN,2006,Africa,11500094.0,3301.0315,91.15263,102.16648,8.076615
Senegal,SEN,2007,Africa,11770348.0,3316.4204,85.35079,86.36199,7.4967184
Senegal,SEN,2008,Africa,12048963.0,3359.7056,90.50262,91.15263,7.0101595
Senegal,SEN,2009,Africa,12337390.0,3371.4617,100.10074,85.35079,6.6114364
Senegal,SEN,2010,Africa,12635418.0,3403.5671,107.23622,90.50262,6.276147
Senegal,SEN,2011,Africa,12958902.0,3362.8794,113.148285,100.10074,5.995981
Senegal,SEN,2012,Africa,13310499.0,3405.1086,117.947716,107.23622,5.7552423
Senegal,SEN,2013,Africa,13710857.0,3385.426,121.43087,113.148285,5.5492997
Senegal,SEN,2014,Africa,14152103.0,3484.0122,125.271255,117.947716,5.3742876
Senegal,SEN,2015,Africa,14593335.0,3593.7947,131.08649,121.43087,5.221184
Senegal,SEN,2016,Africa,15034517.0,3710.0554,131.98595,125.271255,5.0818696
Senegal,SEN,2017,Africa,15475001.0,3871.4514,134.66568,131.08649,4.944252
Senegal,SEN,2018,Africa,15914495.0,3998.2864,149.8051,131.98595,4.7920494
Senegal,SEN,2019,Africa,16352926.0,4070.6123,163.98843,134.66568,4.616034
Senegal,SEN,2020,Africa,16789217.0,4018.0413,193.06787,149.8051,4.4242244
Senegal,SEN,2021,Africa,17220866.0,4173.6772,185.744,163.98843,4.216766
Serbia,SRB,2000,Europe,7694608.0,11105.949,371.95096,,1.2659445
Serbia,SRB,2001,Europe,7651927.0,11879.177,421.17038,,1.2060965
Serbia,SRB,2002,Europe,7616741.0,12661.939,548.1067,371.95096,1.1368452
Serbia,SRB,2003,Europe,7590946.0,13273.69,585.4226,421.17038,1.0555288
Serbia,SRB,2004,Europe,7565843.0,14194.365,664.98303,548.1067,0.9711022
Serbia,SRB,2005,Europe,7539139.0,15077.559,759.0367,585.4226,0.8974649
Serbia,SRB,2006,Europe,7511395.0,15727.403,865.5233,664.98303,0.8465134
Serbia,SRB,2007,Europe,7482996.0,17028.086,1051.5186,759.0367,0.8143921
Serbia,SRB,2008,Europe,7454285.0,17983.281,1195.3458,865.5233,0.7933724
Serbia,SRB,2009,Europe,7425346.0,17488.123,1169.1594,1051.5186,0.7763697
Serbia,SRB,2010,Europe,7395872.0,17841.432,1216.5818,1195.3458,0.7590928
Serbia,SRB,2011,Europe,7364858.0,17986.584,1249.8495,1169.1594,0.73744553
Serbia,SRB,2012,Europe,7324624.0,17993.814,1296.6119,1216.5818,0.71174127
Serbia,SRB,2013,Europe,7276183.0,18163.205,1359.0089,1249.8495,0.68389475
Serbia,SRB,2014,Europe,7227203.0,17922.436,1352.3495,1296.6119,0.65546936
Serbia,SRB,2015,Europe,7177257.0,18247.809,1312.5112,1359.0089,0.62949157
Serbia,SRB,2016,Europe,7126083.0,18889.38,1338.0012,1352.3495,0.6081501
Serbia,SRB,2017,Europe,7073507.0,19438.992,1361.7305,1312.5112,0.59065807
Serbia,SRB,2018,Europe,7020014.0,20454.227,1507.5636,1338.0012,0.5760573
Serbia,SRB,2019,Europe,6966155.0,21541.127,1701.6577,1361.7305,0.5630215
Serbia,SRB,2020,Europe,6907814.0,21479.078,1738.4812,1507.5636,0.55162853
Serbia,SRB,2021,Europe,6835429.0,23406.307,2149.7366,1701.6577,0.5417548
Seychelles,SYC,2000,Africa,83339.0,20633.674,617.63245,,1.3776069
Seychelles,SYC,2001,Africa,84621.0,20147.418,599.5622,,1.3756287
Seychelles,SYC,2002,Africa,85878.0,19777.752,560.195,617.63245,1.3746092
Seychelles,SYC,2003,Africa,87056.0,18825.22,614.4466,599.5622,1.3756853
Seychelles,SYC,2004,Africa,88175.0,18356.47,580.9865,560.195,1.3775517
Seychelles,SYC,2005,Africa,89288.0,19917.12,614.6241,614.4466,1.3805068
Seychelles,SYC,2006,Africa,90391.0,21341.86,667.0736,580.9865,1.3840855
Seychelles,SYC,2007,Africa,91483.0,23117.855,658.8088,614.6241,1.3893503
Seychelles,SYC,2008,Africa,92563.0,21990.37,615.6941,667.0736,1.394878
Seychelles,SYC,2009,Africa,93644.0,21361.13,588.7232,658.8088,1.4011269
Seychelles,SYC,2010,Africa,94993.0,21708.756,780.3269,615.6941,1.4088676
Seychelles,SYC,2011,Africa,97041.0,24406.412,822.2367,588.7232,1.4185153
Seychelles,SYC,2012,Africa,99565.0,24919.955,1015.9962,780.3269,1.428063
Seychelles,SYC,2013,Africa,102108.0,24770.652,832.78864,822.2367,1.4378808
Seychelles,SYC,2014,Africa,104663.0,25379.418,967.5586,1015.9962,1.4475031
Seychelles,SYC,2015,Africa,107247.0,27032.209,940.5098,832.78864,1.4564329
Seychelles,SYC,2016,Africa,109836.0,29905.135,1170.7449,967.5586,1.4650291
Seychelles,SYC,2017,Africa,112443.0,31595.668,1170.6226,940.5098,1.4714419
Seychelles,SYC,2018,Africa,115053.0,32841.426,1192.285,1170.7449,1.4786745
Seychelles,SYC,2019,Africa,117662.0,34346.07,1207.5449,1170.6226,1.4833219
Seychelles,SYC,2020,Africa,120299.0,30056.2,1483.8202,1192.285,1.4828987
Seychelles,SYC,2021,Africa,123000.0,29979.828,1260.3082,1207.5449,1.4722313
Sierra Leone,SLE,2000,Africa,4423615.0,1981.5061,87.05183,,22.283745
Sierra Leone,SLE,2001,Africa,4692715.0,1749.3508,53.92687,,21.726433
Sierra Leone,SLE,2002,Africa,4971435.0,2089.2615,69.519455,87.05183,21.16481
Sierra Leone,SLE,2003,Africa,5177686.0,2196.2812,68.44024,53.92687,20.572523
Sierra Leone,SLE,2004,Africa,5355715.0,2260.8381,75.79257,69.519455,19.956007
Sierra Leone,SLE,2005,Africa,5501707.0,2296.6577,81.087425,68.44024,19.322144
Sierra Leone,SLE,2006,Africa,5624464.0,2342.7546,86.64439,75.79257,18.653559
Sierra Leone,SLE,2007,Africa,5749353.0,2377.8054,90.593445,81.087425,17.955515
Sierra Leone,SLE,2008,Africa,5894728.0,2404.652,98.54202,86.64439,17.243534
Sierra Leone,SLE,2009,Africa,6055655.0,2376.5825,109.47619,90.593445,16.515282
Sierra Leone,SLE,2010,Africa,6222715.0,2459.768,106.76479,98.54202,15.787974
Sierra Leone,SLE,2011,Africa,6387258.0,2590.5283,133.20248,109.47619,15.077157
Sierra Leone,SLE,2012,Africa,6551078.0,2792.9263,128.50502,106.76479,14.409252
Sierra Leone,SLE,2013,Africa,6714057.0,3124.7283,205.28001,133.20248,13.792509
Sierra Leone,SLE,2014,Africa,6876385.0,2812.5283,354.8588,128.50502,13.5927725
Sierra Leone,SLE,2015,Africa,7037660.0,2628.1707,315.22684,205.28001,13.675173
Sierra Leone,SLE,2016,Africa,7205339.0,2732.261,262.82574,354.8588,12.17537
Sierra Leone,SLE,2017,Africa,7379300.0,2753.4272,152.09753,315.22684,11.69748
Sierra Leone,SLE,2018,Africa,7554568.0,2767.3801,139.92606,262.82574,11.244414
Sierra Leone,SLE,2019,Africa,7731994.0,2852.6626,154.27423,152.09753,10.826902
Sierra Leone,SLE,2020,Africa,7912557.0,2752.6262,154.03929,139.92606,10.4354315
Sierra Leone,SLE,2021,Africa,8094603.0,2849.3887,144.49907,154.27423,10.0631695
Singapore,SGP,2000,Asia,4035251.0,68904.125,1461.0946,,0.3850278
Singapore,SGP,2001,Asia,4116169.0,66352.15,1370.7914,,0.36103046
Singapore,SGP,2002,Asia,4146898.0,68328.93,1524.7134,1461.0946,0.33918828
Singapore,SGP,2003,Asia,4138241.0,72497.87,1749.4739,1370.7914,0.32081464
Singapore,SGP,2004,Asia,4172767.0,78712.53,1710.6917,1524.7134,0.30653414
Singapore,SGP,2005,Asia,4268363.0,82547.484,1783.3739,1749.4739,0.2963966
Singapore,SGP,2006,Asia,4407064.0,87210.05,1877.5883,1710.6917,0.2897799
Singapore,SGP,2007,Asia,4596516.0,91198.15,1948.9755,1783.3739,0.2860547
Singapore,SGP,2008,Asia,4806742.0,88083.29,2178.771,1877.5883,0.28410804
Singapore,SGP,2009,Asia,4968574.0,85575.76,2255.672,1948.9755,0.28297025
Singapore,SGP,2010,Asia,5077020.0,96280.016,2411.372,2178.771,0.28192693
Singapore,SGP,2011,Asia,5182242.0,100153.73,2525.494,2255.672,0.28017795
Singapore,SGP,2012,Asia,5293345.0,102061.12,2739.0518,2411.372,0.27789328
Singapore,SGP,2013,Asia,5385589.0,105259.695,3067.2312,2525.494,0.27522707
Singapore,SGP,2014,Asia,5457899.0,107990.89,3280.5015,2739.0518,0.2718718
Singapore,SGP,2015,Asia,5525343.0,109894.04,3650.0352,3067.2312,0.26825398
Singapore,SGP,2016,Asia,5577936.0,112719.945,3958.3237,3280.5015,0.26396888
Singapore,SGP,2017,Asia,5604087.0,117492.97,4180.3276,3650.0352,0.25896037
Singapore,SGP,2018,Asia,5634366.0,120668.89,4237.4097,3958.3237,0.2525555
Singapore,SGP,2019,Asia,5669562.0,120678.34,4670.4624,4180.3276,0.24663505
Singapore,SGP,2020,Asia,5620151.0,116684.21,5854.304,4237.4097,0.24338004
Singapore,SGP,2021,Asia,5546291.0,133990.19,6710.3906,4670.4624,0.24410252
Sint Maarten (Dutch part),SXM,2009,,,50980.94,,,
Sint Maarten (Dutch part),SXM,2010,,,52140.6,,,
Sint Maarten (Dutch part),SXM,2011,,,53786.246,,,
Sint Maarten (Dutch part),SXM,2012,,,53357.004,,,
Sint Maarten (Dutch part),SXM,2013,,,52801.402,,,
Sint Maarten (Dutch part),SXM,2014,,,52439.473,,,
Sint Maarten (Dutch part),SXM,2015,,,51375.6,,,
Sint Maarten (Dutch part),SXM,2016,,,50817.68,,,
Sint Maarten (Dutch part),SXM,2017,,,46088.36,,,
Sint Maarten (Dutch part),SXM,2018,,,42154.1,,,
Sint Maarten (Dutch part),SXM,2019,,,45996.793,,,
Sint Maarten (Dutch part),SXM,2020,,,39265.76,,,
Sint Maarten (Dutch part),SXM,2021,,,40507.066,,,
Slovakia,SVK,2000,Europe,5380001.0,18335.684,602.2163,,0.9637021
Slovakia,SVK,2001,Europe,5379439.0,18906.602,660.5646,,0.9330478
Slovakia,SVK,2002,Europe,5377685.0,19748.932,733.15466,602.2163,0.90755385
Slovakia,SVK,2003,Europe,5376197.0,20721.713,772.48535,660.5646,0.8834203
Slovakia,SVK,2004,Europe,5376038.0,21842.957,970.30835,733.15466,0.85840327
Slovakia,SVK,2005,Europe,5376697.0,23257.176,1096.3446,772.48535,0.8309138
Slovakia,SVK,2006,Europe,5376847.0,25331.873,1295.7794,970.30835,0.8005389
Slovakia,SVK,2007,Europe,5376993.0,28064.246,1523.9608,1096.3446,0.7689451
Slovakia,SVK,2008,Europe,5379127.0,29544.09,1651.4254,1295.7794,0.7388189
Slovakia,SVK,2009,Europe,5385074.0,27880.41,1835.7092,1523.9608,0.7114415
Slovakia,SVK,2010,Europe,5391857.0,29745.92,1947.5238,1651.4254,0.68820554
Slovakia,SVK,2011,Europe,5398105.0,30468.826,1918.6359,1835.7092,0.66980904
Slovakia,SVK,2012,Europe,5404877.0,30894.312,2035.4479,1947.5238,0.65538794
Slovakia,SVK,2013,Europe,5410422.0,31078.186,2101.0718,1918.6359,0.6431357
Slovakia,SVK,2014,Europe,5415238.0,31888.805,1999.3917,2035.4479,0.6317309
Slovakia,SVK,2015,Europe,5420278.0,33507.793,2033.7666,2101.0718,0.6210369
Slovakia,SVK,2016,Europe,5427262.0,34116.45,2110.6892,1999.3917,0.61054426
Slovakia,SVK,2017,Europe,5435702.0,35042.785,2038.1744,2033.7666,0.6014289
Slovakia,SVK,2018,Europe,5443229.0,36415.793,2092.6384,2110.6892,0.59490645
Slovakia,SVK,2019,Europe,5450627.0,37194.21,2350.366,2038.1744,0.5922382
Slovakia,SVK,2020,Europe,5455028.0,36201.49,2494.687,2092.6384,0.5932891
Slovakia,SVK,2021,Europe,5442766.0,38330.305,2918.5466,2350.366,0.5982435
Slovenia,SVN,2000,Europe,1986817.0,30061.207,1405.8325,,0.5445944
Slovenia,SVN,2001,Europe,1989684.0,30862.896,1494.2794,,0.51632035
Slovenia,SVN,2002,Europe,1991571.0,31836.521,1624.0223,1405.8325,0.49032083
Slovenia,SVN,2003,Europe,1992499.0,32833.906,1710.5532,1494.2794,0.46563992
Slovenia,SVN,2004,Europe,1993548.0,34304.555,1807.6973,1624.0223,0.44214427
Slovenia,SVN,2005,Europe,1996915.0,35565.043,1910.003,1710.5532,0.41933286
Slovenia,SVN,2006,Europe,2003116.0,37546.496,2015.6787,1807.6973,0.3971968
Slovenia,SVN,2007,Europe,2014159.0,40002.703,2079.3542,1910.003,0.37614784
Slovenia,SVN,2008,Europe,2025090.0,41286.348,2338.0967,2015.6787,0.35611635
Slovenia,SVN,2009,Europe,2035610.0,37809.17,2360.33,2079.3542,0.33761367
Slovenia,SVN,2010,Europe,2044611.0,38063.316,2384.84,2338.0967,0.3207526
Slovenia,SVN,2011,Europe,2048805.0,38233.29,2472.8967,2360.33,0.30567318
Slovenia,SVN,2012,Europe,2053322.0,37040.707,2533.1604,2384.84,0.2923179
Slovenia,SVN,2013,Europe,2056452.0,36685.75,2621.224,2472.8967,0.28057483
Slovenia,SVN,2014,Europe,2058395.0,37662.258,2625.7021,2533.1604,0.270391
Slovenia,SVN,2015,Europe,2059946.0,38534.645,2689.4204,2621.224,0.26170018
Slovenia,SVN,2016,Europe,2061379.0,39674.895,2878.2903,2625.7021,0.25454655
Slovenia,SVN,2017,Europe,2062410.0,41700.652,2988.784,2689.4204,0.2487547
Slovenia,SVN,2018,Europe,2069484.0,43369.223,3236.614,2878.2903,0.24398506
Slovenia,SVN,2019,Europe,2083438.0,44577.94,3642.5874,2988.784,0.24013089
Slovenia,SVN,2020,Europe,2102421.0,42471.523,3976.0505,3236.614,0.23684223
Slovenia,SVN,2021,Europe,2113495.0,45922.664,4372.4775,3642.5874,0.23412156
Solomon Islands,SLB,2000,Oceania,440481.0,2277.1135,61.253857,,3.0546005
Solomon Islands,SLB,2001,Oceania,449137.0,2055.5376,77.34662,,3.017495
Solomon Islands,SLB,2002,Oceania,457676.0,1960.675,114.63224,61.253857,2.984666
Solomon Islands,SLB,2003,Oceania,466164.0,2050.5713,85.60438,77.34662,2.9565892
Solomon Islands,SLB,2004,Oceania,474618.0,2168.7837,102.15947,114.63224,2.932429
Solomon Islands,SLB,2005,Oceania,483090.0,2287.5667,131.7103,85.60438,2.9054706
Solomon Islands,SLB,2006,Oceania,491602.0,2340.9514,124.82459,102.15947,2.8754852
Solomon Islands,SLB,2007,Oceania,500168.0,2384.6233,119.78837,131.7103,2.8405688
Solomon Islands,SLB,2008,Oceania,508802.0,2490.102,98.63776,124.82459,2.8017573
Solomon Islands,SLB,2009,Oceania,518150.0,2515.2131,122.06422,119.78837,2.7600012
Solomon Islands,SLB,2010,Oceania,532976.0,2682.629,96.05609,98.63776,2.7150555
Solomon Islands,SLB,2011,Oceania,552958.0,2777.8345,114.487885,122.06422,2.6684701
Solomon Islands,SLB,2012,Oceania,573623.0,2743.81,113.25491,96.05609,2.6229181
Solomon Islands,SLB,2013,Oceania,594952.0,2783.9485,109.67529,114.487885,2.5784187
Solomon Islands,SLB,2014,Oceania,616915.0,2716.77,116.241425,113.25491,2.5367925
Solomon Islands,SLB,2015,Oceania,639423.0,2665.0662,104.81958,109.67529,2.4961724
Solomon Islands,SLB,2016,Oceania,662387.0,2715.5815,109.66459,116.241425,2.4559827
Solomon Islands,SLB,2017,Oceania,685677.0,2704.0098,102.226616,104.81958,2.412842
Solomon Islands,SLB,2018,Oceania,709109.0,2686.4631,96.376724,109.66459,2.3626401
Solomon Islands,SLB,2019,Oceania,728156.0,2661.9578,111.4644,102.226616,2.3106036
Solomon Islands,SLB,2020,Oceania,744505.0,2515.4636,117.734375,96.376724,2.250705
Solomon Islands,SLB,2021,Oceania,762594.0,2450.184,124.60835,111.4644,2.1907554
Somalia,SOM,2000,Africa,8838714.0,702.8501,,,17.323002
Somalia,SOM,2001,Africa,9198495.0,723.37976,,,17.323002
Somalia,SOM,2002,Africa,9550069.0,749.9136,,,17.323002
Somalia,SOM,2003,Africa,9909161.0,777.8846,,,17.323002
Somalia,SOM,2004,Africa,10281001.0,803.05975,,,17.323002
Somalia,SOM,2005,Africa,10644234.0,830.80725,,,17.318445
Somalia,SOM,2006,Africa,10975502.0,857.99365,,,17.257626
Somalia,SOM,2007,Africa,11322581.0,887.3693,,,17.053204
Somalia,SOM,2008,Africa,11663090.0,919.1321,,,16.671535
Somalia,SOM,2009,Africa,11961205.0,956.22034,,,16.23886
Somalia,SOM,2010,Africa,12261761.0,995.2256,,,18.671534
Somalia,SOM,2011,Africa,12348829.0,1054.3622,,,36.30906
Somalia,SOM,2012,Africa,12461163.0,1114.8042,,,18.536926
Somalia,SOM,2013,Africa,12869599.0,1197.7217,30.924177,,14.321935
Somalia,SOM,2014,Africa,13339497.0,1259.2743,34.5342,,13.86213
Somalia,SOM,2015,Africa,13806969.0,1343.9252,42.495403,30.924177,13.431153
Somalia,SOM,2016,Africa,14348741.0,1384.1552,37.48673,34.5342,13.019633
Somalia,SOM,2017,Africa,14916630.0,1527.6603,42.24442,42.495403,15.643854
Somalia,SOM,2018,Africa,15452489.0,1504.9791,39.48561,37.48673,13.636609
Somalia,SOM,2019,Africa,16030969.0,1491.2949,36.11472,42.24442,11.836812
Somalia,SOM,2020,Africa,16651200.0,1396.0554,33.884666,39.48561,11.470122
Somalia,SOM,2021,Africa,17271435.0,1392.3179,35.541676,36.11472,11.099984
South Africa,ZAF,2000,Africa,47159715.0,11183.825,593.92084,,7.1368866
South Africa,ZAF,2001,Africa,47566805.0,11387.492,600.3727,,7.454798
South Africa,ZAF,2002,Africa,48019414.0,11697.565,587.131,593.92084,7.696911
South Africa,ZAF,2003,Africa,48500351.0,11923.121,643.4632,600.3727,7.9201713
South Africa,ZAF,2004,Africa,48991420.0,12341.21,673.9732,587.131,8.068987
South Africa,ZAF,2005,Africa,49490041.0,12861.563,716.4522,643.4632,7.9751744
South Africa,ZAF,2006,Africa,49998271.0,13444.233,773.61957,673.9732,7.6873217
South Africa,ZAF,2007,Africa,50528575.0,14016.244,831.83154,716.4522,7.1227083
South Africa,ZAF,2008,Africa,51114595.0,14297.688,895.3463,773.61957,6.374162
South Africa,ZAF,2009,Africa,51728518.0,13910.702,937.9264,831.83154,5.68533
South Africa,ZAF,2010,Africa,52344047.0,14164.996,984.89764,895.3463,5.0253577
South Africa,ZAF,2011,Africa,52995212.0,14434.261,1044.1405,937.9264,4.5575895
South Africa,ZAF,2012,Africa,53782570.0,14563.763,1039.5009,984.89764,4.3051524
South Africa,ZAF,2013,Africa,54678789.0,14681.097,1083.3556,1044.1405,4.1390734
South Africa,ZAF,2014,Africa,55594840.0,14643.339,1051.5311,1039.5009,3.974874
South Africa,ZAF,2015,Africa,56723536.0,14541.675,1078.9084,1083.3556,3.819988
South Africa,ZAF,2016,Africa,57259550.0,14501.281,1092.3065,1051.5311,3.6838477
South Africa,ZAF,2017,Africa,57635158.0,14573.598,1095.931,1078.9084,3.5705245
South Africa,ZAF,2018,Africa,58613001.0,14553.562,1078.7294,1092.3065,3.4889238
South Africa,ZAF,2019,Africa,59587880.0,14352.67,1101.8588,1095.931,3.4329576
South Africa,ZAF,2020,Africa,60562374.0,13250.566,1143.1525,1078.7294,3.3891077
South Africa,ZAF,2021,Africa,61502602.0,13681.955,1188.0154,1101.8588,3.3969905
South Korea,KOR,2000,Asia,46766660.0,26404.158,718.4442,,0.75528926
South Korea,KOR,2001,Asia,47043467.0,27440.656,858.2952,,0.7156219
South Korea,KOR,2002,Asia,47299118.0,29395.277,872.9941,718.4442,0.67721814
South Korea,KOR,2003,Asia,47514158.0,30142.46,1031.2697,858.2952,0.63811314
South Korea,KOR,2004,Asia,47697076.0,31579.527,1102.665,872.9941,0.5980782
South Korea,KOR,2005,Asia,47851646.0,32886.047,1226.3981,1031.2697,0.55719393
South Korea,KOR,2006,Asia,48006518.0,34429.62,1398.6357,1102.665,0.51798165
South Korea,KOR,2007,Asia,48178122.0,36257.34,1516.2402,1226.3981,0.4832135
South Korea,KOR,2008,Asia,48356485.0,37064.152,1661.1074,1398.6357,0.45425215
South Korea,KOR,2009,Asia,48546690.0,37176.195,1774.5508,1516.2402,0.4307421
South Korea,KOR,2010,Asia,48769329.0,39574.05,1948.6875,1661.1074,0.4124098
South Korea,KOR,2011,Asia,49127640.0,40719.227,2036.7006,1774.5508,0.39762586
South Korea,KOR,2012,Asia,49599580.0,41537.67,2114.108,1948.6875,0.3847769
South Korea,KOR,2013,Asia,50071168.0,42709.977,2190.7786,2036.7006,0.37282202
South Korea,KOR,2014,Asia,50539055.0,43806.926,2322.112,2114.108,0.3615884
South Korea,KOR,2015,Asia,50983909.0,44849.105,2573.4229,2190.7786,0.35120207
South Korea,KOR,2016,Asia,51297836.0,46088.242,2760.9539,2322.112,0.3413423
South Korea,KOR,2017,Asia,51486268.0,47536.79,2926.7712,2573.4229,0.3318561
South Korea,KOR,2018,Asia,51640894.0,48834.445,3246.9868,2760.9539,0.32254347
South Korea,KOR,2019,Asia,51767844.0,49790.867,3578.3506,2926.7712,0.3135723
South Korea,KOR,2020,Asia,51858481.0,49374.094,3841.908,3246.9868,0.30507556
South Korea,KOR,2021,Asia,51848401.0,51718.25,4308.8735,3578.3506,0.297329
South Sudan,SSD,2000,Africa,6032274.0,,,,18.005327
South Sudan,SSD,2001,Africa,6308399.0,,,,17.10692
South Sudan,SSD,2002,Africa,6596810.0,,,,16.224007
South Sudan,SSD,2003,Africa,6903129.0,,,,15.373107
South Sudan,SSD,2004,Africa,7233040.0,,,,14.581439
South Sudan,SSD,2005,Africa,7590147.0,,,,13.840133
South Sudan,SSD,2006,Africa,7976532.0,,,,13.145137
South Sudan,SSD,2007,Africa,8388785.0,,,,12.485673
South Sudan,SSD,2008,Africa,8817645.0,,,,11.868072
South Sudan,SSD,2009,Africa,9243560.0,,,,11.267161
South Sudan,SSD,2010,Africa,9745955.0,,,,10.715783
South Sudan,SSD,2011,Africa,10288112.0,,,,10.233203
South Sudan,SSD,2012,Africa,10756245.0,,,,9.891558
South Sudan,SSD,2013,Africa,11166280.0,,,,9.717888
South Sudan,SSD,2014,Africa,11235071.0,,,,18.262918
South Sudan,SSD,2015,Africa,11107569.0,,,,24.079142
South Sudan,SSD,2016,Africa,10830108.0,,,,27.288054
South Sudan,SSD,2017,Africa,10259150.0,,85.73574,,29.204826
South Sudan,SSD,2018,Africa,10122983.0,,73.85809,,13.371544
South Sudan,SSD,2019,Africa,10423382.0,,67.8132,85.73574,9.671133
South Sudan,SSD,2020,Africa,10698471.0,,75.36224,73.85809,9.671133
South Sudan,SSD,2021,Africa,10865786.0,,84.087296,67.8132,9.671133
Spain,ESP,2000,Europe,41019772.0,39945.9,1471.2894,,0.5428098
Spain,ESP,2001,Europe,41245602.0,41224.293,1560.9437,,0.52781194
Spain,ESP,2002,Europe,41755703.0,41766.04,1673.4028,1471.2894,0.514438
Spain,ESP,2003,Europe,42506540.0,42223.13,1919.0192,1560.9437,0.50140774
Spain,ESP,2004,Europe,43234562.0,42793.39,2028.2075,1673.4028,0.48752463
Spain,ESP,2005,Europe,43958883.0,43570.766,2166.7703,1919.0192,0.47184214
Spain,ESP,2006,Europe,44695446.0,44572.68,2441.97,2028.2075,0.45443526
Spain,ESP,2007,Europe,45516501.0,45301.285,2616.3345,2166.7703,0.4363791
Spain,ESP,2008,Europe,46235055.0,44926.348,2828.6409,2441.97,0.41833755
Spain,ESP,2009,Europe,46635182.0,42852.223,2955.294,2616.3345,0.40094578
Spain,ESP,2010,Europe,46840469.0,42695.527,2922.4543,2828.6409,0.3845496
Spain,ESP,2011,Europe,46998040.0,42271.836,2955.8105,2955.294,0.36966026
Spain,ESP,2012,Europe,47018323.0,41034.047,2935.2107,2922.4543,0.35665655
Spain,ESP,2013,Europe,46860394.0,40594.914,2973.043,2955.8105,0.34578338
Spain,ESP,2014,Europe,46720187.0,41339.41,3087.2158,2935.2107,0.3371563
Spain,ESP,2015,Europe,46683683.0,43053.76,3233.0425,2973.043,0.33088422
Spain,ESP,2016,Europe,46732768.0,44274.668,3343.154,3087.2158,0.32647216
Spain,ESP,2017,Europe,46868594.0,45446.25,3598.64,3233.0425,0.323095
Spain,ESP,2018,Europe,47092817.0,46325.21,3731.5,3343.154,0.32020232
Spain,ESP,2019,Europe,47435121.0,46896.418,4075.976,3598.64,0.31800327
Spain,ESP,2020,Europe,47679482.0,41553.45,4249.0713,3731.5,0.31653574
Spain,ESP,2021,Europe,47735670.0,44251.664,4581.6353,4075.976,0.31608674
Sri Lanka,LKA,2000,Asia,19293056.0,6428.6133,171.67679,,1.6270593
Sri Lanka,LKA,2001,Asia,19600361.0,6230.031,181.58899,,1.5831617
Sri Lanka,LKA,2002,Asia,19805750.0,6409.863,188.82344,171.67679,1.5500534
Sri Lanka,LKA,2003,Asia,19951521.0,6741.0127,176.84859,181.58899,1.516845
Sri Lanka,LKA,2004,Asia,20087608.0,7059.911,210.67595,188.82344,2.9009109
Sri Lanka,LKA,2005,Asia,20216531.0,7452.742,220.28352,176.84859,1.4036114
Sri Lanka,LKA,2006,Asia,20352416.0,7970.665,241.04846,210.67595,1.3310903
Sri Lanka,LKA,2007,Asia,20492546.0,8454.207,260.71515,220.28352,1.2625437
Sri Lanka,LKA,2008,Asia,20629377.0,8897.827,282.04196,241.04846,1.2031678
Sri Lanka,LKA,2009,Asia,20756438.0,9156.319,307.32376,260.71515,2.145749
Sri Lanka,LKA,2010,Asia,20879092.0,9832.187,308.05713,282.04196,1.1178035
Sri Lanka,LKA,2011,Asia,21009054.0,10618.492,325.0817,307.32376,1.0795029
Sri Lanka,LKA,2012,Asia,21169461.0,11447.693,338.89822,308.05713,1.0321835
Sri Lanka,LKA,2013,Asia,21358829.0,12249.723,400.57486,325.0817,0.97834826
Sri Lanka,LKA,2014,Asia,21547454.0,12909.966,391.93967,338.89822,0.9243796
Sri Lanka,LKA,2015,Asia,21729975.0,13329.779,434.5347,400.57486,0.874179
Sri Lanka,LKA,2016,Asia,21910763.0,13845.614,458.01224,391.93967,0.82944584
Sri Lanka,LKA,2017,Asia,22087525.0,14572.485,440.33206,434.5347,0.79050505
Sri Lanka,LKA,2018,Asia,22253116.0,14759.825,502.81735,458.01224,0.7560857
Sri Lanka,LKA,2019,Asia,22410552.0,14637.444,508.18713,440.33206,0.7234676
Sri Lanka,LKA,2020,Asia,22561808.0,13886.651,537.3758,502.81735,0.69190544
Sri Lanka,LKA,2021,Asia,22700377.0,14316.135,725.7872,508.18713,0.6622378
Sudan,SDN,2000,Africa,27816748.0,3575.852,101.11772,,10.198109
Sudan,SDN,2001,Africa,28516774.0,3701.5488,93.18015,,9.864065
Sudan,SDN,2002,Africa,29228728.0,3814.3132,95.64151,101.11772,9.524228
Sudan,SDN,2003,Africa,29896038.0,3946.9226,119.01817,93.18015,9.19316
Sudan,SDN,2004,Africa,30556641.0,4041.0571,133.62238,95.64151,10.114712
Sudan,SDN,2005,Africa,31262447.0,4152.3228,139.50296,119.01817,9.879354
Sudan,SDN,2006,Africa,31992438.0,4299.974,177.6997,133.62238,8.301193
Sudan,SDN,2007,Africa,32764139.0,4415.785,217.24808,139.50296,8.039557
Sudan,SDN,2008,Africa,33623980.0,4446.4097,213.53789,177.6997,7.791555
Sudan,SDN,2009,Africa,34569114.0,4188.0547,238.6359,217.24808,7.5539804
Sudan,SDN,2010,Africa,35414403.0,4219.837,192.49292,213.53789,7.337593
Sudan,SDN,2011,Africa,36140808.0,4467.626,205.34811,238.6359,7.1281347
Sudan,SDN,2012,Africa,36923175.0,4145.9316,211.05672,192.49292,6.9285684
Sudan,SDN,2013,Africa,37785852.0,4130.486,259.43933,205.34811,6.7349954
Sudan,SDN,2014,Africa,38823324.0,4207.5005,241.83896,211.05672,6.542722
Sudan,SDN,2015,Africa,40024433.0,4159.1943,242.30711,259.43933,6.347319
Sudan,SDN,2016,Africa,41259892.0,4174.561,295.63782,241.83896,6.157265
Sudan,SDN,2017,Africa,42714311.0,4061.0183,257.26743,242.30711,5.967723
Sudan,SDN,2018,Africa,44230597.0,3816.66,193.9806,295.63782,5.780966
Sudan,SDN,2019,Africa,45548179.0,3625.5232,185.39551,257.26743,5.6065626
Sudan,SDN,2020,Africa,46789237.0,3401.2498,128.4758,193.9806,5.4309363
Sudan,SDN,2021,Africa,48066930.0,3248.9756,105.61255,185.39551,5.266625
Suriname,SUR,2000,South America,476647.0,16220.179,487.98175,,3.1047993
Suriname,SUR,2001,South America,486566.0,16556.943,323.7407,,2.9972005
Suriname,SUR,2002,South America,496566.0,16678.072,468.8953,487.98175,2.899492
Suriname,SUR,2003,South America,506421.0,17383.502,460.84247,323.7407,2.8082101
Suriname,SUR,2004,South America,513928.0,18585.518,561.1927,468.8953,2.7238436
Suriname,SUR,2005,South America,519321.0,19220.283,569.3198,460.84247,2.6467626
Suriname,SUR,2006,South America,525003.0,20113.67,677.3675,561.1927,2.574044
Suriname,SUR,2007,South America,531026.0,20902.139,644.6167,569.3198,2.5052044
Suriname,SUR,2008,South America,537252.0,21515.812,614.88116,677.3675,2.4415066
Suriname,SUR,2009,South America,543580.0,21906.41,660.602,644.6167,2.3806078
Suriname,SUR,2010,South America,549931.0,22772.475,655.93964,614.88116,2.3244786
Suriname,SUR,2011,South America,556279.0,23829.533,657.51886,660.602,2.2696044
Suriname,SUR,2012,South America,562640.0,24193.842,696.6164,655.93964,2.216821
Suriname,SUR,2013,South America,569024.0,24624.021,777.05853,657.51886,2.1645901
Suriname,SUR,2014,South America,575380.0,24414.355,803.53503,696.6164,2.1124604
Suriname,SUR,2015,South America,581634.0,23327.525,960.8836,777.05853,2.05939
Suriname,SUR,2016,South America,587765.0,21950.412,867.482,803.53503,2.007267
Suriname,SUR,2017,South America,593720.0,22070.514,935.09314,960.8836,1.9471396
Suriname,SUR,2018,South America,599519.0,22938.535,1179.4879,867.482,1.8939679
Suriname,SUR,2019,South America,605779.0,22966.74,1657.537,935.09314,1.8404053
Suriname,SUR,2020,South America,612320.0,19091.361,1022.6074,1179.4879,1.7882652
Suriname,SUR,2021,South America,617905.0,18458.234,918.61444,1657.537,1.7350075
Sweden,SWE,2000,Europe,8872099.0,47868.508,2172.9934,,0.40988055
Sweden,SWE,2001,Europe,8896018.0,48389.82,2367.2427,,0.40468663
Sweden,SWE,2002,Europe,8925045.0,49331.203,2541.1167,2172.9934,0.39771137
Sweden,SWE,2003,Europe,8958434.0,50072.473,2649.118,2367.2427,0.38753974
Sweden,SWE,2004,Europe,8993805.0,51960.53,2758.5156,2541.1167,0.37417367
Sweden,SWE,2005,Europe,9029771.0,53198.67,2796.1748,2649.118,0.35944498
Sweden,SWE,2006,Europe,9080628.0,55373.934,3041.2395,2758.5156,0.34521377
Sweden,SWE,2007,Europe,9148280.0,56737.367,3272.7993,2796.1748,0.3322883
Sweden,SWE,2008,Europe,9219903.0,55777.4,3461.041,3041.2395,0.32131273
Sweden,SWE,2009,Europe,9298738.0,52950.71,3533.4158,3272.7993,0.3127866
Sweden,SWE,2010,Europe,9378234.0,55520.434,3506.3638,3461.041,0.30623013
Sweden,SWE,2011,Europe,9449263.0,56846.137,4672.3438,3533.4158,0.3012013
Sweden,SWE,2012,Europe,9519477.0,56193.33,4916.6763,3506.3638,0.29726574
Sweden,SWE,2013,Europe,9600620.0,56353.086,5088.492,4672.3438,0.29387775
Sweden,SWE,2014,Europe,9696438.0,57077.668,5213.896,4916.6763,0.29048175
Sweden,SWE,2015,Europe,9799483.0,58955.64,5360.9106,5088.492,0.2865199
Sweden,SWE,2016,Europe,9923281.0,59460.29,5550.5234,5213.896,0.28172317
Sweden,SWE,2017,Europe,10057864.0,59769.01,5670.2925,5360.9106,0.27600086
Sweden,SWE,2018,Europe,10175400.0,60124.57,5923.988,5550.5234,0.27006158
Sweden,SWE,2019,Europe,10279120.0,61070.523,6267.407,5670.2925,0.2642196
Sweden,SWE,2020,Europe,10353682.0,59458.28,6584.353,5923.988,0.25883654
Sweden,SWE,2021,Europe,10416134.0,62190.85,7069.6396,6267.407,0.25384477
Switzerland,CHE,2000,Europe,7184003.0,68834.82,3352.0095,,0.56335384
Switzerland,CHE,2001,Europe,7226391.0,69489.7,3579.9158,,0.55352974
Switzerland,CHE,2002,Europe,7278744.0,69228.37,3827.2034,3352.0095,0.5426878
Switzerland,CHE,2003,Europe,7333451.0,68521.34,3929.7622,3579.9158,0.53099513
Switzerland,CHE,2004,Europe,7384196.0,69812.375,4111.3833,3827.2034,0.5187523
Switzerland,CHE,2005,Europe,7431824.0,71414.35,4179.6406,3929.7622,0.50645113
Switzerland,CHE,2006,Europe,7478514.0,73901.62,4436.5063,4111.3833,0.49425766
Switzerland,CHE,2007,Europe,7545386.0,76161.56,4799.6445,4179.6406,0.48310828
Switzerland,CHE,2008,Europe,7641730.0,77103.72,5132.8706,4436.5063,0.47276574
Switzerland,CHE,2009,Europe,7737644.0,74672.95,5376.3896,4799.6445,0.4638994
Switzerland,CHE,2010,Europe,7825750.0,76308.805,5437.631,5132.8706,0.456085
Switzerland,CHE,2011,Europe,7914379.0,76527.336,5807.663,5376.3896,0.44967058
Switzerland,CHE,2012,Europe,7998927.0,76570.234,6141.698,5437.631,0.44407335
Switzerland,CHE,2013,Europe,8091199.0,77084.664,6530.6626,5807.663,0.43893725
Switzerland,CHE,2014,Europe,8190238.0,78086.68,6768.533,6141.698,0.43365586
Switzerland,CHE,2015,Europe,8283940.0,78325.75,7166.5864,6530.6626,0.42776346
Switzerland,CHE,2016,Europe,8374903.0,78956.07,7543.5513,6768.533,0.42132333
Switzerland,CHE,2017,Europe,8453630.0,79333.74,7755.1772,7166.5864,0.41467908
Switzerland,CHE,2018,Europe,8516341.0,81371.89,7914.5044,7543.5513,0.4086055
Switzerland,CHE,2019,Europe,8577525.0,81694.63,8422.36,7755.1772,0.40384728
Switzerland,CHE,2020,Europe,8640582.0,79270.875,8749.708,7914.5044,0.39998963
Switzerland,CHE,2021,Europe,8707019.0,83524.984,9683.843,8422.36,0.39664683
Syria,SYR,2000,Asia,16637884.0,7973.9814,187.16083,,2.313464
Syria,SYR,2001,Asia,17051337.0,8075.784,199.95401,,2.223151
Syria,SYR,2002,Asia,17468335.0,8502.493,211.2407,187.16083,2.1431959
Syria,SYR,2003,Asia,17889297.0,8351.465,233.1257,199.95401,2.0772326
Syria,SYR,2004,Asia,18336879.0,8710.009,218.67245,211.2407,2.0219703
Syria,SYR,2005,Asia,18814092.0,9016.721,214.23557,233.1257,1.9757404
Syria,SYR,2006,Asia,19637016.0,9074.772,204.4512,218.67245,1.9393762
Syria,SYR,2007,Asia,20884136.0,9017.087,205.52188,214.23557,1.9092118
Syria,SYR,2008,Asia,21636566.0,9093.13,192.85544,204.4512,1.891484
Syria,SYR,2009,Asia,21976971.0,9481.57,211.85724,205.52188,1.8803388
Syria,SYR,2010,Asia,22482417.0,9749.574,206.49654,192.85544,1.8817697
Syria,SYR,2011,Asia,22878104.0,9854.034,169.09831,211.85724,2.1593285
Syria,SYR,2012,Asia,22759763.0,7296.329,154.32283,206.49654,3.4159875
Syria,SYR,2013,Asia,21666921.0,5648.602,142.4287,169.09831,3.687241
Syria,SYR,2014,Asia,20273661.0,5414.375,155.69829,154.32283,3.550765
Syria,SYR,2015,Asia,19424615.0,5414.839,136.46841,142.4287,3.713258
Syria,SYR,2016,Asia,19193835.0,5128.9185,140.30663,155.69829,3.217349
Syria,SYR,2017,Asia,19224671.0,5083.652,131.75356,136.46841,3.28758
Syria,SYR,2018,Asia,19577849.0,5061.494,142.5394,140.30663,3.2455628
Syria,SYR,2019,Asia,20353536.0,4928.029,147.85175,131.75356,2.4558039
Syria,SYR,2020,Asia,21049431.0,4810.611,137.17543,142.5394,2.1888
Syria,SYR,2021,Asia,21628837.0,4765.5293,160.93459,147.85175,2.0456324
Tajikistan,TJK,2000,Asia,6284737.0,1365.2333,44.692226,,7.8372307
Tajikistan,TJK,2001,Asia,6407376.0,1467.3988,51.078682,,7.1805654
Tajikistan,TJK,2002,Asia,6531674.0,1594.939,55.263756,44.692226,6.5564814
Tajikistan,TJK,2003,Asia,6658575.0,1736.6404,65.579056,51.078682,5.9776325
Tajikistan,TJK,2004,Asia,6790555.0,1878.287,74.27753,55.263756,5.461817
Tajikistan,TJK,2005,Asia,6924722.0,1965.3002,87.08584,65.579056,5.0303125
Tajikistan,TJK,2006,Asia,7057566.0,2063.2886,90.486984,74.27753,4.6593575
Tajikistan,TJK,2007,Asia,7194479.0,2181.898,108.73095,87.08584,4.3603444
Tajikistan,TJK,2008,Asia,7338402.0,2308.0942,124.643234,90.486984,4.1234193
Tajikistan,TJK,2009,Asia,7490232.0,2349.5002,127.11661,108.73095,3.9282937
Tajikistan,TJK,2010,Asia,7652144.0,2449.2737,131.39214,124.643234,3.7635055
Tajikistan,TJK,2011,Asia,7824788.0,2572.4807,143.90302,127.11661,3.6231098
Tajikistan,TJK,2012,Asia,8014087.0,2700.0955,160.24884,131.39214,3.5042105
Tajikistan,TJK,2013,Asia,8216733.0,2828.3855,191.94969,143.90302,3.3968952
Tajikistan,TJK,2014,Asia,8425559.0,2943.0886,212.93042,160.24884,3.301505
Tajikistan,TJK,2015,Asia,8643839.0,3041.4448,195.14166,191.94969,3.2214067
Tajikistan,TJK,2016,Asia,8865623.0,3169.9668,202.90523,212.93042,3.1537435
Tajikistan,TJK,2017,Asia,9085942.0,3312.712,206.78413,195.14166,3.1024508
Tajikistan,TJK,2018,Asia,9307345.0,3479.6924,215.2607,202.90523,3.0684147
Tajikistan,TJK,2019,Asia,9529970.0,3649.8838,240.38808,206.78413,3.0370605
Tajikistan,TJK,2020,Asia,9749312.0,3724.749,324.84875,215.2607,3.0095916
Tajikistan,TJK,2021,Asia,9966912.0,3985.9126,333.82095,240.38808,2.9774861
Tanzania,TZA,2000,Africa,34260142.0,1839.9366,35.72094,,12.804752
Tanzania,TZA,2001,Africa,35198303.0,1899.7454,46.952553,,12.025366
Tanzania,TZA,2002,Africa,36121301.0,1982.6443,55.055454,35.72094,11.239363
Tanzania,TZA,2003,Africa,37089555.0,2059.8374,66.60267,46.952553,10.499707
Tanzania,TZA,2004,Africa,38109666.0,2155.2415,77.17943,55.055454,9.834496
Tanzania,TZA,2005,Africa,39182083.0,2253.0933,91.60944,66.60267,9.218631
Tanzania,TZA,2006,Africa,40294900.0,2334.1045,127.491135,77.17943,8.669659
Tanzania,TZA,2007,Africa,41435508.0,2423.616,121.51125,91.60944,8.1261835
Tanzania,TZA,2008,Africa,42570728.0,2493.2593,102.3351,127.491135,7.6619916
Tanzania,TZA,2009,Africa,43633975.0,2560.811,96.649345,121.51125,7.1985354
Tanzania,TZA,2010,Africa,44758491.0,2654.8035,104.47859,102.3351,6.8159366
Tanzania,TZA,2011,Africa,46029371.0,2779.7078,107.65984,96.649345,6.458941
Tanzania,TZA,2012,Africa,47374261.0,2822.4854,101.511696,104.47859,6.1666875
Tanzania,TZA,2013,Africa,48824134.0,2924.8633,98.16693,107.65984,5.9031467
Tanzania,TZA,2014,Africa,50351506.0,3027.569,86.56335,101.511696,5.632685
Tanzania,TZA,2015,Africa,52020958.0,3111.4446,82.08023,98.16693,5.4290338
Tanzania,TZA,2016,Africa,53824012.0,3214.2468,93.63903,86.56335,5.2015667
Tanzania,TZA,2017,Africa,55652888.0,3318.2883,97.82385,82.08023,4.9800253
Tanzania,TZA,2018,Africa,57437134.0,3392.6887,110.040924,93.63903,4.759265
Tanzania,TZA,2019,Africa,59174889.0,3484.6326,112.11017,97.82385,4.555941
Tanzania,TZA,2020,Africa,60972803.0,3449.8215,93.36044,110.040924,4.375679
Tanzania,TZA,2021,Africa,62830410.0,3493.083,113.03228,112.11017,4.1724267
Thailand,THA,2000,Asia,63007815.0,11623.787,226.05362,,2.1714299
Thailand,THA,2001,Asia,63651137.0,11902.611,230.9629,,2.0691051
Thailand,THA,2002,Asia,64266433.0,12513.542,271.7279,226.05362,1.9741881
Thailand,THA,2003,Asia,64868164.0,13288.748,286.17572,230.9629,1.8859273
Thailand,THA,2004,Asia,65452049.0,13998.521,299.62155,271.7279,1.8024592
Thailand,THA,2005,Asia,66017415.0,14459.825,321.31357,286.17572,1.724846
Thailand,THA,2006,Asia,66567685.0,15052.695,338.25375,299.62155,1.6524736
Thailand,THA,2007,Asia,67102388.0,15744.365,374.2922,321.31357,1.5852119
Thailand,THA,2008,Asia,67619835.0,15893.509,417.2711,338.25375,1.5226378
Thailand,THA,2009,Asia,68121077.0,15667.6045,433.02664,374.2922,1.465679
Thailand,THA,2010,Asia,68579443.0,16732.188,438.41663,417.2711,1.4116652
Thailand,THA,2011,Asia,69007212.0,16768.168,471.98944,433.02664,1.3614151
Thailand,THA,2012,Asia,69436091.0,17871.578,514.9358,438.41663,1.3140061
Thailand,THA,2013,Asia,69845112.0,18244.406,525.42706,471.98944,1.2688714
Thailand,THA,2014,Asia,70216362.0,18326.605,566.132,514.9358,1.2266818
Thailand,THA,2015,Asia,70540787.0,18814.041,608.3211,525.42706,1.185956
Thailand,THA,2016,Asia,70859835.0,19372.713,656.6817,566.132,1.1480223
Thailand,THA,2017,Asia,71160183.0,20096.861,677.06,608.3211,1.1107551
Thailand,THA,2018,Asia,71376081.0,20882.17,730.37915,656.6817,1.076129
Thailand,THA,2019,Asia,71522264.0,21280.15,756.75714,677.06,1.0416758
Thailand,THA,2020,Asia,71641484.0,19950.285,835.01154,730.37915,1.0085686
Thailand,THA,2021,Asia,71727338.0,20236.977,1043.3123,756.75714,0.9789138
Togo,TGO,2000,Africa,4783721.0,2321.9504,41.871784,,11.923672
Togo,TGO,2001,Africa,4904135.0,2283.585,43.404636,,11.572113
Togo,TGO,2002,Africa,5027128.0,2312.9646,44.654766,41.871784,11.216498
Togo,TGO,2003,Africa,5154113.0,2407.5857,47.38133,43.404636,10.878652
Togo,TGO,2004,Africa,5281320.0,2326.601,47.450714,44.654766,10.54675
Togo,TGO,2005,Africa,5413151.0,2164.016,52.020206,47.38133,10.236316
Togo,TGO,2006,Africa,5569659.0,2158.9438,57.9248,47.450714,9.93283
Togo,TGO,2007,Africa,5748437.0,2067.2183,51.01211,52.020206,9.647058
Togo,TGO,2008,Africa,5936140.0,2082.642,53.466324,57.9248,9.3666115
Togo,TGO,2009,Africa,6130944.0,2126.4414,57.895115,51.01211,9.093417
Togo,TGO,2010,Africa,6325791.0,2181.5989,66.59814,53.466324,8.825916
Togo,TGO,2011,Africa,6500577.0,2246.562,70.9298,57.895115,8.556122
Togo,TGO,2012,Africa,6653719.0,2333.1929,76.40282,66.59814,8.287061
Togo,TGO,2013,Africa,6798851.0,2416.378,82.10922,70.9298,8.020907
Togo,TGO,2014,Africa,6937647.0,2501.4326,88.43961,76.40282,7.76712
Togo,TGO,2015,Africa,7071500.0,2588.2727,117.43011,82.10922,7.5188675
Togo,TGO,2016,Africa,7200883.0,2648.901,127.29286,88.43961,7.279363
Togo,TGO,2017,Africa,7324379.0,2708.6113,129.101,117.43011,7.042792
Togo,TGO,2018,Africa,7458205.0,2787.564,127.34848,127.29286,6.8130727
Togo,TGO,2019,Africa,7619916.0,2862.6267,130.94821,129.101,6.5961447
Togo,TGO,2020,Africa,7788058.0,2861.2979,145.65044,127.34848,6.3942237
Togo,TGO,2021,Africa,7936185.0,2952.0974,144.60861,130.94821,6.1970706
Tonga,TON,2000,Oceania,102695.0,5809.0093,98.422615,,1.6912202
Tonga,TON,2001,Oceania,103305.0,5860.8315,119.90332,,1.6480981
Tonga,TON,2002,Oceania,103888.0,6085.893,132.50256,98.422615,1.6018096
Tonga,TON,2003,Oceania,104481.0,6054.656,128.77603,119.90332,1.5569677
Tonga,TON,2004,Oceania,105088.0,5901.2134,169.29947,132.50256,1.5154455
Tonga,TON,2005,Oceania,105684.0,5829.117,168.06491,128.77603,1.4754395
Tonga,TON,2006,Oceania,106266.0,5671.6406,210.38078,169.29947,1.4377726
Tonga,TON,2007,Oceania,106744.0,5507.3574,181.52849,168.06491,1.4017503
Tonga,TON,2008,Oceania,107036.0,5759.306,247.32904,210.38078,1.3674085
Tonga,TON,2009,Oceania,107219.0,5454.5737,154.53003,181.52849,1.335688
Tonga,TON,2010,Oceania,107415.0,5489.4536,190.69196,247.32904,1.3064439
Tonga,TON,2011,Oceania,107584.0,5848.1934,204.05328,154.53003,1.2798564
Tonga,TON,2012,Oceania,107476.0,5908.024,365.9925,190.69196,1.2555985
Tonga,TON,2013,Oceania,107093.0,5952.457,189.05742,204.05328,1.2327064
Tonga,TON,2014,Oceania,106627.0,6097.6504,245.68504,365.9925,1.2088339
Tonga,TON,2015,Oceania,106110.0,6195.433,231.88191,189.05742,1.1863663
Tonga,TON,2016,Oceania,105536.0,6639.9873,274.2158,245.68504,1.1609007
Tonga,TON,2017,Oceania,105373.0,6863.548,310.88107,231.88191,1.1371614
Tonga,TON,2018,Oceania,105590.0,6885.985,347.39218,274.2158,1.1136929
Tonga,TON,2019,Oceania,105688.0,6859.7173,330.5783,310.88107,1.0882616
Tonga,TON,2020,Oceania,105721.0,6981.304,329.74356,347.39218,1.0637872
Tonga,TON,2021,Oceania,105504.0,6930.065,440.3635,330.5783,1.0375427
Trinidad and Tobago,TTO,2000,North America,1319781.0,19637.555,601.0765,,2.884517
Trinidad and Tobago,TTO,2001,North America,1325573.0,20366.754,606.1801,,2.8492672
Trinidad and Tobago,TTO,2002,North America,1332017.0,21876.854,774.1782,601.0765,2.8123658
Trinidad and Tobago,TTO,2003,North America,1338718.0,24910.822,795.8532,606.1801,2.7715783
Trinidad and Tobago,TTO,2004,North America,1345386.0,26757.908,903.4604,774.1782,2.7322645
Trinidad and Tobago,TTO,2005,North America,1352040.0,29536.44,1011.0111,795.8532,2.69244
Trinidad and Tobago,TTO,2006,North America,1358706.0,33348.75,1100.8186,903.4604,2.6501675
Trinidad and Tobago,TTO,2007,North America,1365381.0,34793.645,1179.6055,1011.0111,2.6068928
Trinidad and Tobago,TTO,2008,North America,1372090.0,35825.332,1087.1086,1100.8186,2.5653682
Trinidad and Tobago,TTO,2009,North America,1379056.0,34212.27,1570.6978,1179.6055,2.5256345
Trinidad and Tobago,TTO,2010,North America,1386657.0,35145.125,1510.3431,1087.1086,2.4815438
Trinidad and Tobago,TTO,2011,North America,1394990.0,34769.76,1416.619,1570.6978,2.4375727
Trinidad and Tobago,TTO,2012,North America,1403814.0,36903.69,1403.5929,1510.3431,2.3944175
Trinidad and Tobago,TTO,2013,North America,1412658.0,37994.07,1446.7258,1416.619,2.3536665
Trinidad and Tobago,TTO,2014,North America,1421135.0,39248.656,1477.6727,1403.5929,2.3128023
Trinidad and Tobago,TTO,2015,North America,1429190.0,38963.965,1592.0923,1446.7258,2.272405
Trinidad and Tobago,TTO,2016,North America,1437031.0,35914.99,1722.1638,1477.6727,2.2345376
Trinidad and Tobago,TTO,2017,North America,1445265.0,34095.99,1756.7451,1592.0923,2.1964352
Trinidad and Tobago,TTO,2018,North America,1470522.0,33710.02,1763.0891,1722.1638,2.1574357
Trinidad and Tobago,TTO,2019,North America,1484898.0,33748.707,1868.7148,1756.7451,2.1175847
Trinidad and Tobago,TTO,2020,North America,1481026.0,30720.887,1853.4807,1763.0891,2.080457
Trinidad and Tobago,TTO,2021,North America,1487715.0,30482.121,2015.1055,1868.7148,2.0358698
Tunisia,TUN,2000,Africa,9764940.0,9134.415,300.6192,,2.9152167
Tunisia,TUN,2001,Africa,9869679.0,9380.563,318.85776,,2.7185373
Tunisia,TUN,2002,Africa,9971521.0,9407.557,342.04556,300.6192,2.5465882
Tunisia,TUN,2003,Africa,10071638.0,9752.024,367.82156,318.85776,2.3964913
Tunisia,TUN,2004,Africa,10166170.0,10263.806,396.7747,342.04556,2.2680216
Tunisia,TUN,2005,Africa,10255474.0,10529.16,415.4882,367.82156,2.1593523
Tunisia,TUN,2006,Africa,10346408.0,10983.922,445.54132,396.7747,2.069132
Tunisia,TUN,2007,Africa,10441705.0,11613.925,488.03665,415.4882,1.9969918
Tunisia,TUN,2008,Africa,10542637.0,11990.196,512.4683,445.54132,1.9409429
Tunisia,TUN,2009,Africa,10650682.0,12229.775,550.5255,488.03665,1.8995979
Tunisia,TUN,2010,Africa,10765984.0,12458.271,592.0939,512.4683,1.8709506
Tunisia,TUN,2011,Africa,10886041.0,12068.714,638.99335,550.5255,1.8527093
Tunisia,TUN,2012,Africa,11009649.0,12436.3955,667.63513,592.0939,1.8402978
Tunisia,TUN,2013,Africa,11141365.0,12587.995,695.139,638.99335,1.8328499
Tunisia,TUN,2014,Africa,11274295.0,12824.003,706.08795,667.63513,1.8277947
Tunisia,TUN,2015,Africa,11402270.0,12802.792,669.961,695.139,1.8218201
Tunisia,TUN,2016,Africa,11528676.0,12803.88,686.86084,706.08795,1.8116482
Tunisia,TUN,2017,Africa,11650504.0,12955.401,698.2793,669.961,1.7913728
Tunisia,TUN,2018,Africa,11765515.0,13163.195,703.0826,686.86084,1.752261
Tunisia,TUN,2019,Africa,11875084.0,13243.902,752.7608,698.2793,1.6871071
Tunisia,TUN,2020,Africa,11974058.0,11955.599,840.9672,703.0826,1.5989144
Tunisia,TUN,2021,Africa,12048625.0,12444.326,908.582,752.7608,1.496535
Turkey,TUR,2000,Asia,65425957.0,14856.915,428.14746,,3.7193148
Turkey,TUR,2001,Asia,66245125.0,13872.129,439.6772,,3.450076
Turkey,TUR,2002,Asia,67048792.0,14587.895,462.4058,428.14746,3.1955028
Turkey,TUR,2003,Asia,67831735.0,15255.718,473.91357,439.6772,2.95718
Turkey,TUR,2004,Asia,68592621.0,16583.883,526.65247,462.4058,2.736625
Turkey,TUR,2005,Asia,69329557.0,17902.596,575.37213,473.91357,2.533086
Turkey,TUR,2006,Asia,70045351.0,18972.01,694.46344,526.65247,2.3479776
Turkey,TUR,2007,Asia,70750593.0,19909.084,772.1247,575.37213,2.1793966
Turkey,TUR,2008,Asia,71562343.0,19839.584,830.8455,694.46344,2.0264032
Turkey,TUR,2009,Asia,72464846.0,18612.193,843.4661,772.1247,1.8878633
Turkey,TUR,2010,Asia,73346766.0,19897.447,868.31616,830.8455,1.7643379
Turkey,TUR,2011,Asia,74215203.0,21760.43,911.6805,843.4661,1.6555493
Turkey,TUR,2012,Asia,75197196.0,22517.715,916.51733,868.31616,1.5582044
Turkey,TUR,2013,Asia,76403032.0,24117.312,974.66534,911.6805,1.4729518
Turkey,TUR,2014,Asia,78036154.0,24888.852,1031.172,916.51733,1.3974059
Turkey,TUR,2015,Asia,80014222.0,25984.803,1040.8461,974.66534,1.3296696
Turkey,TUR,2016,Asia,81652087.0,26489.645,1110.5795,1031.172,1.2702142
Turkey,TUR,2017,Asia,83083667.0,28194.688,1139.1027,1040.8461,1.2169429
Turkey,TUR,2018,Asia,84415966.0,28780.303,1124.656,1110.5795,1.1699079
Turkey,TUR,2019,Asia,85357670.0,28741.053,1200.3925,1139.1027,1.1283088
Turkey,TUR,2020,Asia,86091691.0,28976.719,1282.3625,1124.656,1.0903988
Turkey,TUR,2021,Asia,86686254.0,32105.547,1387.37,1200.3925,1.055491
Turkmenistan,TKM,2000,Asia,4582675.0,5064.2876,171.90732,,6.873629
Turkmenistan,TKM,2001,Asia,4675416.0,5179.4644,245.33257,,6.5379357
Turkmenistan,TKM,2002,Asia,4769473.0,5090.381,243.71288,171.90732,6.189893
Turkmenistan,TKM,2003,Asia,4863871.0,5154.751,345.93585,245.33257,5.8603597
Turkmenistan,TKM,2004,Asia,4958091.0,5309.6455,507.5253,243.71288,5.5433116
Turkmenistan,TKM,2005,Asia,5052260.0,5889.8467,524.5236,345.93585,5.255824
Turkmenistan,TKM,2006,Asia,5147103.0,6415.713,518.5779,507.5253,5.012968
Turkmenistan,TKM,2007,Asia,5244047.0,6993.5293,364.98322,524.5236,4.805866
Turkmenistan,TKM,2008,Asia,5345033.0,7870.0273,467.42804,518.5779,4.637314
Turkmenistan,TKM,2009,Asia,5451597.0,8186.8784,398.71524,364.98322,4.502066
Turkmenistan,TKM,2010,Asia,5564356.0,8758.896,448.25427,467.42804,4.403072
Turkmenistan,TKM,2011,Asia,5683413.0,9837.563,503.4946,398.71524,4.340168
Turkmenistan,TKM,2012,Asia,5808548.0,10689.354,527.04785,448.25427,4.294711
Turkmenistan,TKM,2013,Asia,5939348.0,11516.374,603.7988,503.4946,4.2825856
Turkmenistan,TKM,2014,Asia,6075286.0,12423.925,685.9316,527.04785,4.293518
Turkmenistan,TKM,2015,Asia,6215773.0,12926.664,800.7709,603.7988,4.3163304
Turkmenistan,TKM,2016,Asia,6360041.0,13420.385,855.6658,685.9316,4.3548036
Turkmenistan,TKM,2017,Asia,6507065.0,13963.404,935.9061,800.7709,4.382993
Turkmenistan,TKM,2018,Asia,6655523.0,14499.168,964.9089,855.6658,4.382128
Turkmenistan,TKM,2019,Asia,6803943.0,15080.903,1007.8071,935.9061,4.351941
Turkmenistan,TKM,2020,Asia,6949915.0,15630.914,961.43176,964.9089,4.287817
Turkmenistan,TKM,2021,Asia,7092042.0,16259.87,1099.5482,1007.8071,4.2068863
Turks and Caicos Islands,TCA,2000,North America,18754.0,,,,1.1741816
Turks and Caicos Islands,TCA,2001,North America,19603.0,,,,1.1083001
Turks and Caicos Islands,TCA,2002,North America,20619.0,,,,1.0458834
Turks and Caicos Islands,TCA,2003,North America,21749.0,,,,0.98840225
Turks and Caicos Islands,TCA,2004,North America,22881.0,,,,0.9361831
Turks and Caicos Islands,TCA,2005,North America,24011.0,,,,0.8904249
Turks and Caicos Islands,TCA,2006,North America,25146.0,,,,0.8504297
Turks and Caicos Islands,TCA,2007,North America,26290.0,21878.82,,,0.81338054
Turks and Caicos Islands,TCA,2008,North America,27452.0,22689.316,,,0.78030586
Turks and Caicos Islands,TCA,2009,North America,28610.0,17512.197,,,0.7513847
Turks and Caicos Islands,TCA,2010,North America,29763.0,17000.223,,,0.72571635
Turks and Caicos Islands,TCA,2011,North America,30870.0,17147.424,,,0.7005732
Turks and Caicos Islands,TCA,2012,North America,32152.0,16024.691,,,0.6792723
Turks and Caicos Islands,TCA,2013,North America,33675.0,15461.873,,,0.6581131
Turks and Caicos Islands,TCA,2014,North America,35077.0,16138.849,,,0.638654
Turks and Caicos Islands,TCA,2015,North America,36632.0,17201.771,,,0.6209952
Turks and Caicos Islands,TCA,2016,North America,38342.0,17625.72,,,0.6012776
Turks and Caicos Islands,TCA,2017,North America,39931.0,29540.354,,,0.5825729
Turks and Caicos Islands,TCA,2018,North America,41580.0,30286.12,,,0.5641499
Turks and Caicos Islands,TCA,2019,North America,43191.0,30611.213,,,0.54746026
Turks and Caicos Islands,TCA,2020,North America,44405.0,19702.537,,,0.52991354
Turks and Caicos Islands,TCA,2021,North America,45262.0,25056.488,,,0.5129752
Tuvalu,TUV,2000,Oceania,9566.0,3893.2969,578.7129,,4.2820253
Tuvalu,TUV,2001,Oceania,9608.0,3903.2031,466.34338,,4.175563
Tuvalu,TUV,2002,Oceania,9645.0,4211.59,345.09866,578.7129,4.0838814
Tuvalu,TUV,2003,Oceania,9715.0,3998.436,379.57648,466.34338,3.997042
Tuvalu,TUV,2004,Oceania,9839.0,3874.5828,258.00723,345.09866,3.9083712
Tuvalu,TUV,2005,Oceania,9964.0,3682.8918,274.60605,379.57648,3.8103688
Tuvalu,TUV,2006,Oceania,10078.0,3687.7712,339.3623,258.00723,3.6942275
Tuvalu,TUV,2007,Oceania,10204.0,3893.6426,317.3572,274.60605,3.5611482
Tuvalu,TUV,2008,Oceania,10344.0,4093.9248,340.29108,339.3623,3.4202225
Tuvalu,TUV,2009,Oceania,10479.0,3812.1394,400.98325,317.3572,3.2801104
Tuvalu,TUV,2010,Oceania,10635.0,3664.4504,477.50854,340.29108,3.1447504
Tuvalu,TUV,2011,Oceania,10804.0,3879.349,468.27756,400.98325,3.0199137
Tuvalu,TUV,2012,Oceania,10960.0,3715.6006,439.83234,477.50854,2.9019165
Tuvalu,TUV,2013,Oceania,11028.0,3833.4895,452.40332,468.27756,2.7968733
Tuvalu,TUV,2014,Oceania,11007.0,3903.4346,496.67798,439.83234,2.6946006
Tuvalu,TUV,2015,Oceania,10985.0,4277.715,507.53168,452.40332,2.6026134
Tuvalu,TUV,2016,Oceania,10951.0,4495.5723,738.7037,496.67798,2.515825
Tuvalu,TUV,2017,Oceania,10892.0,4668.544,1032.4409,507.53168,2.4322305
Tuvalu,TUV,2018,Oceania,10775.0,4785.233,813.0928,738.7037,2.353039
Tuvalu,TUV,2019,Oceania,10603.0,5515.8994,1159.8793,1032.4409,2.2725084
Tuvalu,TUV,2020,Oceania,10423.0,5442.3633,926.0124,813.0928,2.1883543
Tuvalu,TUV,2021,Oceania,10214.0,5551.8086,1017.4582,1159.8793,2.1189756
Uganda,UGA,2000,Africa,24000158.0,1487.005,48.10636,,14.385153
Uganda,UGA,2001,Africa,24745678.0,1516.9642,48.921497,,13.720492
Uganda,UGA,2002,Africa,25532872.0,1598.5829,51.706657,48.10636,12.987839
Uganda,UGA,2003,Africa,26352124.0,1649.1483,48.303574,48.921497,12.21174
Uganda,UGA,2004,Africa,27154513.0,1709.3616,51.71621,51.706657,11.420098
Uganda,UGA,2005,Africa,27963287.0,1765.0378,74.22518,48.303574,10.649218
Uganda,UGA,2006,Africa,28794005.0,1898.9791,93.89131,51.71621,9.924175
Uganda,UGA,2007,Africa,29653437.0,1999.0625,96.595215,74.22518,9.249231
Uganda,UGA,2008,Africa,30539547.0,2110.1006,102.49066,93.89131,8.644803
Uganda,UGA,2009,Africa,31451147.0,2188.299,117.70363,96.595215,8.118378
Uganda,UGA,2010,Africa,32390801.0,2244.606,141.44057,102.49066,7.602042
Uganda,UGA,2011,Africa,33354541.0,2384.4653,162.67601,117.70363,7.085602
Uganda,UGA,2012,Africa,34337436.0,2405.0945,137.74379,141.44057,6.6507664
Uganda,UGA,2013,Africa,35337050.0,2420.8882,131.99646,162.67601,6.2846217
Uganda,UGA,2014,Africa,36395542.0,2470.504,124.31217,137.74379,6.0201197
Uganda,UGA,2015,Africa,37531444.0,2520.02,116.62207,131.99646,5.7882423
Uganda,UGA,2016,Africa,38799153.0,2554.2278,111.6789,124.31217,5.562914
Uganda,UGA,2017,Africa,40177384.0,2543.8477,90.70569,116.62207,5.4031487
Uganda,UGA,2018,Africa,41565839.0,2613.88,97.959465,111.6789,5.27363
Uganda,UGA,2019,Africa,42999636.0,2689.4102,98.22128,90.70569,5.1643915
Uganda,UGA,2020,Africa,44457148.0,2678.009,134.04637,97.959465,5.0863266
Uganda,UGA,2021,Africa,45910931.0,2684.9204,152.1531,98.22128,5.0162344
Ukraine,UKR,2000,Europe,49556654.0,10364.0625,224.07414,,1.8186677
Ukraine,UKR,2001,Europe,49106854.0,11379.386,261.7717,,1.7389647
Ukraine,UKR,2002,Europe,48677280.0,12092.789,295.67343,224.07414,1.6576793
Ukraine,UKR,2003,Europe,48315133.0,13342.88,363.41223,261.7717,1.5822465
Ukraine,UKR,2004,Europe,47979502.0,15021.066,395.91388,295.67343,1.5124196
Ukraine,UKR,2005,Europe,47585558.0,15610.573,436.56943,363.41223,1.4510434
Ukraine,UKR,2006,Europe,47278691.0,16901.508,492.70227,395.91388,1.3960766
Ukraine,UKR,2007,Europe,47062802.0,18374.014,515.8967,436.56943,1.3424315
Ukraine,UKR,2008,Europe,46819168.0,18883.986,493.71255,492.70227,1.2865458
Ukraine,UKR,2009,Europe,46623731.0,16092.796,508.9905,515.8967,1.2283854
Ukraine,UKR,2010,Europe,46455997.0,16811.795,554.7999,493.71255,1.1711861
Ukraine,UKR,2011,Europe,46307854.0,17783.957,599.4523,508.9905,1.1162351
Ukraine,UKR,2012,Europe,46210051.0,17848.74,654.56104,554.7999,1.0656259
Ukraine,UKR,2013,Europe,46126760.0,17889.092,728.5453,599.4523,1.0203091
Ukraine,UKR,2014,Europe,45972379.0,16978.812,717.7344,654.56104,0.9799906
Ukraine,UKR,2015,Europe,45784904.0,15403.71,733.0954,728.5453,0.9451318
Ukraine,UKR,2016,Europe,45616831.0,15856.8125,777.95306,717.7344,0.91496056
Ukraine,UKR,2017,Europe,45436037.0,16310.36,813.70465,733.0954,0.88978785
Ukraine,UKR,2018,Europe,45208903.0,16978.984,893.631,777.95306,0.86835724
Ukraine,UKR,2019,Europe,44957451.0,17636.555,953.68414,813.70465,0.8502871
Ukraine,UKR,2020,Europe,44680008.0,17092.54,1110.4702,893.631,0.8352142
Ukraine,UKR,2021,Europe,44298642.0,17846.408,1382.2344,953.68414,0.82180965
United Arab Emirates,ARE,2000,Asia,3493583.0,95390.836,2158.7812,,1.0742917
United Arab Emirates,ARE,2001,Asia,3723596.0,90750.33,2206.9053,,1.0539945
United Arab Emirates,ARE,2002,Asia,3956829.0,87479.16,2363.328,2158.7812,1.0339022
United Arab Emirates,ARE,2003,Asia,4192465.0,89828.49,2409.7256,2206.9053,1.01511
United Arab Emirates,ARE,2004,Asia,4428964.0,93166.16,2387.7288,2363.328,0.9961896
United Arab Emirates,ARE,2005,Asia,4664797.0,92750.92,2310.3748,2409.7256,0.9774482
United Arab Emirates,ARE,2006,Asia,5009106.0,94872.516,2441.5776,2387.7288,0.95847976
United Arab Emirates,ARE,2007,Asia,5624640.0,87180.6,2542.5208,2310.3748,0.9391876
United Arab Emirates,ARE,2008,Asia,6302669.0,80285.164,2723.9834,2441.5776,0.9199948
United Arab Emirates,ARE,2009,Asia,6707063.0,71488.97,3375.1367,2542.5208,0.9004883
United Arab Emirates,ARE,2010,Asia,6938372.0,70913.76,3101.9739,2723.9834,0.88049114
United Arab Emirates,ARE,2011,Asia,7199436.0,73190.41,3087.057,3375.1367,0.86010605
United Arab Emirates,ARE,2012,Asia,7497122.0,73644.055,2872.5542,3101.9739,0.83901125
United Arab Emirates,ARE,2013,Asia,7831851.0,74237.2,2941.8354,3087.057,0.8167337
United Arab Emirates,ARE,2014,Asia,8236880.0,74145.12,2947.818,2872.5542,0.7919732
United Arab Emirates,ARE,2015,Asia,8674633.0,75238.555,2437.3496,2941.8354,0.7644526
United Arab Emirates,ARE,2016,Asia,9030873.0,75671.04,2609.5679,2947.818,0.73389274
United Arab Emirates,ARE,2017,Asia,9234330.0,72529.04,2724.2676,2437.3496,0.7004559
United Arab Emirates,ARE,2018,Asia,9346870.0,72671.08,3076.7683,2609.5679,0.66539896
United Arab Emirates,ARE,2019,Asia,9377855.0,72822.945,3409.7002,2724.2676,0.6298464
United Arab Emirates,ARE,2020,Asia,9448529.0,66808.62,3787.522,3076.7683,0.59475553
United Arab Emirates,ARE,2021,Asia,9789055.0,68580.13,3497.4624,3409.7002,0.5612344
United Kingdom,GBR,2000,Europe,59057333.0,43818.348,1895.9244,,0.65494263
United Kingdom,GBR,2001,Europe,59288095.0,44693.66,2075.131,,0.6447014
United Kingdom,GBR,2002,Europe,59540764.0,45265.457,2286.4172,1895.9244,0.6347809
United Kingdom,GBR,2003,Europe,59820385.0,46505.28,2441.6443,2075.131,0.6249438
United Kingdom,GBR,2004,Europe,60169964.0,47317.027,2669.404,2286.4172,0.61477584
United Kingdom,GBR,2005,Europe,60596107.0,48304.676,2742.2693,2441.6443,0.6034874
United Kingdom,GBR,2006,Europe,61051093.0,49000.953,2967.2185,2669.404,0.5905547
United Kingdom,GBR,2007,Europe,61535859.0,50045.918,3112.1433,2742.2693,0.5751435
United Kingdom,GBR,2008,Europe,62027303.0,49629.05,3318.2283,2967.2185,0.55713445
United Kingdom,GBR,2009,Europe,62506222.0,46995.547,3446.9448,3112.1433,0.5374823
United Kingdom,GBR,2010,Europe,63006482.0,47682.652,3571.774,3318.2283,0.5168311
United Kingdom,GBR,2011,Europe,63509285.0,47714.29,3645.2983,3446.9448,0.49687698
United Kingdom,GBR,2012,Europe,63960488.0,48099.66,3793.12,3571.774,0.47907224
United Kingdom,GBR,2013,Europe,64389386.0,48600.51,3993.1616,3645.2983,0.46453142
United Kingdom,GBR,2014,Europe,64865914.0,49763.176,4118.5996,3793.12,0.45334184
United Kingdom,GBR,2015,Europe,65382107.0,50462.832,4225.9165,3993.1616,0.44579726
United Kingdom,GBR,2016,Europe,65893359.0,51168.293,4348.869,4118.5996,0.44108906
United Kingdom,GBR,2017,Europe,66354473.0,52429.13,4470.1104,4225.9165,0.43824345
United Kingdom,GBR,2018,Europe,66752473.0,52983.04,4614.187,4348.869,0.4366871
United Kingdom,GBR,2019,Europe,67110958.0,53374.094,4983.8364,4470.1104,0.43691525
United Kingdom,GBR,2020,Europe,67351860.0,47930.55,5808.3804,4614.187,0.4393954
United Kingdom,GBR,2021,Europe,67668788.0,51840.44,6135.992,4983.8364,0.44444534
United States,USA,2000,North America,281484126.0,55045.676,4548.5547,,0.84474045
United States,USA,2001,North America,284279634.0,55024.355,4901.6753,,0.83299786
United States,USA,2002,North America,287084335.0,55443.22,5327.937,4548.5547,0.8231076
United States,USA,2003,North America,289908091.0,56505.445,5732.2437,4901.6753,0.8142221
United States,USA,2004,North America,292786248.0,58139.082,6071.844,5327.937,0.8055568
United States,USA,2005,North America,295716666.0,59612.39,6428.602,5732.2437,0.79628336
United States,USA,2006,North America,298730208.0,60684.34,6802.475,6071.844,0.7856463
United States,USA,2007,North America,301844223.0,61314.453,7153.7314,6428.602,0.7735327
United States,USA,2008,North America,304970325.0,60806.223,7364.9385,6802.475,0.75981694
United States,USA,2009,North America,308023452.0,58722.496,7614.824,7153.7314,0.74513465
United States,USA,2010,North America,311062785.0,59797.074,7836.0884,7364.9385,0.73059106
United States,USA,2011,North America,314105075.0,60253.203,8015.781,7614.824,0.7166506
United States,USA,2012,North America,317115349.0,61142.363,8262.293,7836.0884,0.704226
United States,USA,2013,North America,320110752.0,61966.664,8412.252,8015.781,0.6934527
United States,USA,2014,North America,323115377.0,63026.88,8796.339,8262.293,0.6839035
United States,USA,2015,North America,326126496.0,64367.72,9200.932,8412.252,0.67528546
United States,USA,2016,North America,329179423.0,65025.984,9535.601,8796.339,0.66741097
United States,USA,2017,North America,332204657.0,66164.03,9822.606,9200.932,0.66023195
United States,USA,2018,North America,335056492.0,67728.445,10180.482,9535.601,0.653996
United States,USA,2019,North America,337790069.0,69121.46,10550.221,9822.606,0.6493938
United States,USA,2020,North America,339436156.0,67406.83,11648.495,10180.482,0.6469871
United States,USA,2021,North America,340161438.0,71441.234,12080.073,10550.221,0.6464968
United States Virgin Islands,VIR,2002,,,54299.23,,,
United States Virgin Islands,VIR,2003,,,54086.156,,,
United States Virgin Islands,VIR,2004,,,55883.453,,,
United States Virgin Islands,VIR,2005,,,57838.098,,,
United States Virgin Islands,VIR,2006,,,59911.723,,,
United States Virgin Islands,VIR,2007,,,62332.945,,,
United States Virgin Islands,VIR,2008,,,63057.625,,,
United States Virgin Islands,VIR,2009,,,58895.305,,,
United States Virgin Islands,VIR,2010,,,59272.246,,,
United States Virgin Islands,VIR,2011,,,54443.07,,,
United States Virgin Islands,VIR,2012,,,46422.414,,,
United States Virgin Islands,VIR,2013,,,43563.887,,,
United States Virgin Islands,VIR,2014,,,42853.9,,,
United States Virgin Islands,VIR,2015,,,42739.082,,,
United States Virgin Islands,VIR,2016,,,43502.434,,,
United States Virgin Islands,VIR,2017,,,43277.156,,,
United States Virgin Islands,VIR,2018,,,44205.406,,,
United States Virgin Islands,VIR,2019,,,45632.637,,,
United States Virgin Islands,VIR,2020,,,45055.78,,,
United States Virgin Islands,VIR,2021,,,46893.55,,,
Uruguay,URY,2000,South America,3266212.0,18752.05,1093.6101,,1.6983886
Uruguay,URY,2001,South America,3274257.0,17986.895,1141.0426,,1.6559614
Uruguay,URY,2002,South America,3278868.0,16572.781,1054.8931,1093.6101,1.6180458
Uruguay,URY,2003,South America,3281188.0,16694.432,1076.4723,1141.0426,1.5741937
Uruguay,URY,2004,South America,3283157.0,17519.373,1001.30035,1054.8931,1.5173866
Uruguay,URY,2005,South America,3285776.0,18811.312,1036.1068,1076.4723,1.4431839
Uruguay,URY,2006,South America,3289508.0,19560.074,1099.4772,1001.30035,1.3579416
Uruguay,URY,2007,South America,3295155.0,20803.885,1152.9346,1036.1068,1.2723128
Uruguay,URY,2008,South America,3302184.0,22249.375,1351.771,1099.4772,1.1943918
Uruguay,URY,2009,South America,3310093.0,23138.074,1372.8137,1152.9346,1.1289676
Uruguay,URY,2010,South America,3318581.0,24879.826,1475.0114,1351.771,1.0784276
Uruguay,URY,2011,South America,3326829.0,26099.312,1574.2755,1372.8137,1.0386648
Uruguay,URY,2012,South America,3335406.0,26953.271,1615.1014,1475.0114,1.0034629
Uruguay,URY,2013,South America,3345335.0,28119.473,1709.2378,1574.2755,0.96799916
Uruguay,URY,2014,South America,3356343.0,28935.086,1784.9955,1615.1014,0.92943054
Uruguay,URY,2015,South America,3368022.0,28941.62,1844.4529,1709.2378,0.88735706
Uruguay,URY,2016,South America,3379279.0,29332.557,1973.0833,1784.9955,0.8443272
Uruguay,URY,2017,South America,3388444.0,29762.422,2057.7964,1844.4529,0.8044457
Uruguay,URY,2018,South America,3394538.0,29757.928,2170.4253,1973.0833,0.77075404
Uruguay,URY,2019,South America,3397206.0,30010.562,2382.5012,2057.7964,0.7461188
Uruguay,URY,2020,South America,3398966.0,27788.176,2337.846,2170.4253,0.73256636
Uruguay,URY,2021,South America,3396693.0,29431.873,2625.1963,2382.5012,0.7286506
Uzbekistan,UZB,2000,Asia,24787052.0,3430.8838,159.59166,,6.0730305
Uzbekistan,UZB,2001,Asia,25090289.0,3530.5496,171.34557,,5.8043895
Uzbekistan,UZB,2002,Asia,25399987.0,3626.078,175.44966,159.59166,5.504228
Uzbekistan,UZB,2003,Asia,25711261.0,3733.798,185.78024,171.34557,5.189992
Uzbekistan,UZB,2004,Asia,26029350.0,3962.9011,189.0346,175.44966,4.856806
Uzbekistan,UZB,2005,Asia,26356977.0,4185.6396,203.4249,185.78024,4.5177174
Uzbekistan,UZB,2006,Asia,26699046.0,4439.9067,217.18948,189.0346,4.1865153
Uzbekistan,UZB,2007,Asia,27076013.0,4792.829,234.24979,203.4249,3.863235
Uzbekistan,UZB,2008,Asia,27494780.0,5145.9917,257.18918,217.18948,3.5514843
Uzbekistan,UZB,2009,Asia,27939333.0,5471.8203,287.67935,234.24979,3.256307
Uzbekistan,UZB,2010,Asia,28385509.0,5794.9805,291.72372,257.18918,2.983542
Uzbekistan,UZB,2011,Asia,28823194.0,6170.8413,313.08893,287.67935,2.7343318
Uzbekistan,UZB,2012,Asia,29261908.0,6525.497,342.22192,291.72372,2.5048234
Uzbekistan,UZB,2013,Asia,29724065.0,6932.9336,366.7415,313.08893,2.30245
Uzbekistan,UZB,2014,Asia,30222994.0,7344.443,292.87378,342.22192,2.1255255
Uzbekistan,UZB,2015,Asia,30749349.0,7792.236,322.02545,366.7415,1.9715054
Uzbekistan,UZB,2016,Asia,31284565.0,8172.922,326.24783,292.87378,1.8398628
Uzbekistan,UZB,2017,Asia,31819172.0,8413.3,336.86917,322.02545,1.7307799
Uzbekistan,UZB,2018,Asia,32373489.0,8742.549,370.07095,326.24783,1.6412507
Uzbekistan,UZB,2019,Asia,32964700.0,9169.012,413.1242,336.86917,1.5686915
Uzbekistan,UZB,2020,Asia,33586373.0,9145.231,514.3701,370.07095,1.5093323
Uzbekistan,UZB,2021,Asia,34243696.0,9705.601,640.62366,413.1242,1.4594388
Vanuatu,VUT,2000,Oceania,186290.0,3805.6223,72.95212,,2.6603796
Vanuatu,VUT,2001,Oceania,191047.0,3584.9111,71.9781,,2.614819
Vanuatu,VUT,2002,Oceania,195871.0,3314.7126,77.90497,72.95212,2.5726242
Vanuatu,VUT,2003,Oceania,200760.0,3372.773,72.60578,71.9781,2.5324092
Vanuatu,VUT,2004,Oceania,205720.0,3422.6082,76.37173,77.90497,2.4958875
Vanuatu,VUT,2005,Oceania,210772.0,3517.8462,75.583374,72.60578,2.4547782
Vanuatu,VUT,2006,Oceania,215939.0,3724.2473,82.919495,76.37173,2.4059453
Vanuatu,VUT,2007,Oceania,221291.0,3738.6665,79.977905,75.583374,2.3451595
Vanuatu,VUT,2008,Oceania,226908.0,3850.279,84.78895,82.919495,2.2696114
Vanuatu,VUT,2009,Oceania,232740.0,3867.758,88.78408,79.977905,2.1900945
Vanuatu,VUT,2010,Oceania,238256.0,3825.7566,96.39211,84.78895,2.109985
Vanuatu,VUT,2011,Oceania,243483.0,3861.1821,101.30038,88.78408,2.0348957
Vanuatu,VUT,2012,Oceania,248894.0,3815.419,111.559906,96.39211,1.9694582
Vanuatu,VUT,2013,Oceania,254495.0,3748.7651,124.39306,101.30038,1.9206312
Vanuatu,VUT,2014,Oceania,260247.0,3779.6494,105.974556,111.559906,1.8846339
Vanuatu,VUT,2015,Oceania,266115.0,3825.8123,124.431725,124.39306,1.859364
Vanuatu,VUT,2016,Oceania,272097.0,3877.0835,91.60903,105.974556,1.8429539
Vanuatu,VUT,2017,Oceania,278518.0,3947.6782,90.63793,124.431725,1.8300879
Vanuatu,VUT,2018,Oceania,285273.0,3951.1846,111.22835,91.60903,1.8226151
Vanuatu,VUT,2019,Oceania,291995.0,3986.6562,115.88608,90.63793,1.8147904
Vanuatu,VUT,2020,Oceania,298867.0,3671.9739,128.48694,111.22835,1.8084245
Vanuatu,VUT,2021,Oceania,305882.0,3546.0803,143.88077,115.88608,1.7995462
Venezuela,VEN,2000,South America,24526707.0,,,,2.1520348
Venezuela,VEN,2001,South America,24979934.0,,,,2.0871391
Venezuela,VEN,2002,South America,25435674.0,,,,2.034169
Venezuela,VEN,2003,South America,25892710.0,,,,1.9791642
Venezuela,VEN,2004,South America,26340843.0,,,,1.9154615
Venezuela,VEN,2005,South America,26785797.0,,,,1.8497981
Venezuela,VEN,2006,South America,27224691.0,,,,1.790654
Venezuela,VEN,2007,South America,27649369.0,,,,1.7445743
Venezuela,VEN,2008,South America,28053694.0,,,,1.7170498
Venezuela,VEN,2009,South America,28438296.0,,,,1.7103938
Venezuela,VEN,2010,South America,28813101.0,,,,1.7184684
Venezuela,VEN,2011,South America,29185220.0,,,,1.7354228
Venezuela,VEN,2012,South America,29553829.0,,,,1.759705
Venezuela,VEN,2013,South America,29912195.0,,,,1.7911803
Venezuela,VEN,2014,South America,30254080.0,,,,1.8285471
Venezuela,VEN,2015,South America,30573968.0,,,,1.912
Venezuela,VEN,2016,South America,30765719.0,,,,2.42
Venezuela,VEN,2017,South America,30565331.0,,,,2.42
Venezuela,VEN,2018,South America,29807591.0,,,,2.42
Venezuela,VEN,2019,South America,28938096.0,,79.020164,,2.42
Venezuela,VEN,2020,South America,28444080.0,,98.025925,,2.42
Venezuela,VEN,2021,South America,28237830.0,,104.10767,79.020164,2.42
Vietnam,VNM,2000,Asia,77154016.0,4349.2236,107.37561,,3.0279279
Vietnam,VNM,2001,Asia,77969357.0,4570.2686,134.8541,,2.9010298
Vietnam,VNM,2002,Asia,78772227.0,4809.6216,116.19513,107.37561,2.7900965
Vietnam,VNM,2003,Asia,79563778.0,5090.29,127.72142,134.8541,2.6920922
Vietnam,VNM,2004,Asia,80338977.0,5421.097,157.80429,116.19513,2.6086078
Vietnam,VNM,2005,Asia,81088309.0,5776.3633,168.13667,127.72142,2.5374618
Vietnam,VNM,2006,Asia,82167901.0,6098.245,193.64056,157.80429,2.4777055
Vietnam,VNM,2007,Asia,83633374.0,6418.544,212.05305,168.13667,2.4276872
Vietnam,VNM,2008,Asia,85175789.0,6659.1357,211.21503,193.64056,2.3828115
Vietnam,VNM,2009,Asia,86460023.0,6914.339,226.97528,212.05305,2.3448966
Vietnam,VNM,2010,Asia,87455148.0,7274.733,273.31213,211.21503,2.3113205
Vietnam,VNM,2011,Asia,88468315.0,7652.619,287.84143,226.97528,2.2812889
Vietnam,VNM,2012,Asia,89510355.0,7979.868,318.95355,273.31213,2.2545867
Vietnam,VNM,2013,Asia,90573103.0,8324.198,298.2032,287.84143,2.225116
Vietnam,VNM,2014,Asia,91679582.0,8751.883,342.28113,318.95355,2.1951344
Vietnam,VNM,2015,Asia,92823254.0,9248.024,361.4396,298.2032,2.1635342
Vietnam,VNM,2016,Asia,94000115.0,9743.188,407.8341,342.28113,2.1285655
Vietnam,VNM,2017,Asia,95176978.0,10290.549,457.58316,361.4396,2.0888336
Vietnam,VNM,2018,Asia,96237319.0,10936.894,503.18008,407.8341,2.0468342
Vietnam,VNM,2019,Asia,97173778.0,11628.614,548.6043,457.58316,2.0009522
Vietnam,VNM,2020,Asia,98079196.0,11851.396,502.9387,503.18008,1.9492346
Vietnam,VNM,2021,Asia,98935101.0,12048.902,546.7701,548.6043,1.8944197
Yemen,YEM,2000,Asia,19624139.0,,122.418495,,9.290925
Yemen,YEM,2001,Asia,20226146.0,,133.60901,,8.820334
Yemen,YEM,2002,Asia,20835092.0,,133.78433,122.418495,8.349773
Yemen,YEM,2003,Asia,21456379.0,,163.7506,133.60901,7.8962507
Yemen,YEM,2004,Asia,22095161.0,,162.60855,133.78433,7.4656553
Yemen,YEM,2005,Asia,22790082.0,,162.07915,163.7506,7.0609403
Yemen,YEM,2006,Asia,23543090.0,,177.22887,162.60855,6.6854606
Yemen,YEM,2007,Asia,24318090.0,,191.71207,162.07915,6.3403244
Yemen,YEM,2008,Asia,25111941.0,,194.14778,177.22887,6.0216813
Yemen,YEM,2009,Asia,25927723.0,,204.16216,191.71207,5.745929
Yemen,YEM,2010,Asia,26754383.0,,185.89195,194.14778,5.5010757
Yemen,YEM,2011,Asia,27582902.0,,148.49336,204.16216,5.3103695
Yemen,YEM,2012,Asia,28433655.0,,156.13373,185.89195,5.157529
Yemen,YEM,2013,Asia,29312955.0,,156.9772,148.49336,4.964472
Yemen,YEM,2014,Asia,30226311.0,,181.91896,156.13373,4.8656197
Yemen,YEM,2015,Asia,31159378.0,,142.58134,156.9772,4.927859
Yemen,YEM,2016,Asia,32109023.0,,150.42462,181.91896,4.7945275
Yemen,YEM,2017,Asia,33090923.0,,148.99025,142.58134,4.7465887
Yemen,YEM,2018,Asia,34085181.0,,166.31094,150.42462,4.725176
Yemen,YEM,2019,Asia,35111416.0,,202.29665,148.99025,4.612248
Yemen,YEM,2020,Asia,36134867.0,,193.4439,166.31094,4.3398085
Yemen,YEM,2021,Asia,37140234.0,,157.92393,202.29665,4.26361
Zambia,ZMB,2000,Africa,10017633.0,2220.5654,70.395775,,15.175622
Zambia,ZMB,2001,Africa,10325186.0,2268.9697,85.30145,,14.318814
Zambia,ZMB,2002,Africa,10647955.0,2299.333,108.17445,70.395775,13.285542
Zambia,ZMB,2003,Africa,10983604.0,2383.8762,116.44682,85.30145,12.209103
Zambia,ZMB,2004,Africa,11338201.0,2471.7207,113.03122,108.17445,11.171408
Zambia,ZMB,2005,Africa,11718819.0,2564.4756,140.0895,116.44682,10.265944
Zambia,ZMB,2006,Africa,12129560.0,2673.4614,132.63,113.03122,9.476828
Zambia,ZMB,2007,Africa,12565093.0,2796.353,116.49238,140.0895,8.907282
Zambia,ZMB,2008,Africa,13021327.0,2908.1436,121.690506,132.63,8.423194
Zambia,ZMB,2009,Africa,13490395.0,3065.8442,150.10526,116.49238,7.84234
Zambia,ZMB,2010,Africa,13965592.0,3266.5076,128.06586,121.690506,7.4334364
Zambia,ZMB,2011,Africa,14437796.0,3335.6433,127.8205,150.10526,7.183955
Zambia,ZMB,2012,Africa,14913631.0,3474.5525,134.45493,128.06586,6.921508
Zambia,ZMB,2013,Africa,15399000.0,3535.2246,159.04755,127.8205,6.598356
Zambia,ZMB,2014,Africa,15895320.0,3585.5774,131.77628,134.45493,6.2575645
Zambia,ZMB,2015,Africa,16399092.0,3576.9255,147.84148,159.04755,6.0160255
Zambia,ZMB,2016,Africa,16914428.0,3598.1716,148.08133,131.77628,5.7137985
Zambia,ZMB,2017,Africa,17441328.0,3612.5059,162.17279,147.84148,5.515335
Zambia,ZMB,2018,Africa,17973574.0,3646.9597,164.19559,148.08133,5.4675245
Zambia,ZMB,2019,Africa,18513839.0,3591.5642,227.00629,162.17279,5.347572
Zambia,ZMB,2020,Africa,19059394.0,3391.5955,199.12292,164.19559,5.2471094
Zambia,ZMB,2021,Africa,19603610.0,3503.035,232.58458,227.00629,5.035439
Zimbabwe,ZWE,2000,Africa,11892055.0,6170.361,,,9.939153
Zimbabwe,ZWE,2001,Africa,11971904.0,6217.439,,,9.63133
Zimbabwe,ZWE,2002,Africa,12087661.0,5610.216,,,9.383828
Zimbabwe,ZWE,2003,Africa,12232324.0,4601.6807,,,9.187631
Zimbabwe,ZWE,2004,Africa,12365901.0,4287.6167,,,9.120209
Zimbabwe,ZWE,2005,Africa,12483433.0,4004.682,,,9.163381
Zimbabwe,ZWE,2006,Africa,12636442.0,3819.25,,,8.76405
Zimbabwe,ZWE,2007,Africa,12804062.0,3631.5535,,,9.058225
Zimbabwe,ZWE,2008,Africa,12959154.0,2954.112,,,9.111978
Zimbabwe,ZWE,2009,Africa,13142791.0,3299.428,,,8.981939
Zimbabwe,ZWE,2010,Africa,13356551.0,3885.4106,181.70712,,8.524889
Zimbabwe,ZWE,2011,Africa,13595421.0,4358.945,161.1051,,7.716455
Zimbabwe,ZWE,2012,Africa,13817887.0,5003.509,157.15567,181.70712,6.799146
Zimbabwe,ZWE,2013,Africa,14013811.0,5031.7095,175.99661,161.1051,6.2633615
Zimbabwe,ZWE,2014,Africa,14207367.0,5081.1343,207.69014,157.15567,5.9824157
Zimbabwe,ZWE,2015,Africa,14399008.0,5102.7363,197.22922,175.99661,5.9236784
Zimbabwe,ZWE,2016,Africa,14600297.0,5070.4243,203.00916,207.69014,5.751747
Zimbabwe,ZWE,2017,Africa,14812484.0,5234.4067,149.76793,197.22922,5.6740646
Zimbabwe,ZWE,2018,Africa,15034457.0,5415.493,114.42487,203.00916,5.633786
Zimbabwe,ZWE,2019,Africa,15271377.0,4993.865,89.96507,149.76793,5.864005
Zimbabwe,ZWE,2020,Africa,15526887.0,4527.7393,103.77916,114.42487,6.1654434
Zimbabwe,ZWE,2021,Africa,15797220.0,4827.1094,85.05254,89.96507,6.237477
